right_hip_roll,right_hip_pitch,right_knee,left_hip_roll,left_hip_pitch,left_knee,torso,left_hip_yaw,right_hip_yaw,left_ankle,right_ankle,right_shoulder_pitch,right_shoulder_roll,right_shoulder_yaw,right_elbow,left_shoulder_pitch,left_shoulder_roll,left_shoulder_yaw,left_elbow
0.231570,-0.110754,0.452313,-0.222247,-0.079186,0.510658,0.004648,-0.003916,0.105083,-0.869800,-0.860995,0.000410,0.001131,1.308051,1.569074,0.000421,0.000000,-1.307658,1.569316
0.231312,-0.111119,0.452877,-0.222025,-0.079608,0.511148,0.004618,-0.003912,0.104978,-0.869440,-0.860623,0.000821,0.001171,1.306741,1.567443,0.000810,0.000000,-1.306288,1.567715
0.231029,-0.111534,0.453410,-0.221828,-0.080029,0.511637,0.004614,-0.003908,0.104873,-0.869060,-0.860314,0.001252,0.001233,1.305341,1.565751,0.001210,-0.000021,-1.304587,1.565872
0.230721,-0.111949,0.453974,-0.221580,-0.080450,0.512127,0.004583,-0.003879,0.104742,-0.868710,-0.859952,0.001663,0.001232,1.303851,1.563879,0.001610,-0.000021,-1.302977,1.563759
0.230490,-0.112364,0.454522,-0.221383,-0.080897,0.512617,0.004604,-0.003900,0.104637,-0.868351,-0.859601,0.002063,0.001241,1.302090,1.561797,0.002031,-0.000010,-1.301156,1.561436
0.230131,-0.112779,0.455118,-0.221211,-0.081343,0.513107,0.004549,-0.003896,0.104532,-0.867949,-0.859219,0.002473,0.001219,1.300421,1.559445,0.002421,-0.000010,-1.299127,1.558873
0.229823,-0.113219,0.455698,-0.221014,-0.081815,0.513613,0.004570,-0.003892,0.104401,-0.867579,-0.858868,0.002894,0.001228,1.298481,1.556222,0.002821,-0.000010,-1.297218,1.556584
0.229516,-0.113634,0.456246,-0.220842,-0.082287,0.514118,0.004565,-0.003863,0.104296,-0.867209,-0.858486,0.003283,0.001237,1.296302,1.552763,0.003262,0.000000,-1.295041,1.554085
0.229132,-0.114074,0.456826,-0.220670,-0.082734,0.514608,0.004586,-0.003885,0.104191,-0.866839,-0.858135,0.003725,0.001246,1.293855,1.548767,0.003735,0.000000,-1.292985,1.550868
0.228699,-0.114540,0.457437,-0.220448,-0.083180,0.515114,0.004556,-0.003881,0.104086,-0.866468,-0.857763,0.004197,0.001224,1.291381,1.544717,0.004249,0.000021,-1.290901,1.547115
0.228367,-0.115005,0.458001,-0.220200,-0.083702,0.515603,0.004577,-0.003902,0.103956,-0.866088,-0.857391,0.004607,0.001223,1.288489,1.540401,0.004721,0.000021,-1.288579,1.543216
0.228009,-0.115495,0.458612,-0.219927,-0.084199,0.516109,0.004547,-0.003873,0.103825,-0.865718,-0.857040,0.005028,0.001222,1.285302,1.536391,0.005214,0.000041,-1.285810,1.538904
0.227602,-0.115985,0.459207,-0.219729,-0.084771,0.516615,0.004567,-0.003894,0.103720,-0.865348,-0.856669,0.005459,0.001221,1.281670,1.530891,0.005769,0.000238,-1.283164,1.534268
0.227296,-0.116576,0.459818,-0.219456,-0.085343,0.517104,0.004563,-0.003915,0.103615,-0.864957,-0.856307,0.005920,0.001230,1.277714,1.525429,0.006416,0.000827,-1.280043,1.530415
0.227015,-0.117166,0.460413,-0.219183,-0.085965,0.517641,0.004608,-0.003937,0.103485,-0.864576,-0.855925,0.006341,0.001239,1.273287,1.519916,0.007218,0.001889,-1.276717,1.526030
0.226734,-0.117832,0.461008,-0.218936,-0.086637,0.518162,0.004629,-0.003958,0.103355,-0.864206,-0.855554,0.006751,0.001217,1.267734,1.513963,0.007978,0.003207,-1.273186,1.521590
0.226428,-0.118597,0.461619,-0.218688,-0.087333,0.518699,0.004649,-0.003929,0.103224,-0.863846,-0.855203,0.007161,0.001205,1.262904,1.508288,0.008943,0.004646,-1.268797,1.516889
0.226148,-0.119437,0.462198,-0.218440,-0.088105,0.519220,0.004645,-0.003925,0.103094,-0.863466,-0.854810,0.007560,0.001225,1.256921,1.500896,0.010205,0.006144,-1.264920,1.512135
0.225842,-0.120376,0.462840,-0.218168,-0.089001,0.519726,0.004615,-0.003896,0.102989,-0.863075,-0.854439,0.008011,0.001224,1.251097,1.492893,0.011528,0.007536,-1.260305,1.507625
0.225512,-0.121239,0.463481,-0.217870,-0.089770,0.520262,0.004585,-0.003892,0.102859,-0.862705,-0.854077,0.008534,0.001222,1.244540,1.484843,0.013115,0.009285,-1.255014,1.501904
0.225206,-0.122227,0.464138,-0.217598,-0.090740,0.520783,0.004580,-0.003888,0.102754,-0.862315,-0.853716,0.009057,0.001221,1.237460,1.476747,0.014731,0.011040,-1.249199,1.496104
0.224851,-0.123287,0.464811,-0.217225,-0.091808,0.521304,0.004551,-0.003909,0.102624,-0.861944,-0.853334,0.009764,0.001210,1.230422,1.468902,0.016375,0.012936,-1.242445,1.490134
0.224522,-0.124647,0.465514,-0.216829,-0.092875,0.521856,0.004571,-0.003880,0.102494,-0.861523,-0.852963,0.010797,0.001208,1.225052,1.461513,0.017453,0.015001,-1.236264,1.484054
0.224192,-0.126503,0.466217,-0.216357,-0.093965,0.522407,0.004566,-0.003901,0.102390,-0.861071,-0.852612,0.011861,0.001207,1.218804,1.452275,0.018162,0.017349,-1.229118,1.477866
0.223838,-0.128332,0.467060,-0.215836,-0.095328,0.523037,0.004611,-0.003897,0.102260,-0.860589,-0.852251,0.012943,0.001206,1.212124,1.442935,0.018839,0.019170,-1.223076,1.472160
0.223508,-0.129734,0.468151,-0.215341,-0.097337,0.523697,0.004706,-0.003893,0.102155,-0.860148,-0.851879,0.013861,0.001194,1.204304,1.433109,0.019965,0.021488,-1.216720,1.465254
0.223155,-0.131408,0.469335,-0.214772,-0.100163,0.524420,0.004702,-0.003963,0.102000,-0.859604,-0.851477,0.014777,0.001203,1.195555,1.422711,0.021293,0.024118,-1.209932,1.457769
0.222876,-0.133203,0.470595,-0.214253,-0.101966,0.525374,0.004697,-0.004034,0.101871,-0.859001,-0.851126,0.015784,0.001202,1.187057,1.413097,0.022589,0.026996,-1.201920,1.450090
0.222522,-0.134772,0.471713,-0.213635,-0.103915,0.526530,0.004642,-0.004005,0.101741,-0.858621,-0.850765,0.016627,0.001211,1.179692,1.404235,0.024270,0.029818,-1.194303,1.441984
0.222119,-0.136934,0.472629,-0.213241,-0.106133,0.527730,0.004613,-0.003976,0.101587,-0.858231,-0.850393,0.017581,0.001210,1.170929,1.392656,0.026040,0.032522,-1.184850,1.434125
0.221841,-0.139215,0.473576,-0.212848,-0.108769,0.529084,0.004558,-0.003972,0.101383,-0.857821,-0.850032,0.018433,0.001188,1.162680,1.381480,0.028202,0.034611,-1.175678,1.427425
0.221364,-0.141394,0.474366,-0.212455,-0.111127,0.530003,0.004554,-0.003992,0.101229,-0.857432,-0.849559,0.019425,0.001207,1.154446,1.369913,0.030351,0.037578,-1.166844,1.418918
0.221111,-0.143100,0.475110,-0.212013,-0.112889,0.530813,0.004598,-0.003964,0.101025,-0.857063,-0.849168,0.020396,0.001216,1.144734,1.358426,0.031970,0.040620,-1.158231,1.409810
0.220685,-0.145469,0.475823,-0.211646,-0.114993,0.531684,0.004594,-0.003959,0.100723,-0.856673,-0.848786,0.021203,0.001215,1.133927,1.346872,0.033059,0.043747,-1.148903,1.400660
0.220358,-0.147736,0.476473,-0.211279,-0.117637,0.532586,0.004614,-0.003931,0.100495,-0.856223,-0.848415,0.022233,0.001214,1.124164,1.334580,0.034521,0.046756,-1.138071,1.390970
0.220006,-0.149531,0.477093,-0.210912,-0.119808,0.533517,0.004633,-0.003927,0.100243,-0.855793,-0.847983,0.023220,0.001202,1.114593,1.322252,0.036345,0.049719,-1.126997,1.381298
0.219655,-0.151716,0.477743,-0.210521,-0.122196,0.534585,0.004629,-0.003923,0.100016,-0.855404,-0.847592,0.024388,0.001201,1.104368,1.309713,0.038347,0.052584,-1.116906,1.371789
0.219304,-0.154636,0.478516,-0.210130,-0.125220,0.536129,0.004599,-0.003943,0.099888,-0.854985,-0.847201,0.025726,0.001210,1.095911,1.298945,0.040335,0.055463,-1.106688,1.361772
0.218953,-0.156690,0.479549,-0.209813,-0.127993,0.537441,0.004619,-0.003914,0.099784,-0.854555,-0.846790,0.027233,0.001209,1.084675,1.285781,0.041717,0.058478,-1.098583,1.351220
0.218553,-0.159305,0.480521,-0.209399,-0.130540,0.538490,0.004614,-0.003935,0.099656,-0.854106,-0.846308,0.028859,0.001217,1.073780,1.272904,0.042834,0.061496,-1.087877,1.340542
0.218227,-0.162210,0.481598,-0.208984,-0.134039,0.539721,0.004683,-0.003882,0.099552,-0.853687,-0.845696,0.030582,0.001196,1.064444,1.259644,0.044060,0.064507,-1.076436,1.329912
0.217853,-0.164766,0.482935,-0.208644,-0.136576,0.541196,0.004703,-0.003853,0.099399,-0.853258,-0.844813,0.032373,0.001195,1.054082,1.246409,0.045325,0.067492,-1.066119,1.318634
0.217479,-0.167514,0.484101,-0.208230,-0.139671,0.543082,0.004698,-0.003874,0.099197,-0.852778,-0.843591,0.034321,0.001204,1.042637,1.232504,0.046748,0.069919,-1.056169,1.308941
0.217178,-0.170061,0.485557,-0.207866,-0.141978,0.544629,0.004644,-0.003796,0.099045,-0.852250,-0.842160,0.036357,0.001192,1.031301,1.218190,0.048360,0.072792,-1.045426,1.295619
0.216829,-0.172604,0.487850,-0.207502,-0.144599,0.546311,0.004590,-0.003695,0.098819,-0.851691,-0.840591,0.038188,0.001191,1.019292,1.204251,0.049689,0.075118,-1.034415,1.282062
0.216602,-0.175532,0.490459,-0.207066,-0.148410,0.549133,0.004537,-0.003837,0.098618,-0.851063,-0.838914,0.040457,0.001200,1.010253,1.188981,0.051255,0.077549,-1.024464,1.272198
0.216375,-0.178089,0.491968,-0.206775,-0.150265,0.550839,0.004507,-0.003809,0.098515,-0.850525,-0.837910,0.042761,0.001199,1.000335,1.178848,0.052839,0.079375,-1.014012,1.264055
0.216050,-0.181129,0.495422,-0.206558,-0.153699,0.554277,0.004600,-0.003805,0.098460,-0.849828,-0.836677,0.044553,0.001197,0.984643,1.160201,0.053932,0.083313,-1.000871,1.248086
0.215799,-0.184479,0.497608,-0.206196,-0.157029,0.556310,0.004449,-0.003776,0.098308,-0.849410,-0.835905,0.046711,0.001196,0.975316,1.149221,0.055492,0.085797,-0.991469,1.234279
0.215499,-0.187434,0.500125,-0.205954,-0.159502,0.558553,0.004493,-0.003675,0.098229,-0.849043,-0.835173,0.049073,0.001185,0.963303,1.134206,0.057029,0.087937,-0.978663,1.220123
0.215176,-0.189995,0.502441,-0.205641,-0.162530,0.560883,0.004464,-0.003599,0.098053,-0.848646,-0.834781,0.051621,0.001174,0.952376,1.119306,0.058454,0.089128,-0.967231,1.207633
0.214949,-0.193327,0.505828,-0.205351,-0.164897,0.563633,0.004411,-0.003595,0.097877,-0.848249,-0.834398,0.054154,0.001172,0.940121,1.104522,0.060185,0.089948,-0.955907,1.191693
0.214674,-0.195975,0.508649,-0.205110,-0.167575,0.566333,0.004431,-0.003591,0.097749,-0.847842,-0.834046,0.056286,0.001181,0.926742,1.089565,0.061725,0.090081,-0.944261,1.176988
0.214399,-0.199295,0.511708,-0.204773,-0.171288,0.569708,0.004450,-0.003757,0.097622,-0.847464,-0.833623,0.058949,0.001180,0.917114,1.076642,0.063093,0.090581,-0.930432,1.163515
0.214148,-0.202391,0.514685,-0.204556,-0.174027,0.571794,0.004325,-0.003632,0.097591,-0.847038,-0.833201,0.061835,0.001179,0.904642,1.061112,0.064133,0.090881,-0.919950,1.147665
0.213800,-0.204974,0.516933,-0.204268,-0.177220,0.575022,0.004344,-0.003580,0.097464,-0.846532,-0.832760,0.064735,0.001187,0.892281,1.046785,0.065675,0.090706,-0.908401,1.134360
0.213598,-0.208349,0.520233,-0.203931,-0.180262,0.578290,0.004340,-0.003576,0.097264,-0.845977,-0.832348,0.067700,0.001186,0.879401,1.031057,0.067176,0.090373,-0.896703,1.117683
0.213323,-0.210946,0.523391,-0.203714,-0.183033,0.581176,0.004335,-0.003500,0.097065,-0.845087,-0.831847,0.070412,0.001175,0.867459,1.015789,0.068457,0.089852,-0.884287,1.101153
0.213097,-0.214982,0.526678,-0.203402,-0.186522,0.584492,0.004330,-0.003472,0.096889,-0.843872,-0.831268,0.073908,0.001174,0.855455,1.002032,0.070002,0.089136,-0.871239,1.084656
0.212846,-0.217904,0.529404,-0.203114,-0.189162,0.586631,0.004326,-0.003468,0.096786,-0.842098,-0.830709,0.077259,0.001172,0.844158,0.988473,0.071949,0.088519,-0.861519,1.067850
0.212548,-0.221493,0.532396,-0.202874,-0.192781,0.589772,0.004297,-0.003513,0.096587,-0.840228,-0.830200,0.080712,0.001171,0.831376,0.972268,0.073882,0.087992,-0.849685,1.051134
0.212322,-0.224764,0.536386,-0.202610,-0.195866,0.592862,0.004293,-0.003485,0.096413,-0.837821,-0.829799,0.084375,0.001180,0.819499,0.957628,0.076176,0.087416,-0.837306,1.037291
0.211904,-0.227189,0.540324,-0.202441,-0.198514,0.596215,0.004288,-0.003481,0.096238,-0.835713,-0.829418,0.087972,0.001178,0.807902,0.941742,0.078436,0.085546,-0.825122,1.019731
0.211654,-0.231572,0.543716,-0.202225,-0.202258,0.599697,0.004307,-0.003478,0.096016,-0.833972,-0.829008,0.091032,0.001187,0.794825,0.925971,0.080202,0.082972,-0.813699,1.002177
0.211380,-0.234226,0.546967,-0.201985,-0.205062,0.603083,0.004279,-0.003498,0.095770,-0.833419,-0.828549,0.094821,0.001176,0.784011,0.914196,0.082435,0.080649,-0.801733,0.986046
0.211082,-0.238307,0.550765,-0.201769,-0.208721,0.605433,0.004298,-0.003470,0.095452,-0.833052,-0.828168,0.098466,0.001175,0.771719,0.898230,0.084958,0.078586,-0.791204,0.969749
0.210832,-0.241282,0.554064,-0.201530,-0.211657,0.609046,0.004294,-0.003443,0.094992,-0.832686,-0.827728,0.102231,0.001164,0.759904,0.883144,0.087691,0.076448,-0.778633,0.952778
0.210606,-0.245515,0.557386,-0.201266,-0.215182,0.612875,0.004265,-0.003486,0.094533,-0.832320,-0.827289,0.106135,0.001162,0.747407,0.868455,0.090038,0.074549,-0.767019,0.938861
0.210309,-0.247573,0.561089,-0.201050,-0.218297,0.616667,0.004261,-0.003435,0.094146,-0.831944,-0.826792,0.109290,0.001171,0.734343,0.853542,0.092419,0.072508,-0.755682,0.922124
0.209988,-0.252077,0.565380,-0.200834,-0.222285,0.620036,0.004256,-0.003455,0.093712,-0.831519,-0.826207,0.113452,0.001170,0.722488,0.837927,0.094689,0.070559,-0.742931,0.905872
0.209738,-0.255075,0.569425,-0.200618,-0.225291,0.623191,0.004251,-0.003404,0.093326,-0.831055,-0.825564,0.117489,0.001178,0.712542,0.825212,0.097705,0.068536,-0.732147,0.889569
0.209418,-0.259253,0.572528,-0.200402,-0.228671,0.627126,0.004247,-0.003377,0.092751,-0.830621,-0.824688,0.121723,0.001177,0.699637,0.809825,0.100141,0.066526,-0.720485,0.873607
0.209192,-0.262096,0.576040,-0.200186,-0.231547,0.630712,0.004219,-0.003397,0.091988,-0.830158,-0.823406,0.125977,0.001176,0.687796,0.794723,0.102329,0.064920,-0.709520,0.860793
0.208966,-0.265454,0.579959,-0.199970,-0.233990,0.634322,0.004238,-0.003369,0.091273,-0.829598,-0.821766,0.129320,0.001165,0.676008,0.779791,0.105106,0.063103,-0.697456,0.844192
0.208764,-0.268190,0.583931,-0.199754,-0.237896,0.637939,0.004233,-0.003389,0.090772,-0.828932,-0.820023,0.133742,0.001154,0.664579,0.765674,0.107673,0.061309,-0.684548,0.828661
0.208515,-0.272079,0.587835,-0.199538,-0.240660,0.641800,0.004229,-0.003386,0.090225,-0.828237,-0.818243,0.137981,0.001172,0.654125,0.753096,0.110226,0.059529,-0.674939,0.812434
0.208336,-0.274992,0.591556,-0.199322,-0.244598,0.645152,0.004224,-0.003406,0.089538,-0.827689,-0.816990,0.142212,0.001161,0.641512,0.737693,0.112475,0.057936,-0.663617,0.796743
0.208087,-0.278771,0.595843,-0.199106,-0.247138,0.649131,0.004196,-0.003378,0.088804,-0.827256,-0.815776,0.145979,0.001150,0.630376,0.723773,0.114970,0.056684,-0.651983,0.784490
0.207861,-0.281319,0.599696,-0.198867,-0.250002,0.653309,0.004144,-0.003398,0.088049,-0.826708,-0.814671,0.149913,0.001139,0.619124,0.709045,0.117886,0.055378,-0.640233,0.768525
0.207659,-0.283932,0.603438,-0.198651,-0.252626,0.657125,0.004069,-0.003348,0.087059,-0.826132,-0.813443,0.153077,0.001157,0.606669,0.694236,0.119870,0.054189,-0.628396,0.753262
0.207457,-0.287409,0.607496,-0.198458,-0.255573,0.660860,0.004018,-0.003320,0.086001,-0.825604,-0.811282,0.156572,0.001146,0.596382,0.682018,0.122091,0.052994,-0.617279,0.738280
0.207231,-0.289894,0.610872,-0.198219,-0.259219,0.664090,0.003990,-0.003293,0.085063,-0.825067,-0.808730,0.160157,0.001155,0.585227,0.667100,0.124779,0.052138,-0.608130,0.723329
0.207006,-0.293756,0.614783,-0.198027,-0.261779,0.668222,0.003892,-0.003266,0.084150,-0.824482,-0.805366,0.163263,0.001134,0.574677,0.653241,0.127588,0.051475,-0.596528,0.711241
0.206803,-0.296112,0.619082,-0.197787,-0.265457,0.672301,0.003864,-0.003216,0.083426,-0.824013,-0.802604,0.166123,0.001152,0.563623,0.639715,0.129939,0.050565,-0.585588,0.696293
0.206554,-0.299914,0.623241,-0.197595,-0.267725,0.676373,0.003860,-0.003283,0.082563,-0.823496,-0.799905,0.169092,0.001160,0.552729,0.626744,0.132075,0.050097,-0.575696,0.681459
0.206352,-0.301932,0.627041,-0.197355,-0.269919,0.680421,0.003902,-0.003256,0.081608,-0.822922,-0.797029,0.171729,0.001159,0.541996,0.613385,0.134581,0.049784,-0.565685,0.667847
0.206126,-0.304273,0.630965,-0.197163,-0.272458,0.684272,0.003851,-0.003299,0.080421,-0.822129,-0.794322,0.173510,0.001129,0.532226,0.599611,0.136766,0.049375,-0.554506,0.654041
0.205923,-0.307635,0.635114,-0.196924,-0.274549,0.688217,0.003754,-0.003225,0.078771,-0.821021,-0.791275,0.175689,0.001137,0.520846,0.586942,0.139157,0.049111,-0.543019,0.640484
0.205744,-0.309523,0.639284,-0.196661,-0.277289,0.692009,0.003796,-0.003222,0.077311,-0.819390,-0.788168,0.177883,0.001146,0.511752,0.576093,0.141524,0.048962,-0.534784,0.626873
0.205518,-0.312617,0.642690,-0.196399,-0.280022,0.694965,0.003792,-0.003218,0.076062,-0.817437,-0.784676,0.179939,0.001135,0.500775,0.562125,0.144231,0.048898,-0.524746,0.613566
0.205200,-0.315379,0.647644,-0.196113,-0.282518,0.698946,0.003858,-0.003215,0.075258,-0.815678,-0.781790,0.181657,0.001143,0.490730,0.549260,0.146970,0.048845,-0.514289,0.602681
0.204927,-0.317231,0.651818,-0.195781,-0.284684,0.703064,0.003830,-0.003234,0.074711,-0.813332,-0.778588,0.183201,0.001132,0.481063,0.537246,0.149189,0.048781,-0.503634,0.588877
0.204563,-0.320516,0.655840,-0.195427,-0.287194,0.706985,0.003780,-0.003231,0.074328,-0.810734,-0.775115,0.184486,0.001131,0.469713,0.524682,0.151120,0.048690,-0.493220,0.575760
0.204221,-0.322312,0.660055,-0.195049,-0.289305,0.710710,0.003868,-0.003204,0.074014,-0.807923,-0.771460,0.186072,0.001139,0.458991,0.512500,0.153673,0.048617,-0.483734,0.563412
0.203926,-0.324452,0.664147,-0.194487,-0.291527,0.714529,0.003818,-0.003247,0.073655,-0.805477,-0.767471,0.187588,0.001129,0.451469,0.502508,0.156193,0.048497,-0.476130,0.551227
0.203655,-0.326934,0.667725,-0.193971,-0.293861,0.717184,0.003721,-0.003220,0.073388,-0.803425,-0.764645,0.188998,0.001127,0.441911,0.490813,0.158414,0.048386,-0.465970,0.538931
0.203383,-0.328764,0.672609,-0.193341,-0.295797,0.720556,0.003786,-0.003147,0.073192,-0.801376,-0.760624,0.190386,0.001117,0.432673,0.479115,0.160782,0.048238,-0.456076,0.526660
0.203158,-0.330937,0.677151,-0.192620,-0.297984,0.724022,0.003782,-0.003213,0.072880,-0.799379,-0.756213,0.191724,0.001125,0.422881,0.467223,0.163382,0.048034,-0.447105,0.516710
0.202933,-0.332737,0.681670,-0.191715,-0.300258,0.727409,0.003755,-0.003255,0.072753,-0.796742,-0.752077,0.193013,0.001124,0.413164,0.456448,0.165864,0.047612,-0.438616,0.504761
0.202662,-0.334879,0.686323,-0.190789,-0.302527,0.730775,0.003751,-0.003229,0.072511,-0.794168,-0.747873,0.194119,0.001122,0.404994,0.445341,0.167991,0.047003,-0.429982,0.492783
0.202414,-0.336717,0.690651,-0.189864,-0.304746,0.733775,0.003746,-0.003225,0.072270,-0.791637,-0.743763,0.195130,0.001112,0.396623,0.434040,0.169653,0.046479,-0.421175,0.481783
0.202142,-0.338276,0.695070,-0.188919,-0.307558,0.737185,0.003765,-0.003222,0.071960,-0.789138,-0.738983,0.196516,0.001120,0.386910,0.422845,0.171876,0.046032,-0.412278,0.471024
0.201780,-0.340245,0.699896,-0.188089,-0.309676,0.740645,0.003807,-0.003195,0.071605,-0.786908,-0.734646,0.197908,0.001138,0.377517,0.412868,0.174321,0.045793,-0.403590,0.460451
0.201532,-0.341912,0.704010,-0.187215,-0.311697,0.743568,0.003826,-0.003191,0.071204,-0.785029,-0.730272,0.199429,0.001117,0.370015,0.404920,0.176535,0.045723,-0.395408,0.449547
0.201147,-0.343164,0.708059,-0.186365,-0.313875,0.746028,0.003775,-0.003188,0.070736,-0.782938,-0.726769,0.200938,0.001135,0.361121,0.394009,0.178454,0.045672,-0.388978,0.438531
0.200762,-0.344139,0.711170,-0.185494,-0.315546,0.749126,0.003794,-0.003161,0.070177,-0.780467,-0.722121,0.202529,0.001115,0.353869,0.383553,0.180538,0.045603,-0.380585,0.428676
0.200355,-0.345021,0.715146,-0.184533,-0.317077,0.751476,0.003790,-0.003158,0.069687,-0.777551,-0.718026,0.204144,0.001114,0.345984,0.373769,0.182730,0.045561,-0.372210,0.420626
0.199902,-0.345902,0.719200,-0.183323,-0.318422,0.754534,0.003763,-0.003154,0.069290,-0.775174,-0.713818,0.205775,0.001131,0.337197,0.364654,0.185068,0.045519,-0.364042,0.410270
0.199337,-0.346781,0.723643,-0.182184,-0.320835,0.757770,0.003759,-0.003174,0.068939,-0.772485,-0.709460,0.207450,0.001121,0.329103,0.355235,0.187073,0.045468,-0.356377,0.400260
0.198749,-0.348113,0.727950,-0.181251,-0.322834,0.760659,0.003754,-0.003147,0.068543,-0.769847,-0.705000,0.208897,0.001119,0.321674,0.345216,0.188590,0.045417,-0.349375,0.390487
0.198207,-0.349261,0.731892,-0.180343,-0.324805,0.763641,0.003796,-0.003167,0.068079,-0.767261,-0.700931,0.210668,0.001118,0.314072,0.335919,0.190542,0.045366,-0.342011,0.381650
0.197553,-0.350361,0.736053,-0.179504,-0.327273,0.767128,0.003746,-0.003163,0.067617,-0.764606,-0.696526,0.212305,0.001117,0.307965,0.328416,0.192565,0.045287,-0.335550,0.372348
0.196945,-0.351324,0.739426,-0.178758,-0.329463,0.769672,0.003651,-0.003137,0.067178,-0.761677,-0.692856,0.213864,0.001116,0.300689,0.319076,0.194816,0.045218,-0.327465,0.364759
0.196293,-0.352261,0.743330,-0.177922,-0.331331,0.772338,0.003647,-0.003088,0.066740,-0.759079,-0.688682,0.215430,0.001105,0.292812,0.310239,0.196728,0.045148,-0.319799,0.355334
0.195664,-0.352994,0.747480,-0.177133,-0.332902,0.775409,0.003688,-0.003130,0.066325,-0.756180,-0.684704,0.217085,0.001113,0.284925,0.301127,0.198441,0.045097,-0.313034,0.346492
0.195036,-0.354154,0.751593,-0.176345,-0.335148,0.777966,0.003752,-0.003149,0.065798,-0.753704,-0.680928,0.218403,0.001103,0.277751,0.292222,0.199892,0.045055,-0.306417,0.338178
0.194364,-0.355245,0.755303,-0.175243,-0.336824,0.780474,0.003793,-0.003145,0.065317,-0.751279,-0.676633,0.219997,0.001101,0.272732,0.285769,0.201655,0.045004,-0.299734,0.330149
0.193602,-0.356221,0.758159,-0.174142,-0.338497,0.782950,0.003766,-0.003142,0.064928,-0.748536,-0.673650,0.221421,0.001100,0.266067,0.277808,0.203451,0.044944,-0.294214,0.321630
0.192662,-0.357195,0.761545,-0.173134,-0.340730,0.785195,0.003716,-0.003138,0.064426,-0.745789,-0.669991,0.222630,0.001099,0.259284,0.269837,0.205474,0.044875,-0.286918,0.314410
0.191476,-0.357852,0.765064,-0.172263,-0.342598,0.788152,0.003645,-0.003112,0.064083,-0.743444,-0.666293,0.223680,0.001107,0.252541,0.262071,0.207309,0.044787,-0.279825,0.306407
0.190112,-0.358597,0.768491,-0.171528,-0.344485,0.791104,0.003573,-0.003108,0.063830,-0.740459,-0.662733,0.224608,0.001115,0.245388,0.254135,0.208744,0.044635,-0.273546,0.298873
0.188617,-0.359275,0.772065,-0.170726,-0.346300,0.793558,0.003569,-0.003105,0.063623,-0.737765,-0.659281,0.225663,0.001104,0.238303,0.247651,0.210489,0.044501,-0.267785,0.291408
0.187236,-0.359995,0.775674,-0.169859,-0.348673,0.796400,0.003610,-0.003124,0.063326,-0.735288,-0.657031,0.226615,0.001103,0.233093,0.241953,0.212304,0.044211,-0.263284,0.284146
0.185880,-0.360581,0.778197,-0.168859,-0.350368,0.798074,0.003606,-0.003120,0.063008,-0.732559,-0.654309,0.227603,0.001093,0.227814,0.234781,0.214180,0.043739,-0.257520,0.276820
0.184415,-0.361120,0.781373,-0.167749,-0.351792,0.800611,0.003602,-0.003094,0.062735,-0.729469,-0.651015,0.228533,0.001082,0.222945,0.227916,0.215979,0.043423,-0.251742,0.270808
0.182529,-0.361480,0.784667,-0.166418,-0.352989,0.802473,0.003598,-0.003091,0.062372,-0.726935,-0.647819,0.229389,0.001099,0.217318,0.220563,0.217774,0.043190,-0.245977,0.263671
0.181137,-0.361995,0.787815,-0.165491,-0.354630,0.804945,0.003638,-0.003110,0.061855,-0.723903,-0.644979,0.230142,0.001107,0.211307,0.213412,0.219217,0.042674,-0.239907,0.257290
0.179882,-0.362377,0.790552,-0.164388,-0.355889,0.806938,0.003656,-0.003084,0.061293,-0.721042,-0.642263,0.230931,0.001115,0.206286,0.207914,0.220914,0.042095,-0.233665,0.251266
0.178584,-0.362690,0.793631,-0.163353,-0.356967,0.808843,0.003630,-0.003080,0.060800,-0.718388,-0.640392,0.231617,0.001095,0.200538,0.201504,0.222744,0.041773,-0.229257,0.244701
0.177378,-0.363137,0.796454,-0.162231,-0.357866,0.810467,0.003626,-0.003077,0.060174,-0.715566,-0.638435,0.232248,0.001094,0.195540,0.195241,0.224626,0.041470,-0.224489,0.238125
0.175797,-0.363672,0.799590,-0.160912,-0.358718,0.812865,0.003599,-0.003051,0.059438,-0.712959,-0.635990,0.232824,0.001093,0.190369,0.189596,0.226202,0.041194,-0.219995,0.233010
0.174551,-0.364162,0.802706,-0.159306,-0.359990,0.814856,0.003551,-0.003070,0.058482,-0.709839,-0.632977,0.233462,0.001092,0.185787,0.183833,0.227913,0.041010,-0.215774,0.226855
0.173508,-0.364540,0.805621,-0.158302,-0.361681,0.817701,0.003524,-0.003044,0.057019,-0.707181,-0.630679,0.234099,0.001090,0.181347,0.177898,0.229229,0.040845,-0.211167,0.220950
0.172422,-0.364807,0.808529,-0.157168,-0.363257,0.820056,0.003520,-0.003018,0.055536,-0.704618,-0.628976,0.234817,0.001089,0.177860,0.172738,0.230742,0.040634,-0.207148,0.215346
0.171449,-0.365206,0.810409,-0.156301,-0.364587,0.822047,0.003560,-0.002993,0.054410,-0.702088,-0.627594,0.235651,0.001088,0.173857,0.166933,0.232270,0.040397,-0.202037,0.210173
0.169992,-0.365649,0.813348,-0.155479,-0.365826,0.824075,0.003623,-0.003011,0.053574,-0.699518,-0.625663,0.236385,0.001087,0.169209,0.161953,0.233659,0.040088,-0.197069,0.206085
0.168140,-0.366114,0.815495,-0.154748,-0.367438,0.826292,0.003618,-0.003008,0.053027,-0.697370,-0.623691,0.237234,0.001085,0.164205,0.157167,0.234864,0.039562,-0.192294,0.200934
0.166359,-0.366467,0.818064,-0.154018,-0.368980,0.828298,0.003614,-0.003004,0.052679,-0.694386,-0.621849,0.238146,0.001093,0.159108,0.152418,0.236140,0.039209,-0.188000,0.195429
0.165021,-0.366864,0.820504,-0.153333,-0.370386,0.830505,0.003610,-0.002935,0.052420,-0.691733,-0.619912,0.238983,0.001092,0.154753,0.147731,0.237043,0.039109,-0.184002,0.190275
0.163400,-0.367349,0.823186,-0.152561,-0.371636,0.832681,0.003584,-0.002953,0.052249,-0.689419,-0.617474,0.240062,0.001082,0.150901,0.143133,0.238061,0.039028,-0.180455,0.185654
0.161541,-0.367832,0.825999,-0.151703,-0.372840,0.834550,0.003602,-0.002994,0.052166,-0.686948,-0.615060,0.241104,0.001062,0.148125,0.139585,0.238970,0.038947,-0.177072,0.181355
0.159752,-0.368205,0.828203,-0.151044,-0.374150,0.835826,0.003576,-0.002968,0.051974,-0.684104,-0.613568,0.241981,0.001079,0.144627,0.135058,0.239850,0.038874,-0.174450,0.177039
0.158470,-0.368491,0.830006,-0.150232,-0.375655,0.837921,0.003593,-0.002921,0.051825,-0.681303,-0.612277,0.242893,0.001069,0.141501,0.130827,0.241007,0.038793,-0.171081,0.173433
0.157213,-0.368775,0.831941,-0.149532,-0.376588,0.839574,0.003567,-0.002918,0.051590,-0.679019,-0.610872,0.243534,0.001068,0.137941,0.126372,0.242331,0.038676,-0.167538,0.168670
0.156089,-0.369125,0.834351,-0.148745,-0.377716,0.842029,0.003541,-0.002914,0.051398,-0.676247,-0.609013,0.244164,0.001075,0.134492,0.121798,0.243609,0.038487,-0.163718,0.164227
0.154946,-0.369562,0.836605,-0.148112,-0.378733,0.843769,0.003428,-0.002889,0.051185,-0.673902,-0.606701,0.244821,0.001065,0.131025,0.117751,0.244517,0.038201,-0.159390,0.160337
0.153849,-0.370173,0.838814,-0.147241,-0.379791,0.846133,0.003402,-0.002886,0.051017,-0.671678,-0.604538,0.245575,0.001073,0.127488,0.113868,0.245620,0.037897,-0.155252,0.156689
0.152862,-0.370826,0.840936,-0.146219,-0.381304,0.847729,0.003442,-0.002882,0.050848,-0.669182,-0.603023,0.246461,0.001072,0.124707,0.110742,0.246551,0.037665,-0.152077,0.152868
0.152030,-0.371674,0.842972,-0.145068,-0.382748,0.849254,0.003503,-0.002944,0.050701,-0.666459,-0.601091,0.247364,0.001070,0.121005,0.107237,0.247364,0.037522,-0.148627,0.148901
0.151265,-0.372911,0.844854,-0.143811,-0.384147,0.851075,0.003542,-0.002919,0.050576,-0.663965,-0.599208,0.248354,0.001078,0.117414,0.104023,0.248149,0.037389,-0.145724,0.144814
0.150436,-0.374320,0.847492,-0.142730,-0.385325,0.852579,0.003516,-0.002937,0.050408,-0.662099,-0.597659,0.249511,0.001068,0.113780,0.100456,0.248862,0.037247,-0.143085,0.141610
0.149391,-0.375292,0.850206,-0.141955,-0.386327,0.854704,0.003512,-0.002912,0.050219,-0.659971,-0.596691,0.250737,0.001084,0.110540,0.096794,0.249457,0.036928,-0.140605,0.138209
0.148219,-0.376413,0.852061,-0.141355,-0.387825,0.856310,0.003530,-0.002952,0.050095,-0.657927,-0.596053,0.251739,0.001074,0.107768,0.093269,0.249928,0.036361,-0.138080,0.135276
0.146681,-0.377403,0.854060,-0.140690,-0.389494,0.858386,0.003504,-0.002948,0.049992,-0.656056,-0.595665,0.253031,0.001064,0.105361,0.089675,0.250557,0.035963,-0.135535,0.132683
0.145298,-0.378757,0.855529,-0.140049,-0.390640,0.859647,0.003500,-0.002923,0.049890,-0.654073,-0.595472,0.254259,0.001080,0.103778,0.086857,0.251212,0.035708,-0.133456,0.129942
0.144026,-0.380045,0.857062,-0.139451,-0.391416,0.860582,0.003496,-0.002920,0.049658,-0.651963,-0.595377,0.255431,0.001079,0.101943,0.083433,0.252078,0.035498,-0.130998,0.127028
0.142734,-0.381243,0.858861,-0.138834,-0.392148,0.862081,0.003491,-0.002916,0.049405,-0.649971,-0.595246,0.256777,0.001078,0.100469,0.080628,0.253013,0.035367,-0.128852,0.124427
0.141058,-0.382008,0.860428,-0.138152,-0.392642,0.863401,0.003509,-0.002913,0.049089,-0.647834,-0.595115,0.258006,0.001068,0.098591,0.077779,0.253955,0.035211,-0.126532,0.121144
0.139665,-0.382965,0.862448,-0.137601,-0.393200,0.864652,0.003483,-0.002888,0.048665,-0.646222,-0.594967,0.259118,0.001075,0.096590,0.074860,0.254719,0.035072,-0.124065,0.118148
0.138468,-0.383813,0.863699,-0.136858,-0.393735,0.866598,0.003479,-0.002885,0.048156,-0.644798,-0.594854,0.260518,0.001074,0.094415,0.072203,0.255641,0.034977,-0.121552,0.115515
0.137445,-0.384745,0.865175,-0.136094,-0.394162,0.867977,0.003475,-0.002881,0.047691,-0.643359,-0.594715,0.261686,0.001073,0.092677,0.070313,0.256507,0.034883,-0.119299,0.113066
0.136467,-0.385718,0.866461,-0.135396,-0.394481,0.869112,0.003471,-0.002856,0.047163,-0.641494,-0.594479,0.262835,0.001071,0.090207,0.068301,0.257284,0.034806,-0.116264,0.110724
0.135620,-0.386860,0.867837,-0.134636,-0.394799,0.871020,0.003467,-0.002832,0.046550,-0.639798,-0.594112,0.263770,0.001079,0.087590,0.066598,0.258244,0.034721,-0.113211,0.108793
0.134667,-0.387722,0.869838,-0.133940,-0.394925,0.872243,0.003441,-0.002828,0.045832,-0.637818,-0.593439,0.264555,0.001069,0.085055,0.064746,0.259289,0.034653,-0.110317,0.106258
0.134058,-0.388603,0.871688,-0.133375,-0.395029,0.873450,0.003458,-0.002846,0.045137,-0.635771,-0.592338,0.265207,0.001068,0.082602,0.063051,0.260140,0.034577,-0.107808,0.103704
0.133428,-0.389483,0.873561,-0.132661,-0.395134,0.875067,0.003454,-0.002843,0.044230,-0.633782,-0.590672,0.265858,0.001058,0.080206,0.061182,0.261374,0.034518,-0.105609,0.101080
0.132863,-0.390276,0.875124,-0.131948,-0.395259,0.876202,0.003407,-0.002839,0.043304,-0.631893,-0.588817,0.266639,0.001065,0.078521,0.059671,0.262771,0.034441,-0.104095,0.098411
0.132512,-0.391088,0.876164,-0.131215,-0.395364,0.877068,0.003191,-0.002793,0.042188,-0.630505,-0.586713,0.267418,0.001064,0.076512,0.057786,0.263956,0.034409,-0.102458,0.096127
0.132098,-0.392069,0.877097,-0.130186,-0.395553,0.878703,0.003166,-0.002726,0.041394,-0.629521,-0.585355,0.268440,0.001054,0.074533,0.055980,0.265095,0.034341,-0.101002,0.094501
0.131727,-0.392941,0.878239,-0.129202,-0.395764,0.880016,0.003225,-0.002744,0.040856,-0.628651,-0.584417,0.269538,0.001053,0.072533,0.053878,0.266180,0.034265,-0.099825,0.092855
0.131399,-0.394194,0.879168,-0.128262,-0.396038,0.881274,0.003285,-0.002783,0.040298,-0.627480,-0.583499,0.270399,0.001051,0.070639,0.051729,0.266993,0.034181,-0.098801,0.091388
0.131156,-0.395253,0.880094,-0.127663,-0.396333,0.882991,0.003302,-0.002801,0.039678,-0.626259,-0.582600,0.271327,0.001059,0.068823,0.049636,0.267717,0.034053,-0.097930,0.089999
0.130891,-0.396288,0.881362,-0.126938,-0.396585,0.884084,0.003298,-0.002840,0.038974,-0.624615,-0.581720,0.272254,0.001057,0.067413,0.047949,0.268605,0.033864,-0.097235,0.088763
0.130670,-0.397301,0.882588,-0.126299,-0.396815,0.884897,0.003294,-0.002837,0.038251,-0.622768,-0.580435,0.273015,0.001048,0.065906,0.046065,0.269465,0.033520,-0.096293,0.087355
0.130448,-0.398564,0.883732,-0.125597,-0.396961,0.886131,0.003290,-0.002833,0.036961,-0.621149,-0.579352,0.273687,0.001046,0.064478,0.044336,0.270315,0.033116,-0.095227,0.086350
0.130290,-0.399972,0.884900,-0.124918,-0.397170,0.887441,0.003223,-0.002809,0.035357,-0.619768,-0.578435,0.274289,0.001054,0.063152,0.042785,0.271258,0.032523,-0.094138,0.085148
0.130069,-0.401061,0.886420,-0.124178,-0.397295,0.888472,0.003198,-0.002763,0.034388,-0.618691,-0.577572,0.274942,0.001052,0.062228,0.041163,0.272303,0.031949,-0.092878,0.083699
0.129806,-0.402148,0.887267,-0.123438,-0.397420,0.889632,0.003194,-0.002718,0.033716,-0.617702,-0.576858,0.275378,0.001042,0.061257,0.039794,0.273113,0.031833,-0.091570,0.082353
0.129480,-0.403002,0.887903,-0.122428,-0.397566,0.891143,0.003211,-0.002714,0.033339,-0.616793,-0.575801,0.276038,0.001050,0.060362,0.038354,0.274076,0.031708,-0.090365,0.080960
0.129092,-0.403833,0.888354,-0.121503,-0.397670,0.892049,0.003249,-0.002774,0.033131,-0.615791,-0.574393,0.276730,0.001048,0.059817,0.037388,0.275132,0.031558,-0.089486,0.079496
0.128641,-0.404767,0.888713,-0.120705,-0.397815,0.892756,0.003287,-0.002771,0.032986,-0.614869,-0.572303,0.277318,0.001047,0.059173,0.036376,0.276082,0.031339,-0.088310,0.077812
0.128170,-0.405782,0.889136,-0.120077,-0.397982,0.893724,0.003242,-0.002767,0.032945,-0.614069,-0.570611,0.278042,0.001046,0.058655,0.035390,0.277099,0.031095,-0.086989,0.076380
0.127533,-0.406775,0.889624,-0.119471,-0.398190,0.895029,0.003238,-0.002785,0.032926,-0.613398,-0.569831,0.278594,0.001053,0.058064,0.034605,0.278260,0.030723,-0.085522,0.074604
0.126856,-0.407515,0.890294,-0.118928,-0.398357,0.895900,0.003171,-0.002781,0.032865,-0.612635,-0.569746,0.279273,0.001035,0.057400,0.033970,0.279316,0.030455,-0.084083,0.072833
0.126179,-0.408212,0.891184,-0.118449,-0.398481,0.896575,0.003125,-0.002757,0.032825,-0.611976,-0.569643,0.279737,0.001034,0.056762,0.033212,0.280172,0.030263,-0.082524,0.071214
0.125171,-0.408949,0.892124,-0.117929,-0.398606,0.897196,0.003080,-0.002754,0.032784,-0.611293,-0.569558,0.280251,0.001032,0.056347,0.032555,0.281275,0.030022,-0.081043,0.069771
0.124020,-0.409705,0.893269,-0.117389,-0.398751,0.897751,0.003055,-0.002750,0.032744,-0.610304,-0.569481,0.280807,0.001040,0.055884,0.031703,0.282264,0.029661,-0.079786,0.068331
0.123037,-0.410542,0.894776,-0.116830,-0.398979,0.898591,0.003052,-0.002726,0.032704,-0.609088,-0.569404,0.281116,0.001038,0.055521,0.031049,0.283039,0.029284,-0.078041,0.067141
0.122159,-0.411544,0.896396,-0.116188,-0.399207,0.899506,0.003089,-0.002723,0.032664,-0.607772,-0.569310,0.281423,0.001028,0.055108,0.030422,0.283871,0.029052,-0.076373,0.066272
0.121305,-0.412461,0.897922,-0.115465,-0.399477,0.900199,0.003106,-0.002740,0.032623,-0.606332,-0.569216,0.281612,0.001036,0.054722,0.029649,0.284575,0.028516,-0.074808,0.065455
0.120638,-0.413707,0.899508,-0.114868,-0.399787,0.900736,0.003123,-0.002757,0.032562,-0.604598,-0.569131,0.281758,0.001026,0.054336,0.028828,0.285023,0.028006,-0.073319,0.064664
0.119766,-0.414619,0.900317,-0.114209,-0.400097,0.901156,0.003119,-0.002733,0.032522,-0.603410,-0.569045,0.281904,0.001025,0.053926,0.028205,0.285376,0.027649,-0.071663,0.063923
0.118751,-0.415405,0.900763,-0.113634,-0.400385,0.901510,0.003095,-0.002709,0.032482,-0.602749,-0.568968,0.282051,0.001015,0.053419,0.027560,0.285772,0.027006,-0.070450,0.063233
0.117656,-0.416005,0.901079,-0.113102,-0.400756,0.902083,0.003091,-0.002706,0.032400,-0.602275,-0.568874,0.282205,0.001014,0.052963,0.026989,0.285998,0.026424,-0.068825,0.062667
0.116769,-0.416562,0.901253,-0.112571,-0.401147,0.902848,0.003067,-0.002682,0.032319,-0.601794,-0.568780,0.282351,0.001021,0.052507,0.026443,0.286156,0.025750,-0.067424,0.061980
0.116069,-0.417262,0.901363,-0.112143,-0.401516,0.903726,0.003063,-0.002658,0.032238,-0.601230,-0.568653,0.282497,0.001020,0.052077,0.025924,0.286315,0.025195,-0.066244,0.061319
0.115617,-0.418103,0.901485,-0.111634,-0.401947,0.904436,0.003079,-0.002675,0.032177,-0.600775,-0.568509,0.282660,0.001018,0.051720,0.025356,0.286456,0.024432,-0.065092,0.060586
0.115145,-0.419108,0.901608,-0.111126,-0.402438,0.905132,0.003076,-0.002652,0.032096,-0.600339,-0.568381,0.282832,0.001009,0.051389,0.025058,0.286648,0.023519,-0.064234,0.059830
0.114735,-0.420007,0.901731,-0.110680,-0.402949,0.905775,0.003072,-0.002669,0.031974,-0.600004,-0.568262,0.283003,0.001016,0.050937,0.024735,0.286806,0.022759,-0.063233,0.059174
0.114346,-0.420721,0.901866,-0.110256,-0.403581,0.906826,0.003068,-0.002645,0.031852,-0.599770,-0.568169,0.283199,0.000998,0.050364,0.024487,0.286947,0.022378,-0.062378,0.058688
0.113999,-0.421351,0.901989,-0.109934,-0.404314,0.908040,0.003044,-0.002662,0.031751,-0.599587,-0.568075,0.283379,0.001005,0.049600,0.024262,0.287089,0.022225,-0.061599,0.058107
0.113673,-0.421837,0.902112,-0.109654,-0.405046,0.908908,0.003040,-0.002659,0.031650,-0.599395,-0.567965,0.283567,0.001004,0.048716,0.024015,0.287230,0.022155,-0.061063,0.057503
0.113326,-0.422322,0.902247,-0.109455,-0.406123,0.909735,0.003036,-0.002635,0.031509,-0.599187,-0.567888,0.283763,0.001019,0.047859,0.023864,0.287388,0.022111,-0.060673,0.056755
0.113042,-0.422806,0.902357,-0.109297,-0.407197,0.910853,0.003032,-0.002632,0.031429,-0.598921,-0.567795,0.283950,0.001018,0.046811,0.023689,0.287546,0.022050,-0.060380,0.056105
0.112737,-0.423249,0.902492,-0.109160,-0.408086,0.912147,0.003028,-0.002628,0.031308,-0.598530,-0.567709,0.284163,0.001008,0.045885,0.023563,0.287696,0.021980,-0.060207,0.055457
0.112494,-0.423609,0.902615,-0.109043,-0.408811,0.912803,0.003045,-0.002625,0.031187,-0.597998,-0.567599,0.284358,0.000999,0.044914,0.023390,0.287837,0.021878,-0.060011,0.054954
0.112251,-0.424009,0.902750,-0.108946,-0.409818,0.914028,0.003041,-0.002642,0.031026,-0.596919,-0.567514,0.284604,0.001006,0.043585,0.023216,0.287978,0.021759,-0.059768,0.054261
0.112089,-0.424328,0.902911,-0.108809,-0.410539,0.915389,0.003017,-0.002679,0.030906,-0.596050,-0.567429,0.284841,0.001004,0.042163,0.023067,0.288161,0.021657,-0.059549,0.053473
0.111948,-0.424646,0.903059,-0.108672,-0.411582,0.916229,0.003033,-0.002676,0.030806,-0.594983,-0.567344,0.285077,0.001011,0.040793,0.022870,0.288319,0.021604,-0.059282,0.052663
0.111826,-0.424862,0.903232,-0.108514,-0.412542,0.916777,0.003050,-0.002652,0.030687,-0.593878,-0.567250,0.285330,0.001018,0.039162,0.022721,0.288485,0.021536,-0.059015,0.052023
0.111685,-0.425038,0.903405,-0.108357,-0.413419,0.917260,0.003046,-0.002649,0.030608,-0.592957,-0.567149,0.285591,0.001009,0.038062,0.022526,0.288634,0.021475,-0.058750,0.051431
0.111523,-0.425133,0.903590,-0.108239,-0.414073,0.917629,0.003022,-0.002646,0.030528,-0.591989,-0.567064,0.285835,0.000999,0.036773,0.022378,0.288792,0.021407,-0.058484,0.050865
0.111381,-0.425248,0.903851,-0.108082,-0.414585,0.918073,0.002998,-0.002662,0.030470,-0.591055,-0.566970,0.286038,0.001006,0.035630,0.022230,0.288966,0.021355,-0.058219,0.050276
0.111260,-0.425323,0.904224,-0.107945,-0.415155,0.918529,0.002994,-0.002639,0.030411,-0.589877,-0.566852,0.286240,0.000997,0.034704,0.022083,0.289148,0.021278,-0.057931,0.049427
0.111098,-0.425478,0.904810,-0.107807,-0.415705,0.919022,0.002990,-0.002656,0.030332,-0.588528,-0.566742,0.286451,0.001004,0.033995,0.021983,0.289339,0.021218,-0.057763,0.048651
0.110977,-0.425634,0.905407,-0.107650,-0.416273,0.919426,0.002987,-0.002632,0.030253,-0.587265,-0.566649,0.286669,0.001002,0.033144,0.021813,0.289521,0.021167,-0.057475,0.048019
0.110835,-0.425889,0.906179,-0.107492,-0.416860,0.919841,0.002983,-0.002609,0.030175,-0.586391,-0.566531,0.286929,0.000993,0.032462,0.021690,0.289752,0.021131,-0.057307,0.047413
0.110674,-0.426163,0.907061,-0.107335,-0.417526,0.920206,0.002979,-0.002645,0.030096,-0.585977,-0.566430,0.287262,0.000992,0.032042,0.021544,0.290032,0.021096,-0.057116,0.046879
0.110552,-0.426437,0.908215,-0.107198,-0.418111,0.920545,0.002975,-0.002622,0.030038,-0.585859,-0.566345,0.287619,0.000990,0.031693,0.021422,0.290369,0.021069,-0.056901,0.046251
0.110391,-0.426711,0.909691,-0.107021,-0.418834,0.920884,0.002971,-0.002619,0.029979,-0.585733,-0.566252,0.287942,0.000989,0.031369,0.021347,0.290836,0.021034,-0.056733,0.045673
0.110269,-0.427004,0.910815,-0.106864,-0.419516,0.921221,0.002948,-0.002595,0.029921,-0.585615,-0.566151,0.288323,0.000988,0.031093,0.021226,0.291254,0.021007,-0.056566,0.045237
0.110088,-0.427237,0.912185,-0.106687,-0.420136,0.921571,0.002944,-0.002612,0.029863,-0.585513,-0.566066,0.288752,0.000987,0.030841,0.021128,0.291801,0.020964,-0.056423,0.044896
0.109966,-0.427489,0.913441,-0.106530,-0.420676,0.921858,0.002940,-0.002609,0.029804,-0.585387,-0.565965,0.289302,0.000977,0.030496,0.021007,0.292543,0.020937,-0.056327,0.044673
0.109805,-0.427682,0.914370,-0.106333,-0.421095,0.922194,0.002936,-0.002605,0.029726,-0.585293,-0.565888,0.289892,0.000984,0.030268,0.020909,0.293332,0.020902,-0.056207,0.044311
0.109683,-0.427815,0.915112,-0.106176,-0.421633,0.922518,0.002932,-0.002622,0.029708,-0.585175,-0.565787,0.290513,0.000975,0.030018,0.020812,0.294233,0.020851,-0.056041,0.043995
0.109522,-0.427947,0.915964,-0.106000,-0.422209,0.922877,0.002929,-0.002599,0.029650,-0.585065,-0.565694,0.291376,0.000990,0.029816,0.020738,0.295302,0.020807,-0.055875,0.043564
0.109361,-0.428179,0.916999,-0.105843,-0.422823,0.923261,0.002925,-0.002595,0.029592,-0.584955,-0.565617,0.292318,0.000980,0.029590,0.020664,0.296418,0.020764,-0.055733,0.043250
0.109199,-0.428489,0.917760,-0.105686,-0.423634,0.923841,0.002961,-0.002612,0.029494,-0.584853,-0.565524,0.293534,0.000979,0.029388,0.020568,0.297579,0.020729,-0.055591,0.043007
0.109078,-0.428917,0.918729,-0.105549,-0.424738,0.924507,0.002976,-0.002608,0.029397,-0.584736,-0.565447,0.294722,0.000978,0.029280,0.020518,0.298577,0.020703,-0.055378,0.042835
0.108877,-0.429284,0.920286,-0.105412,-0.425820,0.925060,0.002992,-0.002625,0.029280,-0.584626,-0.565362,0.295924,0.000976,0.029102,0.020398,0.299677,0.020676,-0.055213,0.042686
0.108736,-0.429789,0.921717,-0.105276,-0.426939,0.925440,0.002988,-0.002621,0.029183,-0.584516,-0.565261,0.296970,0.000983,0.028994,0.020325,0.300605,0.020649,-0.055025,0.042537
0.108555,-0.430195,0.922813,-0.105139,-0.427858,0.925672,0.002965,-0.002598,0.029145,-0.584406,-0.565152,0.298070,0.000974,0.028864,0.020252,0.301692,0.020606,-0.054814,0.042342
0.108374,-0.430599,0.924126,-0.104963,-0.428717,0.925805,0.002922,-0.002614,0.029107,-0.584288,-0.565043,0.299240,0.000973,0.028756,0.020156,0.302865,0.020587,-0.054650,0.042194
0.108174,-0.430964,0.924886,-0.104806,-0.429593,0.925902,0.002898,-0.002572,0.029030,-0.584170,-0.564958,0.300455,0.000971,0.028673,0.020106,0.303915,0.020552,-0.054463,0.042046
0.107994,-0.431289,0.925400,-0.104611,-0.430487,0.926011,0.002934,-0.002588,0.029012,-0.584044,-0.564866,0.301715,0.000970,0.028542,0.020010,0.304882,0.020525,-0.054276,0.042038
0.107794,-0.431535,0.925668,-0.104415,-0.431711,0.926096,0.002969,-0.002585,0.028935,-0.583926,-0.564773,0.302788,0.000969,0.028482,0.019915,0.305695,0.020499,-0.054066,0.042006
0.107634,-0.431761,0.925802,-0.104220,-0.432698,0.926192,0.002985,-0.002581,0.028858,-0.583816,-0.564688,0.303971,0.000968,0.028375,0.019796,0.306522,0.020464,-0.053787,0.041928
0.107454,-0.432006,0.925887,-0.103928,-0.433409,0.926289,0.002981,-0.002578,0.028761,-0.583698,-0.564587,0.305111,0.000966,0.028292,0.019724,0.307419,0.020445,-0.053463,0.041850
0.107274,-0.432271,0.925985,-0.103597,-0.434002,0.926386,0.002957,-0.002574,0.028704,-0.583581,-0.564511,0.306145,0.000965,0.028209,0.019606,0.308378,0.020402,-0.053139,0.041703
0.107133,-0.432573,0.926094,-0.103208,-0.434478,0.926483,0.002953,-0.002552,0.028647,-0.583471,-0.564410,0.307113,0.000972,0.028103,0.019511,0.309335,0.020383,-0.052724,0.041510
0.106972,-0.432876,0.926179,-0.102762,-0.434836,0.926579,0.002911,-0.002548,0.028609,-0.583361,-0.564325,0.308110,0.000978,0.028020,0.019348,0.310417,0.020341,-0.052402,0.041364
0.106831,-0.433158,0.926288,-0.102239,-0.435135,0.926688,0.002887,-0.002545,0.028533,-0.583251,-0.564232,0.309097,0.000961,0.027914,0.019162,0.311544,0.020330,-0.052035,0.041217
0.106690,-0.433556,0.926386,-0.101794,-0.435375,0.926773,0.002884,-0.002561,0.028495,-0.583133,-0.564140,0.309987,0.000952,0.027831,0.018953,0.312383,0.020295,-0.051714,0.041048
0.106550,-0.433972,0.926483,-0.101273,-0.435518,0.926882,0.002919,-0.002538,0.028458,-0.583024,-0.564047,0.311001,0.000951,0.027726,0.018631,0.313402,0.020268,-0.051486,0.041063
0.106428,-0.434445,0.926580,-0.100772,-0.435604,0.926978,0.002953,-0.002535,0.028401,-0.582914,-0.563970,0.311910,0.000957,0.027621,0.018423,0.314315,0.020233,-0.051235,0.040985
0.106248,-0.434898,0.926677,-0.100273,-0.435689,0.927087,0.002949,-0.002531,0.028286,-0.582804,-0.563886,0.312722,0.000964,0.027516,0.018079,0.315014,0.020214,-0.050893,0.040954
0.106050,-0.435331,0.926775,-0.099793,-0.435736,0.927196,0.002945,-0.002567,0.028210,-0.582670,-0.563793,0.313398,0.000955,0.027411,0.017759,0.315702,0.020180,-0.050575,0.040877
0.105851,-0.435706,0.926872,-0.099315,-0.435783,0.927341,0.002922,-0.002544,0.028096,-0.582561,-0.563708,0.313899,0.000962,0.027283,0.017507,0.316256,0.020153,-0.050189,0.040777
0.105614,-0.436137,0.926969,-0.098818,-0.435849,0.927497,0.002880,-0.002541,0.027981,-0.582419,-0.563616,0.314344,0.000960,0.027133,0.017234,0.316713,0.020126,-0.049872,0.040677
0.105340,-0.436529,0.927078,-0.098360,-0.435915,0.927678,0.002838,-0.002518,0.027925,-0.582310,-0.563499,0.314671,0.000951,0.026984,0.016916,0.317021,0.020091,-0.049487,0.040601
0.105084,-0.436958,0.927164,-0.097769,-0.436001,0.927953,0.002834,-0.002553,0.027869,-0.582184,-0.563376,0.314957,0.000958,0.026834,0.016644,0.317367,0.020065,-0.049195,0.040546
0.104791,-0.437348,0.927273,-0.097103,-0.436086,0.928289,0.002849,-0.002530,0.027774,-0.582067,-0.563252,0.315274,0.000949,0.026685,0.016304,0.317650,0.020046,-0.048835,0.040402
0.104479,-0.437680,0.927370,-0.096286,-0.436210,0.928826,0.002846,-0.002527,0.027699,-0.581957,-0.563097,0.315474,0.000947,0.026514,0.015898,0.317909,0.020019,-0.048475,0.040280
0.104110,-0.437935,0.927467,-0.095356,-0.436276,0.929541,0.002880,-0.002524,0.027509,-0.581832,-0.562973,0.315673,0.000954,0.026365,0.015380,0.318144,0.019992,-0.048230,0.040181
0.103780,-0.438209,0.927565,-0.094619,-0.436342,0.930303,0.002876,-0.002520,0.027358,-0.581722,-0.562842,0.315942,0.000945,0.026149,0.014750,0.318339,0.019950,-0.048007,0.040082
0.103413,-0.438463,0.927662,-0.093788,-0.436390,0.930931,0.002891,-0.002517,0.027188,-0.581612,-0.562672,0.316250,0.000951,0.025912,0.014235,0.318511,0.019939,-0.047785,0.040028
0.103008,-0.438660,0.927783,-0.093111,-0.436418,0.931546,0.002868,-0.002533,0.027018,-0.581502,-0.562455,0.316627,0.000950,0.025742,0.013856,0.318675,0.019912,-0.047496,0.039884
0.102547,-0.438913,0.927868,-0.092474,-0.436504,0.932184,0.002864,-0.002529,0.026906,-0.581377,-0.562146,0.316973,0.000941,0.025505,0.013343,0.318816,0.019885,-0.047297,0.039786
0.102067,-0.439166,0.927977,-0.091781,-0.436589,0.932867,0.002842,-0.002488,0.026775,-0.581268,-0.561588,0.317403,0.000947,0.025269,0.012876,0.318964,0.019850,-0.047031,0.039642
0.101532,-0.439399,0.928086,-0.091051,-0.436675,0.933797,0.002838,-0.002503,0.026682,-0.581142,-0.560729,0.317794,0.000954,0.025100,0.012321,0.319112,0.019831,-0.046744,0.039521
0.100961,-0.439651,0.928195,-0.090286,-0.436761,0.934465,0.002834,-0.002519,0.026590,-0.581025,-0.559547,0.318222,0.000945,0.024955,0.011768,0.319268,0.019805,-0.046435,0.039334
0.100352,-0.439884,0.928292,-0.089390,-0.436865,0.935061,0.002830,-0.002497,0.026516,-0.580877,-0.557843,0.318728,0.000936,0.024809,0.011349,0.319447,0.019778,-0.046126,0.039169
0.099726,-0.440172,0.928401,-0.088741,-0.436951,0.935679,0.002807,-0.002493,0.026405,-0.580728,-0.555972,0.319185,0.000950,0.024686,0.010955,0.319649,0.019743,-0.045773,0.038915
0.098820,-0.440423,0.928510,-0.088113,-0.437055,0.936343,0.002785,-0.002490,0.026350,-0.580580,-0.554207,0.319634,0.000933,0.024541,0.010583,0.319935,0.019716,-0.045377,0.038662
0.097577,-0.440711,0.928607,-0.087561,-0.437140,0.937239,0.002762,-0.002486,0.026333,-0.580402,-0.552647,0.320144,0.000940,0.024441,0.010302,0.320275,0.019674,-0.045071,0.038297
0.096355,-0.440979,0.928716,-0.087010,-0.437245,0.937982,0.002721,-0.002464,0.026278,-0.580254,-0.550652,0.320584,0.000931,0.024341,0.009888,0.320660,0.019632,-0.044698,0.037934
0.095306,-0.441265,0.928837,-0.086461,-0.437349,0.938687,0.002717,-0.002461,0.026243,-0.580068,-0.549023,0.320930,0.000930,0.024219,0.009475,0.321068,0.019605,-0.044304,0.037638
0.094446,-0.441533,0.928946,-0.085875,-0.437416,0.939367,0.002695,-0.002476,0.026207,-0.579882,-0.548082,0.321237,0.000928,0.024098,0.009019,0.321536,0.019571,-0.043845,0.037299
0.093607,-0.441725,0.929054,-0.085197,-0.437520,0.940092,0.002672,-0.002436,0.026152,-0.579642,-0.547702,0.321483,0.000912,0.023976,0.008608,0.321927,0.019506,-0.043387,0.037005
0.092919,-0.441972,0.929175,-0.084521,-0.437605,0.940968,0.002669,-0.002451,0.026098,-0.579396,-0.547706,0.321728,0.000918,0.023877,0.008243,0.322263,0.019449,-0.042907,0.036821
0.092009,-0.442257,0.929295,-0.083436,-0.437672,0.941549,0.002665,-0.002448,0.026025,-0.579126,-0.547617,0.322057,0.000924,0.023756,0.007922,0.322660,0.019399,-0.042319,0.036572
0.091064,-0.442578,0.929427,-0.082242,-0.437758,0.941909,0.002662,-0.002444,0.025970,-0.578781,-0.547560,0.322339,0.000916,0.023657,0.007669,0.322972,0.019342,-0.041798,0.036368
0.090344,-0.442843,0.929535,-0.081218,-0.437862,0.942221,0.002639,-0.002422,0.025842,-0.578231,-0.547502,0.322575,0.000907,0.023559,0.007394,0.323284,0.019308,-0.041190,0.036164
0.089867,-0.443089,0.929679,-0.080197,-0.437947,0.942509,0.002636,-0.002363,0.025713,-0.577522,-0.547429,0.322811,0.000905,0.023460,0.007076,0.323496,0.019281,-0.040628,0.035938
0.089484,-0.443371,0.929845,-0.079271,-0.438051,0.942762,0.002632,-0.002378,0.025604,-0.576587,-0.547364,0.323054,0.000912,0.023318,0.006715,0.323700,0.019255,-0.040045,0.035669
0.089138,-0.443671,0.930034,-0.077773,-0.438174,0.942980,0.002647,-0.002375,0.025421,-0.575495,-0.547298,0.323342,0.000911,0.023242,0.006443,0.323881,0.019236,-0.039486,0.035269
0.088830,-0.443952,0.930212,-0.076409,-0.438296,0.943139,0.002662,-0.002372,0.025256,-0.573913,-0.547218,0.323630,0.000909,0.023079,0.006040,0.324077,0.019209,-0.038709,0.034892
0.088541,-0.444196,0.930435,-0.075288,-0.438418,0.943333,0.002658,-0.002332,0.024981,-0.572260,-0.547160,0.323925,0.000916,0.022981,0.005704,0.324250,0.019182,-0.037868,0.034516
0.088253,-0.444439,0.930681,-0.074391,-0.438522,0.943516,0.002654,-0.002347,0.024652,-0.571057,-0.547087,0.324197,0.000922,0.022819,0.005390,0.324431,0.019148,-0.037008,0.034032
0.087946,-0.444645,0.931019,-0.073441,-0.438607,0.943686,0.002651,-0.002344,0.024378,-0.569517,-0.547014,0.324460,0.000921,0.022678,0.005121,0.324604,0.019122,-0.036063,0.033657
0.087658,-0.444832,0.931437,-0.072732,-0.438693,0.943833,0.002665,-0.002340,0.024050,-0.568086,-0.546949,0.324799,0.000919,0.022450,0.004918,0.324738,0.019110,-0.035164,0.033349
0.087298,-0.445074,0.931968,-0.071879,-0.438760,0.943946,0.002662,-0.002300,0.023741,-0.566675,-0.546884,0.325197,0.000918,0.022310,0.004738,0.324873,0.019076,-0.034550,0.033107
0.086865,-0.445206,0.932407,-0.071283,-0.438845,0.944058,0.002676,-0.002279,0.023232,-0.565560,-0.546818,0.325564,0.000909,0.022084,0.004557,0.324993,0.019057,-0.033850,0.032888
0.086341,-0.445373,0.932993,-0.070946,-0.438930,0.944182,0.002673,-0.002294,0.022650,-0.564763,-0.546746,0.325983,0.000916,0.021923,0.004356,0.325128,0.019023,-0.033131,0.032690
0.085727,-0.445523,0.933623,-0.070774,-0.439015,0.944340,0.002651,-0.002291,0.022070,-0.564358,-0.546680,0.326499,0.000914,0.021719,0.004220,0.325240,0.019004,-0.032522,0.032428
0.085150,-0.445690,0.934401,-0.070693,-0.439101,0.944498,0.002665,-0.002288,0.021510,-0.563969,-0.546615,0.326878,0.000920,0.021581,0.004041,0.325344,0.018955,-0.031958,0.032080
0.084338,-0.445858,0.935632,-0.070649,-0.439204,0.944644,0.002698,-0.002303,0.021115,-0.563647,-0.546550,0.327444,0.000904,0.021421,0.003949,0.325471,0.018943,-0.031416,0.031668
0.083565,-0.445988,0.936678,-0.070641,-0.439289,0.944778,0.002712,-0.002354,0.020903,-0.563289,-0.546484,0.327911,0.000910,0.021326,0.003814,0.325605,0.018902,-0.030941,0.031192
0.082902,-0.446155,0.937676,-0.070614,-0.439375,0.944947,0.002708,-0.002369,0.020638,-0.562694,-0.546427,0.328311,0.000909,0.021232,0.003680,0.325762,0.018875,-0.030338,0.030653
0.082350,-0.446339,0.938796,-0.070588,-0.439478,0.945172,0.002705,-0.002402,0.020445,-0.561899,-0.546354,0.328851,0.000900,0.021116,0.003545,0.325911,0.018856,-0.029758,0.030116
0.081781,-0.446488,0.939913,-0.070524,-0.439654,0.945396,0.002701,-0.002399,0.020308,-0.560972,-0.546274,0.329211,0.000899,0.021065,0.003412,0.326068,0.018815,-0.029265,0.029708
0.081195,-0.446599,0.940665,-0.070425,-0.439793,0.945631,0.002697,-0.002413,0.020171,-0.560003,-0.546216,0.329578,0.000905,0.020971,0.003300,0.326216,0.018788,-0.028924,0.029195
0.080592,-0.446675,0.941404,-0.070325,-0.439951,0.945866,0.002693,-0.002410,0.020088,-0.558547,-0.546158,0.329907,0.000904,0.020941,0.003209,0.326365,0.018769,-0.028648,0.028619
0.079720,-0.446732,0.942310,-0.070226,-0.440126,0.946090,0.002689,-0.002406,0.020041,-0.557162,-0.546093,0.330176,0.000903,0.020890,0.003098,0.326528,0.018735,-0.028372,0.028001
0.078616,-0.446862,0.943169,-0.070127,-0.440355,0.946301,0.002686,-0.002421,0.019995,-0.556202,-0.546027,0.330438,0.000901,0.020818,0.003051,0.326662,0.018709,-0.028246,0.027342
0.077424,-0.447063,0.943813,-0.070009,-0.440566,0.946467,0.002664,-0.002400,0.019895,-0.555458,-0.545970,0.330625,0.000908,0.020725,0.002961,0.326818,0.018682,-0.027993,0.026771
0.076416,-0.447246,0.944746,-0.069910,-0.440776,0.946633,0.002642,-0.002378,0.019777,-0.554923,-0.545897,0.330746,0.000892,0.020695,0.002914,0.326958,0.018663,-0.027804,0.026328
0.075553,-0.447483,0.946070,-0.069810,-0.440968,0.946776,0.002638,-0.002357,0.019641,-0.554521,-0.545832,0.330844,0.000898,0.020644,0.002846,0.327099,0.018629,-0.027595,0.025823
0.074836,-0.447755,0.947031,-0.069693,-0.441159,0.946908,0.002635,-0.002371,0.019577,-0.554289,-0.545774,0.330943,0.000896,0.020594,0.002800,0.327218,0.018603,-0.027407,0.025319
0.073781,-0.447972,0.947834,-0.069575,-0.441369,0.947040,0.002631,-0.002368,0.019495,-0.554175,-0.545694,0.331048,0.000888,0.020543,0.002754,0.327380,0.018576,-0.027219,0.024796
0.072621,-0.448189,0.948769,-0.069476,-0.441560,0.947160,0.002627,-0.002347,0.019324,-0.554097,-0.545621,0.331147,0.000901,0.020493,0.002707,0.327565,0.018549,-0.027011,0.024379
0.071786,-0.448353,0.949455,-0.069305,-0.441715,0.947292,0.002623,-0.002326,0.019101,-0.554005,-0.545497,0.331245,0.000892,0.020463,0.002682,0.327756,0.018530,-0.026825,0.024091
0.071130,-0.448462,0.949929,-0.069135,-0.441834,0.947434,0.002602,-0.002304,0.018788,-0.553928,-0.545396,0.331344,0.000884,0.020434,0.002678,0.327998,0.018496,-0.026681,0.023782
0.070619,-0.448536,0.950190,-0.068929,-0.442006,0.947576,0.002598,-0.002301,0.018387,-0.553850,-0.545250,0.331442,0.000883,0.020363,0.002632,0.328218,0.018463,-0.026516,0.023558
0.070287,-0.448610,0.950328,-0.068776,-0.442125,0.947696,0.002594,-0.002280,0.017917,-0.553773,-0.545039,0.331548,0.000889,0.020291,0.002629,0.328474,0.018436,-0.026436,0.023398
0.069973,-0.448684,0.950399,-0.068607,-0.442261,0.947827,0.002608,-0.002295,0.017305,-0.553688,-0.544618,0.331654,0.000887,0.020241,0.002625,0.328715,0.018409,-0.026335,0.023280
0.069748,-0.448741,0.950460,-0.068454,-0.442362,0.947946,0.002604,-0.002274,0.016607,-0.553611,-0.543944,0.331782,0.000879,0.020170,0.002579,0.328956,0.018383,-0.026255,0.023205
0.069594,-0.448868,0.950542,-0.068303,-0.442481,0.948065,0.002601,-0.002270,0.015504,-0.553526,-0.543061,0.331887,0.000892,0.020120,0.002554,0.329255,0.018356,-0.026175,0.023109
0.069493,-0.449065,0.950614,-0.068186,-0.442546,0.948151,0.002615,-0.002214,0.014757,-0.553449,-0.541492,0.331993,0.000884,0.020049,0.002551,0.329646,0.018337,-0.026116,0.022971
0.069393,-0.449174,0.950685,-0.068070,-0.442647,0.948238,0.002593,-0.002228,0.014189,-0.553372,-0.539617,0.332106,0.000875,0.019978,0.002568,0.330095,0.018303,-0.026058,0.022833
0.069310,-0.449336,0.950746,-0.067936,-0.442713,0.948346,0.002589,-0.002225,0.013799,-0.553287,-0.538144,0.332204,0.000874,0.019928,0.002543,0.330536,0.018277,-0.025978,0.022654
0.069244,-0.449427,0.950828,-0.067855,-0.442813,0.948453,0.002568,-0.002222,0.013550,-0.553210,-0.537209,0.332310,0.000880,0.019858,0.002540,0.331142,0.018243,-0.025940,0.022538
0.069179,-0.449518,0.950900,-0.067756,-0.442897,0.948572,0.002564,-0.002219,0.013460,-0.553082,-0.536558,0.332408,0.000871,0.019808,0.002536,0.331760,0.018209,-0.025882,0.022359
0.069096,-0.449592,0.950960,-0.067658,-0.442980,0.948680,0.002543,-0.002215,0.013423,-0.553005,-0.535872,0.332507,0.000877,0.019758,0.002532,0.332507,0.018176,-0.025844,0.022223
0.069013,-0.449700,0.951032,-0.067559,-0.443080,0.948799,0.002522,-0.002247,0.013421,-0.552920,-0.535202,0.332598,0.000876,0.019709,0.002529,0.333230,0.018142,-0.025786,0.022024
0.068929,-0.449739,0.951103,-0.067461,-0.443146,0.948928,0.002536,-0.002244,0.013401,-0.552829,-0.534448,0.332711,0.000882,0.019639,0.002504,0.333872,0.018108,-0.025748,0.021930
0.068811,-0.449829,0.951196,-0.067344,-0.443229,0.949068,0.002532,-0.002241,0.013382,-0.552744,-0.533768,0.332823,0.000873,0.019589,0.002501,0.334405,0.018075,-0.025710,0.021857
0.068745,-0.449903,0.951268,-0.067228,-0.443347,0.949219,0.002528,-0.002237,0.013362,-0.552653,-0.533382,0.332936,0.000865,0.019561,0.002518,0.334902,0.018041,-0.025632,0.021763
0.068627,-0.450011,0.951339,-0.067112,-0.443465,0.949370,0.002525,-0.002234,0.013342,-0.552590,-0.533326,0.333041,0.000864,0.019491,0.002514,0.335347,0.018015,-0.025573,0.021731
0.068526,-0.450067,0.951400,-0.066962,-0.443600,0.949542,0.002538,-0.002231,0.013323,-0.552498,-0.533284,0.333140,0.000855,0.019421,0.002490,0.335641,0.017981,-0.025495,0.021617
0.068425,-0.450123,0.951482,-0.066811,-0.443735,0.949703,0.002534,-0.002228,0.013286,-0.552421,-0.533228,0.333245,0.000868,0.019392,0.002486,0.335807,0.017955,-0.025457,0.021544
0.068325,-0.450214,0.951554,-0.066661,-0.443853,0.949874,0.002531,-0.002207,0.013284,-0.552344,-0.533187,0.333351,0.000860,0.019302,0.002462,0.335909,0.017921,-0.025379,0.021491
0.068224,-0.450305,0.951625,-0.066511,-0.443970,0.950057,0.002510,-0.002204,0.013247,-0.552267,-0.533138,0.333477,0.000859,0.019274,0.002479,0.336003,0.017895,-0.025300,0.021419
0.068123,-0.450395,0.951707,-0.066326,-0.444122,0.950271,0.002489,-0.002200,0.013245,-0.552183,-0.533089,0.333611,0.000857,0.019204,0.002454,0.336091,0.017861,-0.025242,0.021305
0.068040,-0.450469,0.951768,-0.066159,-0.444222,0.950495,0.002451,-0.002197,0.013225,-0.552098,-0.533033,0.333773,0.000856,0.019135,0.002451,0.336192,0.017821,-0.025205,0.021192
0.067922,-0.450559,0.951840,-0.065975,-0.444356,0.950859,0.002430,-0.002194,0.013205,-0.552021,-0.532984,0.333970,0.000848,0.019066,0.002447,0.336280,0.017787,-0.025168,0.021140
0.067821,-0.450633,0.951911,-0.065808,-0.444490,0.951373,0.002443,-0.002191,0.013186,-0.551944,-0.532942,0.334195,0.000853,0.018956,0.002444,0.336381,0.017754,-0.025090,0.021068
0.067720,-0.450741,0.951993,-0.065641,-0.444659,0.951939,0.002440,-0.002187,0.013149,-0.551860,-0.532893,0.334398,0.000859,0.018928,0.002420,0.336476,0.017727,-0.025032,0.021057
0.067602,-0.450814,0.952065,-0.065475,-0.444810,0.952397,0.002453,-0.002184,0.013129,-0.551790,-0.532837,0.334636,0.000851,0.018778,0.002436,0.336563,0.017701,-0.025015,0.020965
0.067501,-0.450904,0.952136,-0.065309,-0.444943,0.952778,0.002449,-0.002181,0.013110,-0.551705,-0.532788,0.334832,0.000843,0.018669,0.002433,0.336665,0.017668,-0.024937,0.020913
0.067401,-0.451012,0.952218,-0.065177,-0.445060,0.953073,0.002463,-0.002178,0.013073,-0.551628,-0.532746,0.334978,0.000855,0.018540,0.002409,0.336759,0.017648,-0.024880,0.020882
0.067283,-0.451136,0.952300,-0.065046,-0.445159,0.953336,0.002459,-0.002174,0.013054,-0.551544,-0.532690,0.335111,0.000854,0.018370,0.002425,0.336854,0.017615,-0.024802,0.020831
0.067182,-0.451261,0.952382,-0.064931,-0.445326,0.953715,0.002456,-0.002171,0.013017,-0.551418,-0.532648,0.335215,0.000846,0.018262,0.002402,0.336934,0.017595,-0.024745,0.020820
0.067064,-0.451385,0.952464,-0.064834,-0.445493,0.954252,0.002452,-0.002168,0.012980,-0.551334,-0.532592,0.335312,0.000838,0.018093,0.002398,0.337043,0.017576,-0.024687,0.020728
0.066947,-0.451509,0.952525,-0.064737,-0.445643,0.954884,0.002465,-0.002165,0.012961,-0.551243,-0.532543,0.335416,0.000836,0.017966,0.002415,0.337138,0.017543,-0.024650,0.020677
0.066829,-0.451667,0.952607,-0.064639,-0.445793,0.955451,0.002478,-0.002195,0.012925,-0.551159,-0.532487,0.335513,0.000863,0.017838,0.002371,0.337232,0.017509,-0.024573,0.020666
0.066745,-0.451790,0.952689,-0.064559,-0.445891,0.955857,0.002475,-0.002175,0.012905,-0.551068,-0.532438,0.335617,0.000855,0.017691,0.002387,0.337334,0.017483,-0.024516,0.020615
0.066628,-0.451947,0.952750,-0.064461,-0.446007,0.956209,0.002505,-0.002206,0.012869,-0.550970,-0.532390,0.335707,0.000853,0.017544,0.002404,0.337428,0.017463,-0.024459,0.020543
0.066527,-0.452121,0.952832,-0.064364,-0.446156,0.956550,0.002484,-0.002202,0.012866,-0.550879,-0.532341,0.335811,0.000852,0.017437,0.002380,0.337523,0.017430,-0.024362,0.020512
0.066443,-0.452261,0.952903,-0.064250,-0.446288,0.956868,0.002480,-0.002199,0.012830,-0.550795,-0.532285,0.335915,0.000844,0.017311,0.002396,0.337610,0.017404,-0.024245,0.020441
0.066326,-0.452452,0.952985,-0.064169,-0.446437,0.957187,0.002494,-0.002196,0.012810,-0.550698,-0.532229,0.336026,0.000843,0.017225,0.002373,0.337712,0.017384,-0.024208,0.020430
0.066225,-0.452608,0.953056,-0.064055,-0.446569,0.957504,0.002473,-0.002192,0.012791,-0.550600,-0.532166,0.336137,0.000848,0.017139,0.002369,0.337806,0.017351,-0.024112,0.020359
0.066108,-0.452798,0.953149,-0.063975,-0.446734,0.957831,0.002469,-0.002189,0.012771,-0.550502,-0.532124,0.336276,0.000826,0.017013,0.002366,0.337901,0.017318,-0.024055,0.020309
0.066024,-0.453004,0.953220,-0.063860,-0.446899,0.958105,0.002465,-0.002186,0.012735,-0.550405,-0.532068,0.336400,0.000832,0.016928,0.002342,0.337995,0.017278,-0.023979,0.020278
0.065923,-0.453226,0.953312,-0.063763,-0.447114,0.958430,0.002445,-0.002166,0.012716,-0.550301,-0.532013,0.336552,0.000838,0.016803,0.002358,0.338090,0.017224,-0.023903,0.020187
0.065822,-0.453465,0.953384,-0.063666,-0.447328,0.958734,0.002441,-0.002162,0.012696,-0.550183,-0.531957,0.336697,0.000836,0.016698,0.002335,0.338191,0.017170,-0.023807,0.020137
0.065705,-0.453686,0.953465,-0.063552,-0.447542,0.959027,0.002421,-0.002142,0.012677,-0.550010,-0.531915,0.336869,0.000842,0.016574,0.002331,0.338279,0.017110,-0.023731,0.020086
0.065621,-0.453924,0.953547,-0.063438,-0.447856,0.959308,0.002417,-0.002156,0.012658,-0.549735,-0.531852,0.337027,0.000820,0.016450,0.002328,0.338373,0.017029,-0.023635,0.020036
0.065521,-0.454227,0.953629,-0.063307,-0.448236,0.959631,0.002397,-0.002152,0.012638,-0.549304,-0.531804,0.337233,0.000832,0.016365,0.002344,0.338468,0.016928,-0.023579,0.019985
0.065437,-0.454547,0.953721,-0.063160,-0.448714,0.959984,0.002393,-0.002149,0.012619,-0.548684,-0.531762,0.337438,0.000824,0.016262,0.002340,0.338555,0.016806,-0.023524,0.019935
0.065319,-0.454866,0.953802,-0.063030,-0.449324,0.960335,0.002373,-0.002146,0.012599,-0.547888,-0.531706,0.337677,0.000823,0.016178,0.002317,0.338664,0.016617,-0.023428,0.019904
0.065235,-0.455250,0.953884,-0.062866,-0.450131,0.960676,0.002352,-0.002142,0.012597,-0.547108,-0.531650,0.337916,0.000822,0.016094,0.002333,0.338765,0.016367,-0.023353,0.019854
0.065118,-0.455683,0.953965,-0.062703,-0.451167,0.960954,0.002332,-0.002123,0.012577,-0.546282,-0.531595,0.338127,0.000821,0.015991,0.002310,0.338866,0.016159,-0.023278,0.019804
0.065017,-0.456181,0.954047,-0.062507,-0.452085,0.961303,0.002329,-0.002119,0.012558,-0.545534,-0.531553,0.338358,0.000819,0.015868,0.002287,0.338961,0.015938,-0.023203,0.019773
0.064917,-0.456760,0.954138,-0.062311,-0.452885,0.961672,0.002325,-0.002116,0.012538,-0.544740,-0.531497,0.338595,0.000818,0.015785,0.002322,0.339062,0.015643,-0.023108,0.019723
0.064816,-0.457469,0.954230,-0.062100,-0.453699,0.962113,0.002321,-0.002113,0.012519,-0.544036,-0.531441,0.338886,0.000823,0.015702,0.002299,0.339156,0.015112,-0.023033,0.019692
0.064715,-0.458209,0.954322,-0.061888,-0.454625,0.962521,0.002318,-0.002093,0.012483,-0.543233,-0.531379,0.339231,0.000815,0.015541,0.002276,0.339251,0.014563,-0.022920,0.019662
0.064615,-0.458750,0.954413,-0.061660,-0.455550,0.962897,0.002314,-0.002090,0.012463,-0.542379,-0.531330,0.339615,0.000814,0.015381,0.002312,0.339352,0.014070,-0.022806,0.019651
0.064498,-0.459306,0.954484,-0.061450,-0.456553,0.963252,0.002327,-0.002070,0.012444,-0.541352,-0.531281,0.340071,0.000813,0.015202,0.002269,0.339440,0.013510,-0.022751,0.019601
0.064413,-0.459746,0.954555,-0.061256,-0.457292,0.963596,0.002356,-0.002083,0.012408,-0.540563,-0.531226,0.340608,0.000805,0.015004,0.002285,0.339528,0.012946,-0.022619,0.019551
0.064313,-0.460103,0.954637,-0.061013,-0.457832,0.963857,0.002352,-0.002080,0.012389,-0.540078,-0.531177,0.341209,0.000797,0.014883,0.002281,0.339622,0.012490,-0.022468,0.019520
0.064196,-0.460426,0.954718,-0.060869,-0.458273,0.964199,0.002365,-0.002060,0.012353,-0.539848,-0.531128,0.341903,0.000802,0.014686,0.002278,0.339723,0.012203,-0.022278,0.019509
0.064046,-0.460716,0.954799,-0.060741,-0.458583,0.964509,0.002361,-0.002074,0.012318,-0.539785,-0.531066,0.342635,0.000814,0.014528,0.002294,0.339824,0.011964,-0.022185,0.019440
0.063897,-0.460957,0.954900,-0.060629,-0.458892,0.964728,0.002358,-0.002054,0.012266,-0.539723,-0.531017,0.343265,0.000813,0.014351,0.002251,0.339919,0.011705,-0.022035,0.019390
0.063699,-0.461197,0.954981,-0.060550,-0.459167,0.964874,0.002386,-0.002099,0.012246,-0.539660,-0.530969,0.344080,0.000819,0.014252,0.002248,0.340013,0.011573,-0.021962,0.019379
0.063453,-0.461452,0.955093,-0.060454,-0.459345,0.964950,0.002383,-0.002080,0.012211,-0.539591,-0.530920,0.344852,0.000811,0.014076,0.002244,0.340108,0.011502,-0.021870,0.019329
0.063207,-0.461756,0.955174,-0.060391,-0.459555,0.965046,0.002363,-0.002125,0.012208,-0.539536,-0.530871,0.345623,0.000803,0.013977,0.002260,0.340216,0.011437,-0.021758,0.019279
0.062897,-0.462123,0.955275,-0.060296,-0.459748,0.965131,0.002359,-0.002138,0.012172,-0.539460,-0.530822,0.346450,0.000815,0.013840,0.002237,0.340350,0.011380,-0.021647,0.019211
0.062588,-0.462457,0.955356,-0.060217,-0.459909,0.965217,0.002371,-0.002151,0.012153,-0.539411,-0.530767,0.347229,0.000813,0.013761,0.002253,0.340504,0.011302,-0.021575,0.019180
0.062360,-0.462871,0.955437,-0.060121,-0.460101,0.965302,0.002368,-0.002163,0.012134,-0.539335,-0.530718,0.347874,0.000806,0.013644,0.002268,0.340644,0.011198,-0.021484,0.019131
0.062052,-0.463300,0.955517,-0.059994,-0.460293,0.965377,0.002348,-0.002144,0.012099,-0.539272,-0.530650,0.348695,0.000811,0.013546,0.002227,0.340850,0.011036,-0.021411,0.019119
0.061745,-0.463696,0.955578,-0.059898,-0.460533,0.965452,0.002344,-0.002124,0.012063,-0.539210,-0.530581,0.349501,0.000803,0.013505,0.002242,0.341089,0.010834,-0.021320,0.019070
0.061438,-0.464074,0.955659,-0.059755,-0.460740,0.965507,0.002356,-0.002105,0.012028,-0.539148,-0.530493,0.350219,0.000808,0.013389,0.002258,0.341393,0.010679,-0.021229,0.019040
0.061180,-0.464355,0.955720,-0.059596,-0.460947,0.965592,0.002337,-0.002102,0.011993,-0.539092,-0.530385,0.350849,0.000800,0.013330,0.002235,0.341703,0.010596,-0.021158,0.018971
0.060970,-0.464684,0.955800,-0.059405,-0.461153,0.965677,0.002333,-0.002082,0.011974,-0.539023,-0.530258,0.351308,0.000799,0.013271,0.002213,0.342052,0.010572,-0.021048,0.018922
0.060841,-0.464964,0.955871,-0.059214,-0.461343,0.965772,0.002329,-0.002063,0.011954,-0.538960,-0.530118,0.351745,0.000785,0.013212,0.002209,0.342517,0.010549,-0.020958,0.018835
0.060743,-0.465227,0.955942,-0.058944,-0.461548,0.965867,0.002310,-0.002092,0.011951,-0.538898,-0.529998,0.352162,0.000797,0.013134,0.002224,0.342995,0.010519,-0.020905,0.018711
0.060662,-0.465442,0.956032,-0.058626,-0.461689,0.965961,0.002194,-0.002041,0.011948,-0.538842,-0.529872,0.352435,0.000782,0.013075,0.002202,0.343627,0.010502,-0.020853,0.018643
0.060596,-0.465672,0.956103,-0.058246,-0.461846,0.966085,0.002048,-0.002021,0.011945,-0.538773,-0.529765,0.352778,0.000794,0.013054,0.002198,0.344278,0.010472,-0.020763,0.018500
0.060498,-0.465854,0.956164,-0.057820,-0.461955,0.966209,0.001934,-0.002034,0.011925,-0.538704,-0.529659,0.353081,0.000786,0.013033,0.002214,0.345043,0.010449,-0.020711,0.018395
0.060432,-0.466036,0.956254,-0.057347,-0.462016,0.966333,0.001867,-0.002031,0.011922,-0.538648,-0.529566,0.353384,0.000785,0.012937,0.002191,0.345826,0.010406,-0.020659,0.018197
0.060319,-0.466154,0.956345,-0.056985,-0.462078,0.966457,0.001849,-0.002012,0.011887,-0.538579,-0.529479,0.353641,0.000784,0.012916,0.002188,0.346477,0.010376,-0.020625,0.018111
0.060221,-0.466256,0.956415,-0.056530,-0.462155,0.966600,0.001877,-0.002008,0.011868,-0.538517,-0.529399,0.353987,0.000782,0.012839,0.002184,0.347243,0.010295,-0.020573,0.018082
0.060124,-0.466342,0.956486,-0.056124,-0.462185,0.966713,0.001921,-0.002021,0.011848,-0.538461,-0.529319,0.354320,0.000788,0.012818,0.002181,0.347942,0.010162,-0.020521,0.018071
0.060026,-0.466381,0.956566,-0.055718,-0.462246,0.966816,0.001934,-0.002002,0.011798,-0.538392,-0.529258,0.354594,0.000773,0.012760,0.002177,0.348625,0.010010,-0.020469,0.018042
0.059913,-0.466420,0.956666,-0.055314,-0.462307,0.966909,0.001946,-0.001999,0.011763,-0.538323,-0.529198,0.354874,0.000779,0.012721,0.002192,0.349295,0.009807,-0.020380,0.018050
0.059815,-0.466459,0.956776,-0.054941,-0.462384,0.967002,0.001959,-0.002011,0.011744,-0.538241,-0.529118,0.355134,0.000771,0.012645,0.002170,0.349878,0.009656,-0.020273,0.018002
0.059718,-0.466514,0.956896,-0.054586,-0.462446,0.967076,0.001956,-0.002008,0.011740,-0.538179,-0.529032,0.355386,0.000770,0.012606,0.002185,0.350518,0.009570,-0.020221,0.018010
0.059620,-0.466553,0.957025,-0.054231,-0.462538,0.967129,0.001953,-0.001989,0.011705,-0.538110,-0.528940,0.355632,0.000775,0.012511,0.002163,0.351028,0.009516,-0.020151,0.017943
0.059491,-0.466639,0.957173,-0.053846,-0.462615,0.967183,0.001949,-0.002001,0.011686,-0.538054,-0.528842,0.355884,0.000774,0.012490,0.002159,0.351664,0.009436,-0.020081,0.017840
0.059378,-0.466709,0.957321,-0.053446,-0.462692,0.967247,0.001962,-0.002029,0.011667,-0.537998,-0.528737,0.356186,0.000779,0.012433,0.002156,0.352273,0.009376,-0.020012,0.017811
0.059250,-0.466779,0.957459,-0.053017,-0.462769,0.967310,0.001990,-0.002026,0.011648,-0.537929,-0.528613,0.356506,0.000777,0.012357,0.002134,0.352753,0.009335,-0.019942,0.017800
0.059090,-0.466849,0.957636,-0.052588,-0.462846,0.967393,0.002033,-0.002022,0.011613,-0.537861,-0.528490,0.356832,0.000776,0.012300,0.002149,0.353219,0.009307,-0.019872,0.017771
0.058869,-0.466935,0.957851,-0.052130,-0.462938,0.967466,0.002045,-0.002004,0.011594,-0.537805,-0.528310,0.357120,0.000769,0.012243,0.002127,0.353537,0.009247,-0.019784,0.017705
0.058633,-0.467005,0.958133,-0.051750,-0.463061,0.967549,0.002042,-0.002000,0.011575,-0.537736,-0.528142,0.357330,0.000786,0.012150,0.002142,0.353779,0.009182,-0.019679,0.017657
0.058381,-0.467106,0.958444,-0.051402,-0.463184,0.967622,0.002023,-0.002012,0.011540,-0.537674,-0.528032,0.357483,0.000779,0.012075,0.002156,0.353944,0.009033,-0.019573,0.017610
0.058130,-0.467191,0.958821,-0.051116,-0.463306,0.967695,0.002035,-0.002009,0.011521,-0.537611,-0.527929,0.357578,0.000765,0.012018,0.002135,0.354039,0.008601,-0.019486,0.017526
0.057834,-0.467292,0.959197,-0.050847,-0.463413,0.967758,0.002032,-0.001990,0.011502,-0.537555,-0.527858,0.357674,0.000770,0.011907,0.002131,0.354134,0.008152,-0.019380,0.017460
0.057569,-0.467377,0.959639,-0.050562,-0.463536,0.967831,0.002013,-0.002002,0.011483,-0.537480,-0.527767,0.357738,0.000775,0.011833,0.002146,0.354223,0.007767,-0.019257,0.017340
0.057289,-0.467462,0.960128,-0.050279,-0.463627,0.967894,0.002025,-0.001999,0.011449,-0.537418,-0.527683,0.357814,0.000767,0.011741,0.002106,0.354293,0.007408,-0.019134,0.017221
0.057010,-0.467531,0.960788,-0.050073,-0.463688,0.967947,0.002006,-0.001996,0.011430,-0.537368,-0.527587,0.357879,0.000766,0.011703,0.002120,0.354369,0.007245,-0.019012,0.017156
0.056777,-0.467586,0.961713,-0.049805,-0.463748,0.968020,0.001972,-0.001992,0.011426,-0.537293,-0.527485,0.357949,0.000771,0.011629,0.002117,0.354445,0.007139,-0.018871,0.017073
0.056499,-0.467625,0.962417,-0.049539,-0.463794,0.968102,0.001938,-0.001959,0.011391,-0.537224,-0.527370,0.358019,0.000763,0.011537,0.002113,0.354528,0.006958,-0.018731,0.017008
0.056221,-0.467664,0.963070,-0.049288,-0.463854,0.968213,0.001920,-0.001955,0.011372,-0.537162,-0.527161,0.358096,0.000756,0.011500,0.002110,0.354604,0.006821,-0.018628,0.016943
0.055914,-0.467718,0.963940,-0.049023,-0.463900,0.968323,0.001932,-0.001937,0.011353,-0.537100,-0.526742,0.358160,0.000761,0.011427,0.002106,0.354674,0.006710,-0.018543,0.016843
0.055532,-0.467787,0.964959,-0.048774,-0.463976,0.968443,0.001929,-0.001949,0.011334,-0.537044,-0.526230,0.358230,0.000760,0.011353,0.002103,0.354750,0.006587,-0.018475,0.016779
0.055105,-0.467826,0.965568,-0.048510,-0.464021,0.968562,0.001941,-0.001945,0.011330,-0.536981,-0.525266,0.358307,0.000758,0.011298,0.002117,0.354832,0.006414,-0.018391,0.016732
0.054648,-0.467835,0.966080,-0.048277,-0.464097,0.968700,0.001922,-0.001942,0.011296,-0.536919,-0.523951,0.358389,0.000763,0.011208,0.002096,0.354896,0.006149,-0.018288,0.016686
0.053997,-0.467829,0.966477,-0.048014,-0.464158,0.968848,0.001919,-0.001939,0.011292,-0.536850,-0.522734,0.358460,0.000756,0.011135,0.002092,0.354979,0.005977,-0.018221,0.016604
0.053302,-0.467823,0.966996,-0.047736,-0.464218,0.968976,0.001916,-0.001936,0.011258,-0.536782,-0.522170,0.358536,0.000754,0.011045,0.002089,0.355055,0.005961,-0.018137,0.016541
0.052655,-0.467833,0.967522,-0.047475,-0.464279,0.969113,0.001912,-0.001917,0.011239,-0.536707,-0.522151,0.358600,0.000747,0.010990,0.002085,0.355131,0.005926,-0.018070,0.016495
0.052114,-0.467887,0.968010,-0.047184,-0.464355,0.969241,0.001924,-0.001899,0.011205,-0.536632,-0.522107,0.358671,0.000752,0.010900,0.002082,0.355207,0.005922,-0.017986,0.016431
0.051605,-0.467957,0.968533,-0.046878,-0.464415,0.969377,0.001921,-0.001911,0.011186,-0.536564,-0.522076,0.358741,0.000751,0.010882,0.002060,0.355283,0.005900,-0.017938,0.016332
0.051098,-0.468056,0.969111,-0.046634,-0.464461,0.969495,0.001918,-0.001893,0.011152,-0.536502,-0.522032,0.358817,0.000749,0.010810,0.002092,0.355359,0.005871,-0.017872,0.016286
0.050697,-0.468171,0.969902,-0.046375,-0.464521,0.969622,0.001899,-0.001904,0.011148,-0.536433,-0.522000,0.358894,0.000754,0.010774,0.002089,0.355442,0.005861,-0.017806,0.016259
0.050132,-0.468255,0.970635,-0.046146,-0.464582,0.969739,0.001881,-0.001886,0.011128,-0.536371,-0.521957,0.358982,0.000741,0.010720,0.002067,0.355518,0.005858,-0.017775,0.016195
0.049525,-0.468309,0.971086,-0.045918,-0.464658,0.969856,0.001878,-0.001883,0.011109,-0.536309,-0.521919,0.359071,0.000745,0.010667,0.002081,0.355600,0.005841,-0.017727,0.016080
0.048785,-0.468378,0.971442,-0.045720,-0.464748,0.969964,0.001890,-0.001894,0.011075,-0.536246,-0.521882,0.359165,0.000750,0.010613,0.002060,0.355683,0.005831,-0.017679,0.015981
0.048077,-0.468448,0.971761,-0.045538,-0.464868,0.970071,0.001901,-0.001876,0.011042,-0.536178,-0.521850,0.359248,0.000737,0.010560,0.002057,0.355765,0.005827,-0.017631,0.015901
0.047535,-0.468546,0.972069,-0.045311,-0.465003,0.970178,0.001928,-0.001888,0.010978,-0.536122,-0.521812,0.359330,0.000742,0.010524,0.002053,0.355871,0.005811,-0.017566,0.015839
0.047187,-0.468660,0.972339,-0.045100,-0.465181,0.970267,0.001924,-0.001870,0.010900,-0.536060,-0.521781,0.359406,0.000734,0.010471,0.002050,0.355978,0.005813,-0.017501,0.015759
0.046824,-0.468803,0.972627,-0.044874,-0.465374,0.970373,0.001936,-0.001867,0.010778,-0.535991,-0.521743,0.359489,0.000739,0.010453,0.002046,0.356084,0.005791,-0.017435,0.015714
0.046581,-0.468975,0.972886,-0.044664,-0.465611,0.970461,0.001932,-0.001878,0.010641,-0.535929,-0.521700,0.359577,0.000738,0.010400,0.002043,0.356202,0.005787,-0.017370,0.015669
0.046383,-0.469146,0.973090,-0.044454,-0.465848,0.970559,0.001914,-0.001860,0.010564,-0.535867,-0.521656,0.359653,0.000743,0.010382,0.002057,0.356290,0.005777,-0.017305,0.015625
0.046229,-0.469303,0.973219,-0.044273,-0.466128,0.970656,0.001911,-0.001842,0.010472,-0.535798,-0.521624,0.359729,0.000735,0.010364,0.002036,0.356384,0.005761,-0.017258,0.015598
0.046104,-0.469503,0.973321,-0.044108,-0.466465,0.970762,0.001908,-0.001854,0.010395,-0.535736,-0.521581,0.359805,0.000728,0.010311,0.002049,0.356460,0.005745,-0.017210,0.015571
0.046024,-0.469673,0.973386,-0.043973,-0.466831,0.970868,0.001904,-0.001851,0.010333,-0.535674,-0.521543,0.359881,0.000727,0.010310,0.002028,0.356536,0.005741,-0.017163,0.015509
0.045929,-0.469858,0.973450,-0.043838,-0.467255,0.970973,0.001901,-0.001833,0.010271,-0.535618,-0.521512,0.359951,0.000737,0.010275,0.002025,0.356606,0.005737,-0.017116,0.015499
0.045863,-0.470042,0.973488,-0.043732,-0.467794,0.971097,0.001883,-0.001829,0.010224,-0.535543,-0.521468,0.360027,0.000736,0.010257,0.002039,0.356682,0.005721,-0.017086,0.015437
0.045783,-0.470211,0.973543,-0.043670,-0.468448,0.971230,0.001880,-0.001855,0.010206,-0.535481,-0.521424,0.360097,0.000729,0.010239,0.002018,0.356764,0.005717,-0.017039,0.015428
0.045702,-0.470321,0.973590,-0.043593,-0.469172,0.971316,0.001891,-0.001867,0.010173,-0.535425,-0.521399,0.360179,0.000734,0.010221,0.002014,0.356839,0.005707,-0.017009,0.015383
0.045637,-0.470432,0.973654,-0.043531,-0.469735,0.971376,0.001888,-0.001863,0.010170,-0.535351,-0.521367,0.360255,0.000732,0.010203,0.002028,0.356909,0.005697,-0.016962,0.015373
0.045556,-0.470484,0.973691,-0.043484,-0.470223,0.971435,0.001884,-0.001875,0.010138,-0.535294,-0.521318,0.360331,0.000731,0.010168,0.002007,0.356985,0.005687,-0.016915,0.015364
0.045476,-0.470536,0.973747,-0.043392,-0.470652,0.971477,0.001896,-0.001871,0.010134,-0.535238,-0.521280,0.360401,0.000724,0.010167,0.001987,0.357061,0.005677,-0.016885,0.015336
0.045410,-0.470559,0.973802,-0.043330,-0.471036,0.971536,0.001878,-0.001868,0.010102,-0.535164,-0.521248,0.360465,0.000728,0.010132,0.002000,0.357143,0.005661,-0.016838,0.015309
0.045344,-0.470611,0.973876,-0.043253,-0.471346,0.971578,0.001889,-0.001865,0.010084,-0.535102,-0.521205,0.360535,0.000721,0.010097,0.001997,0.357219,0.005663,-0.016808,0.015282
0.045264,-0.470663,0.973940,-0.043162,-0.471743,0.971637,0.001886,-0.001861,0.010081,-0.535022,-0.521167,0.360605,0.000726,0.010062,0.001976,0.357300,0.005641,-0.016761,0.015272
0.045183,-0.470715,0.974004,-0.043071,-0.472109,0.971687,0.001882,-0.001858,0.010063,-0.534960,-0.521135,0.360681,0.000719,0.010044,0.001972,0.357394,0.005631,-0.016714,0.015228
0.045103,-0.470753,0.974086,-0.042980,-0.472474,0.971738,0.001879,-0.001840,0.010030,-0.534897,-0.521098,0.360757,0.000723,0.010009,0.001986,0.357487,0.005627,-0.016668,0.015184
0.045023,-0.470819,0.974168,-0.042889,-0.472824,0.971788,0.001876,-0.001851,0.010013,-0.534841,-0.521060,0.360832,0.000722,0.009974,0.001982,0.357575,0.005617,-0.016638,0.015157
0.044942,-0.470886,0.974232,-0.042813,-0.473115,0.971838,0.001872,-0.001834,0.010009,-0.534779,-0.521023,0.360908,0.000721,0.009940,0.001962,0.357662,0.005601,-0.016574,0.015130
0.044862,-0.470938,0.974287,-0.042693,-0.473335,0.971889,0.001855,-0.001845,0.009991,-0.534711,-0.520973,0.360996,0.000713,0.009905,0.001975,0.357756,0.005597,-0.016511,0.015086
0.044781,-0.471004,0.974360,-0.042588,-0.473496,0.971948,0.001851,-0.001842,0.009959,-0.534649,-0.520936,0.361071,0.000718,0.009870,0.001955,0.357837,0.005581,-0.016498,0.015008
0.044701,-0.471070,0.974406,-0.042455,-0.473644,0.972007,0.001862,-0.001824,0.009941,-0.534581,-0.520904,0.361159,0.000717,0.009853,0.001968,0.357919,0.005577,-0.016435,0.014981
0.044621,-0.471165,0.974470,-0.042308,-0.473748,0.972067,0.001845,-0.001821,0.009937,-0.534518,-0.520855,0.361258,0.000710,0.009818,0.001948,0.357994,0.005567,-0.016355,0.014904
0.044540,-0.471288,0.974525,-0.042147,-0.473852,0.972135,0.001855,-0.001832,0.009919,-0.534450,-0.520823,0.361386,0.000714,0.009800,0.001944,0.358088,0.005551,-0.016309,0.014844
0.044460,-0.471425,0.974571,-0.042000,-0.473941,0.972203,0.001838,-0.001828,0.009887,-0.534400,-0.520780,0.361502,0.000713,0.009749,0.001941,0.358163,0.005547,-0.016279,0.014800
0.044365,-0.471575,0.974617,-0.041811,-0.474002,0.972288,0.001835,-0.001811,0.009869,-0.534332,-0.520742,0.361646,0.000706,0.009715,0.001921,0.358256,0.005537,-0.016216,0.014773
0.044285,-0.471683,0.974663,-0.041637,-0.474064,0.972338,0.001831,-0.001808,0.009852,-0.534270,-0.520710,0.361785,0.000705,0.009697,0.001917,0.358332,0.005527,-0.016187,0.014713
0.044204,-0.471847,0.974709,-0.041463,-0.474111,0.972406,0.001828,-0.001804,0.009848,-0.534202,-0.520667,0.361941,0.000703,0.009663,0.001930,0.358407,0.005517,-0.016174,0.014686
0.044124,-0.471996,0.974764,-0.041303,-0.474172,0.972465,0.001825,-0.001801,0.009816,-0.534145,-0.520629,0.362131,0.000702,0.009629,0.001910,0.358483,0.005506,-0.016128,0.014643
0.044044,-0.472131,0.974809,-0.041144,-0.474205,0.972515,0.001821,-0.001798,0.009784,-0.534089,-0.520592,0.362275,0.000701,0.009611,0.001907,0.358564,0.005491,-0.016082,0.014583
0.043963,-0.472252,0.974855,-0.041027,-0.474238,0.972583,0.001804,-0.001781,0.009738,-0.534027,-0.520560,0.362412,0.000699,0.009594,0.001903,0.358640,0.005481,-0.016053,0.014573
0.043883,-0.472345,0.974901,-0.040924,-0.474271,0.972633,0.001801,-0.001791,0.009706,-0.533959,-0.520522,0.362487,0.000698,0.009576,0.001900,0.358704,0.005471,-0.016007,0.014547
0.043775,-0.472423,0.974939,-0.040849,-0.474304,0.972700,0.001797,-0.001788,0.009661,-0.533885,-0.520479,0.362550,0.000703,0.009542,0.001880,0.358791,0.005461,-0.015961,0.014553
0.043708,-0.472502,0.974993,-0.040774,-0.474338,0.972751,0.001808,-0.001785,0.009601,-0.533834,-0.520441,0.362624,0.000701,0.009541,0.001876,0.358867,0.005451,-0.015932,0.014526
0.043628,-0.472552,0.975031,-0.040741,-0.474357,0.972809,0.001819,-0.001781,0.009542,-0.533766,-0.520404,0.362699,0.000700,0.009507,0.001889,0.358937,0.005441,-0.015886,0.014499
0.043548,-0.472603,0.975085,-0.040693,-0.474404,0.972877,0.001815,-0.001792,0.009497,-0.533698,-0.520361,0.362767,0.000687,0.009490,0.001869,0.359024,0.005431,-0.015857,0.014473
0.043467,-0.472667,0.975140,-0.040660,-0.474438,0.972935,0.001826,-0.001803,0.009479,-0.533642,-0.520334,0.362836,0.000697,0.009489,0.001866,0.359105,0.005421,-0.015811,0.014446
0.043387,-0.472704,0.975177,-0.040612,-0.474485,0.973003,0.001822,-0.001799,0.009448,-0.533568,-0.520285,0.362905,0.000696,0.009438,0.001846,0.359186,0.005411,-0.015782,0.014419
0.043320,-0.472768,0.975232,-0.040537,-0.474532,0.973061,0.001805,-0.001823,0.009444,-0.533484,-0.520254,0.362985,0.000689,0.009437,0.001826,0.359268,0.005401,-0.015720,0.014393
0.043226,-0.472819,0.975278,-0.040462,-0.474593,0.973129,0.001802,-0.001820,0.009427,-0.533405,-0.520216,0.363053,0.000694,0.009403,0.001839,0.359349,0.005391,-0.015675,0.014366
0.043160,-0.472855,0.975332,-0.040373,-0.474640,0.973213,0.001798,-0.001803,0.009395,-0.533354,-0.520173,0.363133,0.000698,0.009386,0.001836,0.359424,0.005380,-0.015646,0.014323
0.043066,-0.472920,0.975378,-0.040270,-0.474688,0.973314,0.001795,-0.001800,0.009392,-0.533280,-0.520141,0.363213,0.000691,0.009352,0.001816,0.359511,0.005365,-0.015617,0.014280
0.042985,-0.472970,0.975424,-0.040154,-0.474748,0.973398,0.001792,-0.001796,0.009374,-0.533207,-0.520092,0.363293,0.000690,0.009351,0.001813,0.359592,0.005355,-0.015587,0.014253
0.042905,-0.473021,0.975479,-0.040024,-0.474809,0.973473,0.001775,-0.001779,0.009357,-0.533145,-0.520066,0.363356,0.000683,0.009333,0.001810,0.359690,0.005345,-0.015526,0.014227
0.042838,-0.473071,0.975516,-0.039895,-0.474856,0.973549,0.001785,-0.001776,0.009325,-0.533077,-0.520028,0.363430,0.000687,0.009300,0.001806,0.359788,0.005335,-0.015497,0.014200
0.042771,-0.473122,0.975579,-0.039698,-0.474904,0.973624,0.001782,-0.001773,0.009308,-0.533015,-0.519991,0.363499,0.000680,0.009250,0.001803,0.359880,0.005325,-0.015436,0.014141
0.042691,-0.473172,0.975625,-0.039487,-0.474951,0.973716,0.001778,-0.001769,0.009290,-0.532953,-0.519958,0.363573,0.000679,0.009233,0.001799,0.359978,0.005309,-0.015391,0.014099
0.042638,-0.473250,0.975679,-0.039264,-0.475052,0.973799,0.001761,-0.001752,0.009286,-0.532886,-0.519910,0.363642,0.000672,0.009215,0.001796,0.360070,0.005299,-0.015345,0.014072
0.042598,-0.473314,0.975725,-0.038973,-0.475113,0.973899,0.001663,-0.001735,0.009296,-0.532818,-0.519878,0.363721,0.000671,0.009198,0.001777,0.360156,0.005284,-0.015317,0.014014
0.042531,-0.473391,0.975771,-0.038562,-0.475173,0.973991,0.001606,-0.001719,0.009292,-0.532756,-0.519840,0.363812,0.000670,0.009165,0.001773,0.360232,0.005263,-0.015272,0.013939
0.042477,-0.473482,0.975825,-0.038045,-0.475220,0.974133,0.001590,-0.001729,0.009274,-0.532694,-0.519808,0.363908,0.000668,0.009147,0.001770,0.360313,0.005247,-0.015243,0.013849
0.042423,-0.473559,0.975880,-0.037582,-0.475281,0.974274,0.001587,-0.001726,0.009257,-0.532632,-0.519765,0.364004,0.000667,0.009130,0.001766,0.360388,0.005226,-0.015230,0.013743
0.042356,-0.473690,0.975942,-0.037095,-0.475355,0.974432,0.001624,-0.001722,0.009239,-0.532559,-0.519722,0.364095,0.000666,0.009113,0.001779,0.360463,0.005205,-0.015169,0.013685
0.042276,-0.473821,0.976005,-0.036649,-0.475402,0.974573,0.001648,-0.001719,0.009208,-0.532502,-0.519679,0.364174,0.000665,0.009095,0.001728,0.360538,0.005190,-0.015140,0.013580
0.042181,-0.473938,0.976067,-0.036191,-0.475449,0.974739,0.001658,-0.001716,0.009191,-0.532440,-0.519652,0.364248,0.000663,0.009030,0.001756,0.360619,0.005180,-0.015111,0.013522
0.042074,-0.474041,0.976138,-0.035735,-0.475496,0.974870,0.001668,-0.001713,0.009146,-0.532378,-0.519615,0.364322,0.000662,0.009045,0.001769,0.360706,0.005165,-0.015051,0.013480
0.041980,-0.474157,0.976184,-0.035414,-0.475542,0.974985,0.001665,-0.001709,0.009129,-0.532316,-0.519577,0.364390,0.000661,0.008996,0.001750,0.360792,0.005149,-0.015038,0.013439
0.041846,-0.474286,0.976254,-0.034774,-0.475589,0.975099,0.001662,-0.001706,0.009071,-0.532243,-0.519540,0.364459,0.000659,0.008994,0.001731,0.360894,0.005145,-0.014977,0.013397
0.041739,-0.474402,0.976292,-0.034136,-0.475623,0.975172,0.001672,-0.001689,0.009027,-0.532176,-0.519497,0.364532,0.000658,0.008961,0.001743,0.360980,0.005135,-0.014933,0.013419
0.041619,-0.474518,0.976346,-0.033594,-0.475644,0.975245,0.001655,-0.001646,0.008983,-0.532108,-0.519448,0.364601,0.000662,0.008913,0.001708,0.361072,0.005120,-0.014888,0.013408
0.041473,-0.474607,0.976383,-0.033172,-0.475691,0.975309,0.001652,-0.001630,0.008887,-0.532052,-0.519405,0.364669,0.000666,0.008895,0.001736,0.361163,0.005115,-0.014844,0.013367
0.041340,-0.474708,0.976429,-0.032937,-0.475738,0.975365,0.001649,-0.001614,0.008777,-0.531979,-0.519373,0.364743,0.000660,0.008863,0.001717,0.361233,0.005100,-0.014846,0.013341
0.041141,-0.474810,0.976483,-0.032767,-0.475771,0.975413,0.001659,-0.001611,0.008642,-0.531912,-0.519330,0.364816,0.000664,0.008799,0.001730,0.361319,0.005090,-0.014786,0.013331
0.040969,-0.474872,0.976528,-0.032664,-0.475832,0.975461,0.001669,-0.001621,0.008599,-0.531839,-0.519293,0.364896,0.000663,0.008797,0.001711,0.361399,0.005085,-0.014773,0.013336
0.040745,-0.474934,0.976566,-0.032627,-0.475866,0.975508,0.001692,-0.001617,0.008503,-0.531739,-0.519250,0.364964,0.000661,0.008764,0.001692,0.361496,0.005070,-0.014698,0.013279
0.040522,-0.474983,0.976620,-0.032642,-0.475913,0.975556,0.001702,-0.001640,0.008421,-0.531640,-0.519217,0.365032,0.000655,0.008732,0.001688,0.361587,0.005071,-0.014654,0.013253
0.040299,-0.475045,0.976665,-0.032683,-0.475947,0.975604,0.001685,-0.001663,0.008366,-0.531546,-0.519175,0.365106,0.000659,0.008699,0.001701,0.361689,0.005050,-0.014610,0.013227
0.040103,-0.475107,0.976711,-0.032697,-0.475994,0.975652,0.001682,-0.001660,0.008336,-0.531415,-0.519132,0.365174,0.000663,0.008682,0.001682,0.361817,0.005040,-0.014581,0.013201
0.039946,-0.475156,0.976757,-0.032698,-0.476054,0.975699,0.001679,-0.001670,0.008333,-0.531273,-0.519100,0.365248,0.000656,0.008650,0.001694,0.361946,0.005036,-0.014506,0.013175
0.039816,-0.475217,0.976811,-0.032660,-0.476101,0.975747,0.001688,-0.001654,0.008316,-0.531105,-0.519062,0.365311,0.000655,0.008618,0.001675,0.362105,0.005026,-0.014462,0.013134
0.039724,-0.475279,0.976848,-0.032595,-0.476161,0.975795,0.001672,-0.001663,0.008300,-0.530932,-0.519019,0.365379,0.000648,0.008570,0.001672,0.362297,0.005011,-0.014403,0.013062
0.039646,-0.475341,0.976894,-0.032479,-0.476208,0.975843,0.001682,-0.001660,0.008271,-0.530749,-0.518982,0.365453,0.000652,0.008553,0.001684,0.362530,0.005001,-0.014359,0.013052
0.039581,-0.475428,0.976939,-0.032363,-0.476255,0.975898,0.001678,-0.001644,0.008267,-0.530535,-0.518944,0.365516,0.000646,0.008505,0.001665,0.362790,0.004996,-0.014285,0.012995
0.039502,-0.475490,0.976985,-0.032209,-0.476315,0.975946,0.001675,-0.001641,0.008251,-0.530226,-0.518907,0.365589,0.000644,0.008458,0.001662,0.363175,0.004986,-0.014257,0.012970
0.039411,-0.475564,0.977039,-0.032068,-0.476362,0.975994,0.001659,-0.001637,0.008247,-0.529792,-0.518864,0.365657,0.000643,0.008457,0.001659,0.363533,0.004977,-0.014198,0.012883
0.039333,-0.475664,0.977101,-0.031953,-0.476434,0.976050,0.001656,-0.001634,0.008231,-0.529412,-0.518832,0.365741,0.000642,0.008409,0.001640,0.364047,0.004967,-0.014155,0.012797
0.039241,-0.475777,0.977170,-0.031825,-0.476520,0.976105,0.001601,-0.001618,0.008228,-0.528918,-0.518794,0.365852,0.000646,0.008377,0.001637,0.364654,0.004946,-0.014111,0.012680
0.039138,-0.475927,0.977248,-0.031723,-0.476579,0.976169,0.001547,-0.001576,0.008198,-0.528294,-0.518757,0.365962,0.000634,0.008330,0.001634,0.365207,0.004936,-0.014053,0.012428
0.039021,-0.476116,0.977333,-0.031571,-0.476665,0.976233,0.001544,-0.001573,0.008195,-0.527411,-0.518714,0.366108,0.000633,0.008299,0.001646,0.365852,0.004927,-0.014010,0.012282
0.038917,-0.476380,0.977410,-0.031444,-0.476737,0.976296,0.001579,-0.001583,0.008153,-0.526391,-0.518682,0.366296,0.000632,0.008267,0.001627,0.366510,0.004922,-0.013921,0.012122
0.038763,-0.476694,0.977495,-0.031317,-0.476822,0.976376,0.001639,-0.001592,0.008149,-0.525488,-0.518634,0.366499,0.000635,0.008235,0.001624,0.367098,0.004912,-0.013848,0.012052
0.038609,-0.477008,0.977572,-0.031203,-0.476906,0.976463,0.001674,-0.001602,0.008120,-0.524782,-0.518596,0.366697,0.000634,0.008204,0.001606,0.367612,0.004897,-0.013775,0.012043
0.038455,-0.477510,0.977641,-0.031128,-0.477016,0.976534,0.001645,-0.001599,0.008116,-0.523933,-0.518564,0.366847,0.000628,0.008172,0.001617,0.368030,0.004892,-0.013688,0.012034
0.038276,-0.477972,0.977679,-0.031052,-0.477088,0.976581,0.001629,-0.001583,0.008087,-0.523212,-0.518521,0.367002,0.000632,0.008126,0.001599,0.368441,0.004877,-0.013615,0.012009
0.038111,-0.478344,0.977732,-0.030977,-0.477159,0.976629,0.001639,-0.001592,0.008058,-0.522622,-0.518484,0.367131,0.000630,0.008080,0.001596,0.368763,0.004872,-0.013543,0.011985
0.037920,-0.478816,0.977769,-0.030914,-0.477193,0.976676,0.001635,-0.001589,0.008029,-0.522066,-0.518451,0.367331,0.000629,0.008048,0.001593,0.369141,0.004857,-0.013426,0.011946
0.037780,-0.479097,0.977814,-0.030864,-0.477227,0.976724,0.001632,-0.001573,0.008013,-0.521795,-0.518409,0.367496,0.000628,0.008032,0.001589,0.369487,0.004848,-0.013339,0.011966
0.037716,-0.479353,0.977859,-0.030788,-0.477248,0.976771,0.001629,-0.001570,0.007984,-0.521720,-0.518376,0.367700,0.000627,0.007986,0.001586,0.369724,0.004843,-0.013238,0.011912
0.037626,-0.479595,0.977905,-0.030726,-0.477270,0.976826,0.001625,-0.001579,0.007955,-0.521644,-0.518334,0.367874,0.000620,0.007940,0.001583,0.370021,0.004828,-0.013166,0.011903
0.037562,-0.479774,0.977950,-0.030663,-0.477304,0.976874,0.001609,-0.001576,0.007952,-0.521585,-0.518291,0.368052,0.000629,0.007909,0.001580,0.370359,0.004818,-0.013080,0.011864
0.037510,-0.479903,0.977995,-0.030600,-0.477350,0.976937,0.001606,-0.001585,0.007935,-0.521515,-0.518264,0.368250,0.000618,0.007849,0.001577,0.370634,0.004803,-0.013009,0.011795
0.037433,-0.479993,0.978040,-0.030537,-0.477397,0.977015,0.001615,-0.001570,0.007931,-0.521435,-0.518221,0.368443,0.000621,0.007788,0.001573,0.370893,0.004798,-0.012924,0.011785
0.037356,-0.480047,0.978085,-0.030474,-0.477456,0.977093,0.001600,-0.001566,0.007903,-0.521340,-0.518189,0.368716,0.000620,0.007684,0.001570,0.371192,0.004788,-0.012853,0.011761
0.037266,-0.480063,0.978130,-0.030399,-0.477502,0.977195,0.001547,-0.001551,0.007911,-0.521251,-0.518151,0.368958,0.000614,0.007595,0.001552,0.371413,0.004773,-0.012783,0.011693
0.037202,-0.480080,0.978183,-0.030299,-0.477549,0.977319,0.001408,-0.001498,0.007932,-0.521166,-0.518104,0.369265,0.000613,0.007521,0.001564,0.371564,0.004758,-0.012727,0.011713
0.037112,-0.480109,0.978229,-0.030162,-0.477583,0.977481,0.001368,-0.001495,0.007891,-0.521067,-0.518061,0.369592,0.000611,0.007476,0.001546,0.371623,0.004744,-0.012671,0.011630
0.037060,-0.480126,0.978274,-0.030001,-0.477642,0.977682,0.001377,-0.001492,0.007899,-0.521008,-0.518029,0.369947,0.000610,0.007402,0.001528,0.371686,0.004729,-0.012601,0.011548
0.037008,-0.480167,0.978319,-0.029853,-0.477676,0.977889,0.001387,-0.001501,0.007870,-0.520954,-0.517991,0.370296,0.000604,0.007343,0.001539,0.371745,0.004719,-0.012575,0.011451
0.036930,-0.480208,0.978372,-0.029656,-0.477735,0.978150,0.001408,-0.001498,0.007854,-0.520911,-0.517949,0.370619,0.000602,0.007270,0.001536,0.371804,0.004699,-0.012506,0.011398
0.036902,-0.480237,0.978424,-0.029484,-0.477781,0.978371,0.001418,-0.001495,0.007838,-0.520857,-0.517911,0.370941,0.000601,0.007182,0.001547,0.371868,0.004674,-0.012465,0.011403
0.036813,-0.480266,0.978470,-0.029240,-0.477828,0.978576,0.001415,-0.001492,0.007821,-0.520808,-0.517854,0.371252,0.000600,0.007110,0.001544,0.371927,0.004649,-0.012410,0.011351
0.036748,-0.480296,0.978515,-0.029032,-0.477874,0.978690,0.001399,-0.001476,0.007805,-0.520770,-0.517801,0.371427,0.000599,0.007066,0.001527,0.371981,0.004630,-0.012370,0.011341
0.036658,-0.480325,0.978567,-0.028753,-0.477921,0.978871,0.001384,-0.001473,0.007788,-0.520716,-0.517744,0.371626,0.000592,0.007008,0.001523,0.372040,0.004575,-0.012315,0.011289
0.036557,-0.480391,0.978620,-0.028523,-0.477967,0.978984,0.001381,-0.001470,0.007772,-0.520672,-0.517697,0.371756,0.000596,0.006979,0.001534,0.372103,0.004541,-0.012275,0.011250
0.036480,-0.480444,0.978673,-0.028196,-0.478013,0.979126,0.001391,-0.001479,0.007756,-0.520624,-0.517650,0.371939,0.000600,0.006907,0.001531,0.372162,0.004521,-0.012234,0.011184
0.036355,-0.480497,0.978733,-0.027932,-0.478072,0.979238,0.001412,-0.001476,0.007715,-0.520575,-0.517612,0.372098,0.000604,0.006878,0.001514,0.372221,0.004512,-0.012180,0.011146
0.036169,-0.480551,0.978786,-0.027704,-0.478106,0.979373,0.001421,-0.001473,0.007675,-0.520532,-0.517570,0.372221,0.000602,0.006835,0.001510,0.372280,0.004497,-0.012111,0.011094
0.035972,-0.480604,0.978853,-0.027537,-0.478189,0.979567,0.001430,-0.001470,0.007646,-0.520483,-0.517533,0.372304,0.000596,0.006792,0.001507,0.372339,0.004487,-0.012029,0.011056
0.035728,-0.480633,0.978913,-0.027406,-0.478283,0.979865,0.001439,-0.001455,0.007618,-0.520435,-0.517490,0.372383,0.000600,0.006777,0.001518,0.372398,0.004483,-0.011989,0.011032
0.035412,-0.480687,0.978966,-0.027348,-0.478389,0.980274,0.001448,-0.001464,0.007590,-0.520396,-0.517453,0.372442,0.000598,0.006749,0.001515,0.372457,0.004473,-0.011949,0.010995
0.035086,-0.480716,0.979033,-0.027325,-0.478460,0.980719,0.001469,-0.001484,0.007574,-0.520357,-0.517416,0.372501,0.000602,0.006706,0.001484,0.372515,0.004464,-0.011909,0.010957
0.034725,-0.480769,0.979093,-0.027350,-0.478506,0.980984,0.001489,-0.001529,0.007569,-0.520304,-0.517364,0.372560,0.000601,0.006692,0.001480,0.372579,0.004454,-0.011856,0.010920
0.034341,-0.480810,0.979130,-0.027422,-0.478516,0.981218,0.001510,-0.001526,0.007541,-0.520260,-0.517322,0.372614,0.000604,0.006649,0.001477,0.372643,0.004445,-0.011802,0.010896
0.033947,-0.480864,0.979182,-0.027518,-0.478550,0.981407,0.001495,-0.001534,0.007525,-0.520217,-0.517285,0.372682,0.000608,0.006649,0.001488,0.372697,0.004430,-0.011763,0.010901
0.033483,-0.480917,0.979227,-0.027624,-0.478597,0.981558,0.001491,-0.001543,0.007509,-0.520173,-0.517247,0.372741,0.000602,0.006607,0.001485,0.372761,0.004426,-0.011709,0.010863
0.032891,-0.480958,0.979272,-0.027718,-0.478631,0.981671,0.001488,-0.001551,0.007504,-0.520115,-0.517200,0.372810,0.000605,0.006592,0.001454,0.372824,0.004411,-0.011670,0.010854
0.032136,-0.481011,0.979317,-0.027799,-0.478677,0.981748,0.001485,-0.001571,0.007488,-0.520086,-0.517168,0.372878,0.000604,0.006564,0.001478,0.372888,0.004397,-0.011617,0.010830
0.031302,-0.481052,0.979355,-0.027857,-0.478735,0.981809,0.001470,-0.001556,0.007448,-0.520033,-0.517126,0.372937,0.000593,0.006536,0.001461,0.372942,0.004392,-0.011578,0.010807
0.030718,-0.481093,0.979407,-0.027866,-0.478770,0.981849,0.001467,-0.001553,0.007432,-0.519994,-0.517084,0.372996,0.000601,0.006522,0.001458,0.373010,0.004382,-0.011511,0.010811
0.030218,-0.481134,0.979452,-0.027864,-0.478816,0.981889,0.001475,-0.001549,0.007404,-0.519946,-0.517047,0.373060,0.000590,0.006494,0.001455,0.373074,0.004373,-0.011472,0.010774
0.029497,-0.481176,0.979497,-0.027815,-0.478874,0.981935,0.001460,-0.001546,0.007388,-0.519902,-0.517000,0.373123,0.000584,0.006466,0.001466,0.373128,0.004368,-0.011405,0.010736
0.028885,-0.481217,0.979541,-0.027766,-0.478909,0.981968,0.001469,-0.001531,0.007337,-0.519849,-0.516963,0.373182,0.000593,0.006465,0.001449,0.373196,0.004354,-0.011353,0.010713
0.028031,-0.481270,0.979594,-0.027658,-0.478967,0.982029,0.001477,-0.001528,0.007239,-0.519806,-0.516925,0.373236,0.000587,0.006437,0.001432,0.373269,0.004344,-0.011300,0.010703
0.027598,-0.481299,0.979638,-0.027528,-0.479013,0.982083,0.001462,-0.001501,0.007107,-0.519762,-0.516893,0.373300,0.000590,0.006409,0.001442,0.373338,0.004335,-0.011262,0.010652
0.027120,-0.481352,0.979690,-0.027305,-0.479059,0.982137,0.001459,-0.001475,0.006906,-0.519714,-0.516841,0.373358,0.000589,0.006423,0.001453,0.373425,0.004325,-0.011182,0.010615
0.026852,-0.481382,0.979735,-0.027072,-0.479105,0.982191,0.001456,-0.001460,0.006729,-0.519675,-0.516804,0.373417,0.000587,0.006381,0.001436,0.373512,0.004316,-0.011144,0.010578
0.026677,-0.481423,0.979773,-0.026770,-0.479163,0.982245,0.001453,-0.001422,0.006588,-0.519632,-0.516767,0.373476,0.000586,0.006367,0.001433,0.373604,0.004311,-0.011119,0.010568
0.026584,-0.481464,0.979818,-0.026469,-0.479198,0.982291,0.001450,-0.001407,0.006435,-0.519593,-0.516725,0.373535,0.000580,0.006353,0.001416,0.373700,0.004292,-0.011067,0.010545
0.026525,-0.481505,0.979863,-0.026123,-0.479255,0.982338,0.001446,-0.001370,0.006306,-0.519544,-0.516693,0.373594,0.000584,0.006312,0.001413,0.373824,0.004287,-0.011002,0.010508
0.026500,-0.481546,0.979908,-0.025813,-0.479302,0.982377,0.001443,-0.001355,0.006189,-0.519506,-0.516646,0.373648,0.000573,0.006311,0.001410,0.373944,0.004273,-0.010964,0.010498
0.026532,-0.481588,0.979959,-0.025515,-0.479348,0.982416,0.001428,-0.001318,0.006152,-0.519457,-0.516604,0.373711,0.000567,0.006297,0.001406,0.374077,0.004268,-0.010926,0.010461
0.026575,-0.481629,0.980004,-0.025287,-0.479405,0.982463,0.001425,-0.001338,0.006150,-0.519395,-0.516577,0.373770,0.000570,0.006283,0.001403,0.374200,0.004249,-0.010874,0.010451
0.026618,-0.481670,0.980056,-0.025128,-0.479474,0.982509,0.001433,-0.001335,0.006136,-0.519352,-0.516530,0.373834,0.000564,0.006228,0.001427,0.374300,0.004225,-0.010836,0.010414
0.026661,-0.481723,0.980108,-0.024981,-0.479532,0.982570,0.001419,-0.001343,0.006134,-0.519308,-0.516498,0.373892,0.000572,0.006188,0.001397,0.374409,0.004211,-0.010785,0.010377
0.026702,-0.481764,0.980160,-0.024856,-0.479612,0.982616,0.001427,-0.001329,0.006120,-0.519251,-0.516460,0.373956,0.000571,0.006160,0.001394,0.374499,0.004193,-0.010734,0.010327
0.026721,-0.481794,0.980205,-0.024744,-0.479692,0.982684,0.001413,-0.001337,0.006106,-0.519207,-0.516419,0.374010,0.000561,0.006160,0.001391,0.374575,0.004174,-0.010696,0.010277
0.026728,-0.481846,0.980257,-0.024677,-0.479772,0.982758,0.001297,-0.001323,0.006103,-0.519168,-0.516381,0.374083,0.000564,0.006132,0.001388,0.374642,0.004164,-0.010672,0.010227
0.026690,-0.481910,0.980308,-0.024621,-0.479829,0.982839,0.001125,-0.001286,0.006135,-0.519125,-0.516340,0.374201,0.000563,0.006118,0.001411,0.374690,0.004146,-0.010635,0.010150
0.026652,-0.481973,0.980353,-0.024565,-0.479897,0.982942,0.001021,-0.001283,0.006132,-0.519082,-0.516298,0.374361,0.000561,0.006091,0.001381,0.374748,0.004127,-0.010597,0.010087
0.026591,-0.482048,0.980412,-0.024509,-0.479932,0.983043,0.000985,-0.001280,0.006118,-0.519033,-0.516265,0.374544,0.000555,0.006051,0.001378,0.374814,0.004109,-0.010560,0.010025
0.026531,-0.482134,0.980457,-0.024464,-0.479977,0.983166,0.001017,-0.001277,0.006093,-0.518990,-0.516228,0.374716,0.000563,0.006037,0.001375,0.374872,0.004095,-0.010522,0.009989
0.026459,-0.482208,0.980501,-0.024419,-0.480023,0.983295,0.001081,-0.001274,0.006057,-0.518942,-0.516187,0.374884,0.000557,0.006010,0.001398,0.374925,0.004081,-0.010459,0.009966
0.026409,-0.482282,0.980553,-0.024363,-0.480058,0.983417,0.001123,-0.001283,0.006031,-0.518903,-0.516154,0.374996,0.000556,0.005996,0.001382,0.374982,0.004067,-0.010422,0.009956
0.026337,-0.482334,0.980591,-0.024318,-0.480104,0.983559,0.001165,-0.001268,0.005995,-0.518855,-0.516117,0.375090,0.000555,0.005969,0.001366,0.375044,0.004062,-0.010371,0.009959
0.026277,-0.482375,0.980636,-0.024262,-0.480150,0.983714,0.001196,-0.001288,0.005982,-0.518816,-0.516075,0.375147,0.000549,0.005942,0.001375,0.375102,0.004043,-0.010321,0.009923
0.026216,-0.482404,0.980687,-0.024217,-0.480195,0.983862,0.001204,-0.001285,0.005968,-0.518768,-0.516034,0.375209,0.000557,0.005916,0.001372,0.375159,0.004034,-0.010284,0.009914
0.026144,-0.482434,0.980739,-0.024194,-0.480230,0.983996,0.001201,-0.001293,0.005943,-0.518720,-0.515978,0.375267,0.000556,0.005902,0.001356,0.375217,0.004025,-0.010221,0.009864
0.026095,-0.482464,0.980790,-0.024160,-0.480287,0.984102,0.001198,-0.001279,0.005940,-0.518672,-0.515928,0.375329,0.000554,0.005888,0.001366,0.375274,0.004011,-0.010198,0.009855
0.026023,-0.482515,0.980842,-0.024137,-0.480322,0.984194,0.001206,-0.001276,0.005926,-0.518624,-0.515891,0.375390,0.000553,0.005862,0.001363,0.375327,0.004002,-0.010148,0.009819
0.025951,-0.482556,0.980887,-0.024124,-0.480368,0.984272,0.001215,-0.001295,0.005913,-0.518590,-0.515854,0.375452,0.000547,0.005835,0.001360,0.375394,0.003997,-0.010111,0.009796
0.025869,-0.482597,0.980931,-0.024111,-0.480414,0.984356,0.001223,-0.001292,0.005888,-0.518542,-0.515808,0.375514,0.000550,0.005808,0.001369,0.375451,0.003987,-0.010075,0.009773
0.025797,-0.482649,0.980990,-0.024099,-0.480460,0.984434,0.001231,-0.001300,0.005863,-0.518494,-0.515766,0.375576,0.000554,0.005782,0.001340,0.375504,0.003974,-0.010000,0.009750
0.025726,-0.482700,0.981041,-0.024064,-0.480505,0.984525,0.001239,-0.001296,0.005849,-0.518451,-0.515729,0.375638,0.000548,0.005743,0.001337,0.375562,0.003964,-0.009950,0.009727
0.025655,-0.482730,0.981092,-0.024029,-0.480551,0.984615,0.001247,-0.001304,0.005825,-0.518407,-0.515692,0.375704,0.000547,0.005742,0.001334,0.375624,0.003959,-0.009901,0.009717
0.025573,-0.482782,0.981150,-0.023983,-0.480597,0.984692,0.001244,-0.001301,0.005822,-0.518364,-0.515655,0.375761,0.000545,0.005703,0.001331,0.375690,0.003950,-0.009852,0.009681
0.025523,-0.482812,0.981195,-0.023926,-0.480643,0.984775,0.001251,-0.001309,0.005808,-0.518321,-0.515614,0.375845,0.000544,0.005689,0.001328,0.375748,0.003936,-0.009778,0.009658
0.025452,-0.482852,0.981246,-0.023859,-0.480700,0.984859,0.001249,-0.001295,0.005784,-0.518282,-0.515577,0.375920,0.000543,0.005676,0.001325,0.375810,0.003931,-0.009691,0.009648
0.025402,-0.482893,0.981291,-0.023802,-0.480735,0.984942,0.001246,-0.001292,0.005770,-0.518234,-0.515540,0.376021,0.000537,0.005637,0.001321,0.375876,0.003918,-0.009630,0.009613
0.025341,-0.482934,0.981342,-0.023735,-0.480791,0.985011,0.001232,-0.001289,0.005767,-0.518190,-0.515498,0.376131,0.000536,0.005611,0.001318,0.375947,0.003908,-0.009594,0.009590
0.025281,-0.482975,0.981387,-0.023657,-0.480837,0.985080,0.001229,-0.001297,0.005742,-0.518147,-0.515457,0.376254,0.000539,0.005597,0.001328,0.376039,0.003895,-0.009559,0.009554
0.025220,-0.483037,0.981444,-0.023589,-0.480883,0.985136,0.001226,-0.001272,0.005729,-0.518099,-0.515429,0.376407,0.000538,0.005559,0.001325,0.376109,0.003890,-0.009511,0.009519
0.025160,-0.483099,0.981496,-0.023522,-0.480940,0.985191,0.001223,-0.001280,0.005715,-0.518056,-0.515383,0.376577,0.000536,0.005533,0.001309,0.376193,0.003880,-0.009488,0.009471
0.025099,-0.483160,0.981553,-0.023466,-0.480985,0.985247,0.001220,-0.001266,0.005701,-0.518008,-0.515350,0.376755,0.000535,0.005520,0.001331,0.376281,0.003867,-0.009427,0.009435
0.025039,-0.483222,0.981604,-0.023399,-0.481031,0.985289,0.001217,-0.001263,0.005687,-0.517969,-0.515305,0.376949,0.000534,0.005494,0.001303,0.376372,0.003862,-0.009392,0.009388
0.024979,-0.483284,0.981662,-0.023331,-0.481077,0.985331,0.001214,-0.001270,0.005674,-0.517921,-0.515268,0.377209,0.000532,0.005493,0.001299,0.376460,0.003852,-0.009357,0.009352
0.024918,-0.483356,0.981720,-0.023254,-0.481133,0.985373,0.001211,-0.001257,0.005660,-0.517882,-0.515235,0.377493,0.000535,0.005455,0.001296,0.376564,0.003839,-0.009334,0.009305
0.024868,-0.483428,0.981771,-0.023187,-0.481179,0.985422,0.001198,-0.001254,0.005646,-0.517830,-0.515194,0.377827,0.000530,0.005441,0.001293,0.376664,0.003829,-0.009274,0.009270
0.024797,-0.483500,0.981815,-0.023110,-0.481236,0.985457,0.001195,-0.001230,0.005632,-0.517778,-0.515148,0.378122,0.000524,0.005416,0.001302,0.376768,0.003816,-0.009239,0.009235
0.024747,-0.483561,0.981859,-0.023043,-0.481292,0.985493,0.001192,-0.001237,0.005619,-0.517730,-0.515111,0.378450,0.000527,0.005403,0.001287,0.376846,0.003811,-0.009217,0.009212
0.024676,-0.483632,0.981910,-0.022986,-0.481327,0.985535,0.001189,-0.001234,0.005605,-0.517691,-0.515079,0.378690,0.000526,0.005377,0.001296,0.376916,0.003797,-0.009182,0.009202
0.024616,-0.483693,0.981961,-0.022920,-0.481373,0.985577,0.001176,-0.001231,0.005581,-0.517652,-0.515042,0.378926,0.000525,0.005364,0.001293,0.376977,0.003792,-0.009159,0.009167
0.024555,-0.483754,0.982025,-0.022863,-0.481419,0.985619,0.001173,-0.001228,0.005577,-0.517600,-0.515000,0.379182,0.000523,0.005351,0.001277,0.377042,0.003787,-0.009112,0.009145
0.024484,-0.483846,0.982082,-0.022807,-0.481475,0.985661,0.001180,-0.001225,0.005564,-0.517557,-0.514959,0.379356,0.000518,0.005313,0.001287,0.377098,0.003773,-0.009090,0.009110
0.024414,-0.483917,0.982139,-0.022751,-0.481541,0.985709,0.001167,-0.001222,0.005550,-0.517518,-0.514927,0.379471,0.000517,0.005312,0.001283,0.377155,0.003768,-0.009043,0.009063
0.024332,-0.483998,0.982216,-0.022694,-0.481587,0.985744,0.001175,-0.001229,0.005536,-0.517470,-0.514885,0.379547,0.000520,0.005275,0.001268,0.377224,0.003755,-0.009008,0.009028
0.024252,-0.484089,0.982285,-0.022638,-0.481632,0.985831,0.001182,-0.001216,0.005512,-0.517499,-0.514844,0.379585,0.000522,0.005249,0.001277,0.377281,0.003746,-0.008974,0.009006
0.024140,-0.484169,0.982342,-0.022500,-0.481688,0.986135,0.001169,-0.001213,0.005478,-0.517867,-0.514816,0.379644,0.000517,0.005224,0.001262,0.377341,0.003732,-0.008951,0.009008
0.024008,-0.484270,0.982386,-0.022260,-0.482020,0.986726,0.001135,-0.001159,0.005403,-0.518845,-0.514775,0.379699,0.000520,0.005211,0.001259,0.377394,0.003723,-0.008905,0.008998
0.023816,-0.484330,0.982424,-0.022184,-0.482892,0.988002,0.001112,-0.001156,0.005277,-0.519321,-0.514733,0.379750,0.000519,0.005174,0.001267,0.377450,0.003713,-0.008883,0.008987
0.023695,-0.484390,0.982481,-0.022138,-0.483362,0.989266,0.001119,-0.001224,0.005203,-0.519560,-0.514701,0.379797,0.000517,0.005173,0.001252,0.377502,0.003704,-0.008848,0.008953
0.023453,-0.484439,0.982531,-0.022103,-0.484003,0.990962,0.001188,-0.001323,0.005139,-0.520160,-0.514664,0.379856,0.000524,0.005136,0.001261,0.377559,0.003695,-0.008790,0.008930
0.023363,-0.484488,0.982588,-0.022138,-0.484488,0.992060,0.001225,-0.001259,0.005055,-0.520657,-0.514648,0.379907,0.000519,0.005123,0.001234,0.377624,0.003690,-0.008768,0.008920
0.023223,-0.484517,0.982745,-0.022143,-0.484820,0.992819,0.001222,-0.001286,0.004982,-0.520961,-0.514760,0.379953,0.000513,0.005110,0.001243,0.377693,0.003676,-0.008734,0.008873
0.023134,-0.484597,0.983211,-0.022177,-0.485111,0.993378,0.001199,-0.001293,0.004929,-0.521114,-0.515222,0.380004,0.000516,0.005073,0.001228,0.377757,0.003671,-0.008700,0.008851
0.023005,-0.484837,0.983630,-0.022222,-0.485359,0.994161,0.001206,-0.001259,0.004907,-0.521325,-0.515826,0.380055,0.000511,0.005072,0.001237,0.377814,0.003658,-0.008678,0.008816
0.022867,-0.485166,0.984048,-0.022255,-0.485667,0.994665,0.001213,-0.001256,0.004854,-0.521537,-0.516003,0.380109,0.000509,0.005036,0.001245,0.377879,0.003652,-0.008620,0.008806
0.022748,-0.485584,0.984588,-0.022259,-0.485964,0.995091,0.001210,-0.001273,0.004812,-0.521626,-0.516048,0.380152,0.000508,0.005023,0.001230,0.377939,0.003639,-0.008598,0.008783
0.022640,-0.486059,0.985269,-0.022241,-0.486309,0.995508,0.001196,-0.001299,0.004779,-0.521697,-0.516052,0.380207,0.000507,0.004998,0.001227,0.378012,0.003630,-0.008564,0.008725
0.022562,-0.486493,0.985923,-0.022214,-0.486702,0.995924,0.001203,-0.001296,0.004777,-0.521731,-0.516019,0.380258,0.000506,0.004962,0.001212,0.378085,0.003620,-0.008519,0.008679
0.022484,-0.486964,0.986604,-0.022147,-0.487073,0.996170,0.001270,-0.001322,0.004755,-0.521777,-0.515982,0.380308,0.000500,0.004949,0.001221,0.378161,0.003611,-0.008497,0.008634
0.022446,-0.487522,0.987448,-0.022080,-0.487473,0.996483,0.001276,-0.001309,0.004752,-0.521875,-0.515937,0.380359,0.000503,0.004936,0.001229,0.378250,0.003598,-0.008451,0.008588
0.022388,-0.488008,0.987919,-0.021984,-0.487752,0.996788,0.001253,-0.001306,0.004740,-0.521992,-0.515900,0.380410,0.000502,0.004912,0.001226,0.378335,0.003588,-0.008406,0.008566
0.022360,-0.488374,0.988374,-0.021868,-0.488079,0.997134,0.001211,-0.001302,0.004748,-0.522057,-0.515931,0.380465,0.000500,0.004887,0.001200,0.378403,0.003583,-0.008408,0.008520
0.022341,-0.488659,0.988779,-0.021762,-0.488326,0.997357,0.001208,-0.001309,0.004745,-0.522088,-0.515987,0.380515,0.000495,0.004875,0.001208,0.378463,0.003570,-0.008363,0.008475
0.022342,-0.488992,0.989230,-0.021617,-0.488728,0.997559,0.001224,-0.001335,0.004752,-0.522307,-0.516246,0.380566,0.000494,0.004850,0.001217,0.378523,0.003564,-0.008329,0.008418
0.022342,-0.489197,0.989539,-0.021492,-0.489060,0.997651,0.001211,-0.001341,0.004740,-0.522465,-0.516488,0.380617,0.000496,0.004838,0.001225,0.378591,0.003551,-0.008308,0.008373
0.022371,-0.489469,0.989968,-0.021339,-0.489527,0.997749,0.001208,-0.001338,0.004737,-0.522622,-0.516784,0.380664,0.000491,0.004802,0.001199,0.378671,0.003534,-0.008286,0.008316
0.022380,-0.489749,0.990650,-0.021195,-0.489963,0.997937,0.001205,-0.001354,0.004725,-0.522813,-0.517051,0.380718,0.000490,0.004789,0.001196,0.378751,0.003525,-0.008241,0.008294
0.022389,-0.490009,0.991208,-0.021042,-0.490290,0.998221,0.001192,-0.001360,0.004712,-0.523091,-0.517403,0.380765,0.000493,0.004754,0.001204,0.378843,0.003511,-0.008231,0.008273
0.022398,-0.490238,0.991720,-0.020919,-0.490596,0.998842,0.001179,-0.001356,0.004719,-0.523494,-0.517951,0.380816,0.000487,0.004741,0.001201,0.378946,0.003510,-0.008198,0.008239
0.022396,-0.490437,0.992218,-0.020806,-0.490881,0.999634,0.001166,-0.001352,0.004716,-0.523771,-0.518437,0.380875,0.000486,0.004729,0.001186,0.379061,0.003497,-0.008165,0.008183
0.022375,-0.490597,0.992665,-0.020693,-0.491097,1.000145,0.001163,-0.001339,0.004704,-0.524031,-0.518940,0.380933,0.000485,0.004705,0.001183,0.379180,0.003488,-0.008154,0.008173
0.022345,-0.490680,0.993008,-0.020609,-0.491245,1.001026,0.001150,-0.001326,0.004691,-0.524368,-0.519495,0.380984,0.000483,0.004670,0.001180,0.379290,0.003478,-0.008121,0.008151
0.022314,-0.490743,0.993392,-0.020545,-0.491460,1.001662,0.001109,-0.001294,0.004669,-0.524699,-0.520274,0.381039,0.000486,0.004657,0.001177,0.379388,0.003465,-0.008100,0.008141
0.022264,-0.490815,0.993838,-0.020490,-0.491616,1.002528,0.001097,-0.001271,0.004657,-0.525067,-0.521111,0.381101,0.000477,0.004645,0.001174,0.379479,0.003452,-0.008067,0.008097
0.022204,-0.490849,0.994152,-0.020445,-0.491781,1.003205,0.001094,-0.001220,0.004644,-0.525620,-0.521744,0.381167,0.000476,0.004621,0.001159,0.379561,0.003443,-0.008034,0.008052
0.022125,-0.491054,0.994447,-0.020399,-0.491889,1.003902,0.001091,-0.001170,0.004622,-0.526041,-0.522075,0.381222,0.000478,0.004597,0.001167,0.379651,0.003433,-0.008001,0.008031
0.022066,-0.491239,0.995017,-0.020354,-0.491977,1.004624,0.001078,-0.001167,0.004610,-0.526490,-0.522201,0.381272,0.000477,0.004574,0.001164,0.379768,0.003424,-0.007979,0.007998
0.021997,-0.491300,0.996045,-0.020327,-0.492018,1.005266,0.001075,-0.001145,0.004607,-0.526987,-0.522474,0.381323,0.000476,0.004561,0.001161,0.379900,0.003415,-0.007924,0.007954
0.021937,-0.491456,0.996785,-0.020300,-0.492030,1.006075,0.001063,-0.001132,0.004585,-0.527400,-0.522930,0.381381,0.000474,0.004538,0.001158,0.380055,0.003406,-0.007914,0.007888
0.021877,-0.491498,0.997550,-0.020264,-0.492061,1.006593,0.001051,-0.001101,0.004573,-0.527833,-0.523306,0.381459,0.000473,0.004526,0.001166,0.380240,0.003396,-0.007892,0.007833
0.021808,-0.491530,0.998124,-0.020236,-0.492139,1.007610,0.001048,-0.001079,0.004560,-0.528341,-0.523803,0.381567,0.000472,0.004513,0.001129,0.380428,0.003387,-0.007849,0.007778
0.021758,-0.491535,0.998852,-0.020190,-0.492216,1.008318,0.001045,-0.001067,0.004538,-0.528902,-0.524621,0.381690,0.000474,0.004490,0.001137,0.380676,0.003374,-0.007838,0.007735
0.021698,-0.491539,0.999518,-0.020144,-0.492275,1.009150,0.001052,-0.001073,0.004526,-0.529246,-0.525225,0.381832,0.000469,0.004466,0.001145,0.380943,0.003365,-0.007806,0.007659
0.021630,-0.491646,1.000755,-0.020089,-0.492305,1.009850,0.001067,-0.001089,0.004495,-0.529900,-0.525559,0.381984,0.000468,0.004443,0.001142,0.381292,0.003359,-0.007762,0.007605
0.021570,-0.491725,1.001343,-0.020052,-0.492363,1.010696,0.001074,-0.001104,0.004492,-0.530231,-0.525811,0.382087,0.000467,0.004431,0.001128,0.381628,0.003342,-0.007730,0.007551
0.021520,-0.491766,1.002101,-0.020006,-0.492504,1.011521,0.001061,-0.001110,0.004489,-0.530636,-0.526285,0.382163,0.000465,0.004408,0.001125,0.381944,0.003333,-0.007709,0.007486
0.021460,-0.491752,1.002618,-0.019951,-0.492626,1.012375,0.001040,-0.001098,0.004476,-0.531041,-0.526789,0.382228,0.000464,0.004385,0.001122,0.382341,0.003324,-0.007666,0.007422
0.021400,-0.491766,1.003168,-0.019895,-0.492711,1.012948,0.001046,-0.001104,0.004455,-0.531591,-0.527403,0.382292,0.000467,0.004362,0.001130,0.382679,0.003319,-0.007633,0.007434
0.021350,-0.491770,1.003857,-0.019831,-0.492777,1.013713,0.001071,-0.001110,0.004424,-0.531965,-0.527747,0.382353,0.000461,0.004349,0.001126,0.382934,0.003306,-0.007612,0.007435
0.021309,-0.491748,1.004348,-0.019766,-0.492797,1.014148,0.001086,-0.001135,0.004421,-0.532347,-0.527988,0.382402,0.000456,0.004316,0.001123,0.383161,0.003289,-0.007580,0.007425
0.021285,-0.491725,1.004888,-0.019702,-0.492799,1.014780,0.001092,-0.001141,0.004408,-0.532805,-0.528137,0.382455,0.000459,0.004314,0.001109,0.383302,0.003280,-0.007537,0.007393
0.021244,-0.491658,1.005242,-0.019637,-0.492792,1.015147,0.001080,-0.001137,0.004414,-0.533122,-0.528222,0.382504,0.000454,0.004292,0.001106,0.383397,0.003270,-0.007516,0.007383
0.021202,-0.491518,1.005397,-0.019573,-0.492740,1.015364,0.001077,-0.001161,0.004402,-0.533296,-0.528265,0.382553,0.000456,0.004269,0.001114,0.383440,0.003261,-0.007484,0.007363
0.021169,-0.491389,1.005546,-0.019509,-0.492707,1.015653,0.001074,-0.001149,0.004389,-0.533431,-0.528422,0.382603,0.000455,0.004257,0.001111,0.383487,0.003248,-0.007452,0.007288
0.021109,-0.491305,1.005654,-0.019453,-0.492664,1.015907,0.001071,-0.001137,0.004377,-0.533613,-0.528496,0.382659,0.000454,0.004245,0.001097,0.383530,0.003239,-0.007431,0.007236
0.021040,-0.491222,1.005750,-0.019407,-0.492622,1.016126,0.001077,-0.001152,0.004364,-0.533760,-0.528452,0.382705,0.000452,0.004211,0.001094,0.383577,0.003230,-0.007400,0.007173
0.020962,-0.491229,1.005890,-0.019361,-0.492661,1.016404,0.001074,-0.001148,0.004352,-0.533983,-0.528539,0.382758,0.000455,0.004189,0.001101,0.383620,0.003224,-0.007368,0.007099
0.020893,-0.491263,1.006107,-0.019332,-0.492727,1.016697,0.001062,-0.001145,0.004339,-0.534142,-0.528820,0.382803,0.000454,0.004166,0.001088,0.383667,0.003211,-0.007336,0.007016
0.020789,-0.491297,1.006390,-0.019330,-0.492846,1.016933,0.001068,-0.001133,0.004309,-0.534369,-0.529150,0.382853,0.000452,0.004144,0.001084,0.383717,0.003202,-0.007315,0.006932
0.020658,-0.491340,1.006616,-0.019354,-0.492946,1.017317,0.001056,-0.001130,0.004297,-0.534728,-0.529604,0.382906,0.000455,0.004121,0.001081,0.383760,0.003193,-0.007263,0.006902
0.020510,-0.491445,1.006906,-0.019405,-0.493117,1.017770,0.001044,-0.001109,0.004302,-0.535052,-0.530103,0.382948,0.000453,0.004109,0.001078,0.383807,0.003180,-0.007252,0.006892
0.020354,-0.491558,1.007300,-0.019490,-0.493216,1.018132,0.001050,-0.001114,0.004281,-0.535186,-0.530189,0.383004,0.000452,0.004077,0.001075,0.383854,0.003167,-0.007210,0.006872
0.020198,-0.491644,1.007707,-0.019574,-0.493315,1.018624,0.001047,-0.001093,0.004286,-0.535463,-0.530293,0.383061,0.000451,0.004075,0.001072,0.383904,0.003151,-0.007189,0.006863
0.019991,-0.491659,1.008102,-0.019701,-0.493422,1.019030,0.001052,-0.001099,0.004265,-0.535672,-0.530550,0.383117,0.000446,0.004053,0.001079,0.383948,0.003145,-0.007158,0.006833
0.019766,-0.491701,1.008455,-0.019897,-0.493450,1.019292,0.001040,-0.001104,0.004244,-0.535866,-0.530651,0.383170,0.000448,0.004041,0.001066,0.383998,0.003126,-0.007137,0.006823
0.019525,-0.491734,1.008719,-0.020153,-0.493469,1.019508,0.001037,-0.001093,0.004231,-0.536154,-0.530772,0.383223,0.000447,0.004009,0.001063,0.384038,0.003113,-0.007106,0.006793
0.019268,-0.491758,1.008976,-0.020337,-0.493505,1.019787,0.001034,-0.001089,0.004219,-0.536330,-0.530924,0.383290,0.000453,0.003987,0.001059,0.384091,0.003100,-0.007085,0.006732
0.018969,-0.491782,1.009285,-0.020451,-0.493516,1.020087,0.001040,-0.001095,0.004198,-0.536464,-0.531174,0.383353,0.000444,0.003975,0.001056,0.384135,0.003095,-0.007034,0.006681
0.018723,-0.491807,1.009512,-0.020624,-0.493544,1.020303,0.001028,-0.001074,0.004185,-0.536637,-0.531404,0.383413,0.000439,0.003953,0.001063,0.384178,0.003071,-0.007013,0.006682
0.018478,-0.491848,1.009726,-0.020727,-0.493614,1.020469,0.001034,-0.001071,0.004173,-0.536920,-0.531644,0.383480,0.000441,0.003921,0.001050,0.384232,0.003059,-0.006992,0.006621
0.018277,-0.491915,1.009901,-0.020768,-0.493642,1.020574,0.001031,-0.001077,0.004161,-0.537057,-0.531926,0.383536,0.000440,0.003889,0.001047,0.384275,0.003050,-0.006951,0.006591
0.018077,-0.491948,1.010091,-0.020818,-0.493678,1.020749,0.001019,-0.001073,0.004148,-0.537154,-0.532088,0.383609,0.000439,0.003867,0.001044,0.384325,0.003030,-0.006910,0.006572
0.017886,-0.492023,1.010339,-0.020867,-0.493731,1.021002,0.001025,-0.001070,0.004136,-0.537372,-0.532209,0.383672,0.000438,0.003846,0.001051,0.384369,0.003014,-0.006879,0.006542
0.017731,-0.492030,1.010542,-0.020898,-0.493750,1.021141,0.001013,-0.001084,0.004123,-0.537536,-0.532462,0.383742,0.000436,0.003814,0.001028,0.384419,0.003005,-0.006849,0.006533
0.017575,-0.492063,1.010738,-0.020937,-0.493769,1.021290,0.001019,-0.001081,0.004111,-0.537604,-0.532635,0.383812,0.000435,0.003802,0.001035,0.384466,0.002992,-0.006798,0.006503
0.017446,-0.492078,1.010907,-0.020958,-0.493779,1.021421,0.001007,-0.001086,0.004099,-0.537748,-0.532731,0.383867,0.000434,0.003761,0.001021,0.384516,0.002983,-0.006767,0.006483
0.017335,-0.492068,1.011011,-0.020971,-0.493789,1.021488,0.001004,-0.001074,0.004086,-0.537890,-0.532892,0.383930,0.000436,0.003720,0.001018,0.384556,0.002971,-0.006747,0.006454
0.017223,-0.492067,1.011088,-0.020975,-0.493758,1.021539,0.001009,-0.001079,0.004074,-0.538068,-0.533161,0.383982,0.000431,0.003688,0.001015,0.384610,0.002965,-0.006697,0.006424
0.017137,-0.492058,1.011180,-0.020961,-0.493751,1.021615,0.001006,-0.001068,0.004061,-0.538203,-0.533315,0.384034,0.000430,0.003637,0.001012,0.384650,0.002953,-0.006647,0.006405
0.017043,-0.492040,1.011261,-0.020948,-0.493745,1.021721,0.001003,-0.001073,0.004057,-0.538333,-0.533436,0.384090,0.000425,0.003607,0.001019,0.384700,0.002944,-0.006626,0.006375
0.016966,-0.491998,1.011352,-0.020917,-0.493715,1.021827,0.001000,-0.001061,0.004045,-0.538483,-0.533710,0.384138,0.000424,0.003566,0.001006,0.384750,0.002935,-0.006576,0.006366
0.016906,-0.491972,1.011457,-0.020869,-0.493667,1.021921,0.000997,-0.001075,0.004033,-0.538651,-0.533909,0.384184,0.000426,0.003525,0.001013,0.384797,0.002926,-0.006527,0.006336
0.016854,-0.491889,1.011567,-0.020813,-0.493596,1.022004,0.000986,-0.001063,0.004012,-0.538807,-0.533948,0.384236,0.000424,0.003495,0.001000,0.384844,0.002913,-0.006507,0.006317
0.016810,-0.491807,1.011624,-0.020741,-0.493492,1.022018,0.000999,-0.001068,0.004000,-0.538843,-0.534002,0.384284,0.000420,0.003474,0.000997,0.384890,0.002908,-0.006467,0.006307
0.016758,-0.491692,1.011619,-0.020660,-0.493331,1.021971,0.000988,-0.001056,0.003995,-0.538935,-0.534082,0.384330,0.000415,0.003464,0.000994,0.384937,0.002896,-0.006437,0.006288
0.016739,-0.491554,1.011557,-0.020580,-0.493146,1.021892,0.000977,-0.001053,0.003983,-0.539043,-0.534124,0.384378,0.000417,0.003443,0.000981,0.384981,0.002887,-0.006407,0.006287
0.016711,-0.491425,1.011475,-0.020491,-0.492988,1.021793,0.000990,-0.001058,0.003971,-0.539052,-0.534112,0.384430,0.000416,0.003423,0.000978,0.385031,0.002874,-0.006368,0.006258
0.016683,-0.491289,1.011322,-0.020402,-0.492830,1.021649,0.000979,-0.001047,0.003958,-0.538990,-0.534049,0.384492,0.000418,0.003412,0.000975,0.385074,0.002862,-0.006339,0.006229
0.016647,-0.491153,1.011139,-0.020306,-0.492698,1.021439,0.000976,-0.001043,0.003938,-0.538911,-0.533995,0.384551,0.000420,0.003401,0.000972,0.385124,0.002860,-0.006319,0.006209
0.016619,-0.491027,1.010962,-0.020218,-0.492600,1.021164,0.000973,-0.001040,0.003925,-0.538842,-0.533955,0.384610,0.000412,0.003371,0.000959,0.385171,0.002847,-0.006280,0.006180
0.016575,-0.490918,1.010806,-0.020130,-0.492502,1.020905,0.000969,-0.001045,0.003913,-0.538766,-0.533898,0.384671,0.000411,0.003361,0.000966,0.385215,0.002835,-0.006269,0.006161
0.016531,-0.490850,1.010687,-0.020050,-0.492429,1.020713,0.000966,-0.001050,0.003909,-0.538680,-0.533836,0.384730,0.000413,0.003341,0.000953,0.385261,0.002826,-0.006221,0.006132
0.016486,-0.490791,1.010603,-0.019978,-0.492373,1.020547,0.000963,-0.001046,0.003888,-0.538586,-0.533745,0.384788,0.000408,0.003330,0.000950,0.385311,0.002820,-0.006201,0.006103
0.016434,-0.490772,1.010539,-0.019915,-0.492349,1.020416,0.000960,-0.001059,0.003884,-0.538526,-0.533668,0.384843,0.000410,0.003310,0.000947,0.385355,0.002808,-0.006162,0.006074
0.016389,-0.490770,1.010500,-0.019843,-0.492333,1.020311,0.000957,-0.001055,0.003871,-0.538471,-0.533602,0.384888,0.000405,0.003290,0.000953,0.385405,0.002799,-0.006124,0.006036
0.016337,-0.490799,1.010471,-0.019779,-0.492350,1.020231,0.000954,-0.001060,0.003851,-0.538426,-0.533537,0.384943,0.000407,0.003289,0.000941,0.385448,0.002793,-0.006095,0.006016
0.016276,-0.490829,1.010443,-0.019716,-0.492375,1.020171,0.000943,-0.001057,0.003839,-0.538381,-0.533520,0.384985,0.000406,0.003278,0.000947,0.385495,0.002781,-0.006066,0.005987
0.016224,-0.490867,1.010429,-0.019652,-0.492399,1.020116,0.000948,-0.001053,0.003834,-0.538341,-0.533545,0.385040,0.000405,0.003258,0.000935,0.385545,0.002772,-0.006046,0.005968
0.016171,-0.490896,1.010420,-0.019596,-0.492424,1.020061,0.000937,-0.001050,0.003822,-0.538340,-0.533575,0.385089,0.000403,0.003229,0.000922,0.385589,0.002763,-0.006027,0.005940
0.016119,-0.490934,1.010420,-0.019525,-0.492441,1.020005,0.000942,-0.001046,0.003809,-0.538347,-0.533572,0.385137,0.000396,0.003219,0.000919,0.385636,0.002754,-0.005989,0.005939
0.016066,-0.490955,1.010401,-0.019469,-0.492434,1.019940,0.000939,-0.001043,0.003805,-0.538254,-0.533521,0.385185,0.000401,0.003217,0.000926,0.385682,0.002748,-0.005978,0.005910
0.016014,-0.490969,1.010386,-0.019406,-0.492427,1.019875,0.000928,-0.001032,0.003792,-0.538164,-0.533469,0.385234,0.000400,0.003188,0.000913,0.385726,0.002733,-0.005931,0.005891
0.015961,-0.490960,1.010362,-0.019342,-0.492421,1.019805,0.000925,-0.001036,0.003772,-0.538071,-0.533451,0.385289,0.000398,0.003178,0.000910,0.385776,0.002727,-0.005902,0.005872
0.015909,-0.490943,1.010323,-0.019278,-0.492415,1.019735,0.000914,-0.001033,0.003760,-0.537946,-0.533405,0.385340,0.000394,0.003168,0.000907,0.385816,0.002718,-0.005874,0.005843
0.015856,-0.490965,1.010294,-0.019207,-0.492425,1.019670,0.000911,-0.001022,0.003755,-0.537840,-0.533307,0.385385,0.000392,0.003139,0.000904,0.385866,0.002706,-0.005854,0.005824
0.015804,-0.490965,1.010274,-0.019143,-0.492419,1.019600,0.000908,-0.001026,0.003743,-0.537724,-0.533244,0.385437,0.000394,0.003119,0.000911,0.385913,0.002700,-0.005835,0.005805
0.015751,-0.490995,1.010269,-0.019072,-0.492429,1.019535,0.000890,-0.001023,0.003730,-0.537624,-0.533172,0.385488,0.000396,0.003109,0.000898,0.385960,0.002695,-0.005807,0.005785
0.015706,-0.491017,1.010263,-0.019001,-0.492439,1.019465,0.000887,-0.001011,0.003718,-0.537511,-0.533070,0.385540,0.000389,0.003099,0.000887,0.386004,0.002679,-0.005769,0.005766
0.015646,-0.491047,1.010248,-0.018930,-0.492449,1.019405,0.000884,-0.001008,0.003713,-0.537392,-0.532978,0.385588,0.000390,0.003088,0.000884,0.386057,0.002670,-0.005741,0.005738
0.015593,-0.491077,1.010233,-0.018859,-0.492467,1.019335,0.000888,-0.001012,0.003693,-0.537272,-0.532887,0.385640,0.000389,0.003069,0.000889,0.386100,0.002661,-0.005704,0.005718
0.015549,-0.491092,1.010217,-0.018780,-0.492477,1.019270,0.000878,-0.001009,0.003673,-0.537147,-0.532785,0.385688,0.000385,0.003059,0.000878,0.386147,0.002652,-0.005693,0.005690
0.015496,-0.491099,1.010178,-0.018701,-0.492495,1.019195,0.000890,-0.000998,0.003660,-0.537015,-0.532668,0.385736,0.000386,0.003048,0.000866,0.386194,0.002643,-0.005665,0.005662
0.015451,-0.491122,1.010148,-0.018615,-0.492505,1.019125,0.000887,-0.001002,0.003648,-0.536887,-0.532554,0.385791,0.000379,0.003029,0.000863,0.386241,0.002638,-0.005637,0.005625
0.015421,-0.491145,1.010113,-0.018530,-0.492516,1.019042,0.000884,-0.000991,0.003636,-0.536746,-0.532440,0.385833,0.000381,0.003019,0.000860,0.386291,0.002622,-0.005609,0.005597
0.015383,-0.491160,1.010079,-0.018437,-0.492526,1.018967,0.000888,-0.000988,0.003623,-0.536605,-0.532324,0.385885,0.000379,0.003000,0.000857,0.386334,0.002617,-0.005590,0.005569
0.015360,-0.491183,1.010049,-0.018344,-0.492544,1.018902,0.000885,-0.000984,0.003611,-0.536470,-0.532210,0.385930,0.000378,0.002972,0.000863,0.386381,0.002605,-0.005544,0.005541
0.015337,-0.491198,1.010024,-0.018251,-0.492563,1.018842,0.000882,-0.000981,0.003598,-0.536330,-0.532093,0.385981,0.000374,0.002961,0.000860,0.386428,0.002599,-0.005525,0.005513
0.015314,-0.491214,1.010012,-0.018144,-0.492573,1.018777,0.000872,-0.000970,0.003586,-0.536199,-0.531976,0.386030,0.000373,0.002951,0.000848,0.386478,0.002590,-0.005497,0.005503
0.015298,-0.491208,1.009987,-0.018051,-0.492570,1.018717,0.000869,-0.000967,0.003574,-0.536058,-0.531860,0.386078,0.000371,0.002932,0.000854,0.386525,0.002578,-0.005478,0.005475
0.015281,-0.491209,1.009952,-0.017945,-0.492559,1.018656,0.000858,-0.000964,0.003561,-0.535918,-0.531722,0.386129,0.000373,0.002922,0.000851,0.386568,0.002569,-0.005451,0.005439
0.015279,-0.491181,1.009922,-0.017838,-0.492563,1.018596,0.000855,-0.000953,0.003549,-0.535775,-0.531602,0.386178,0.000369,0.002921,0.000839,0.386618,0.002560,-0.005406,0.005411
0.015277,-0.491183,1.009892,-0.017740,-0.492545,1.018531,0.000852,-0.000950,0.003536,-0.535626,-0.531468,0.386229,0.000367,0.002902,0.000845,0.386665,0.002551,-0.005387,0.005384
0.015274,-0.491163,1.009853,-0.017634,-0.492528,1.018466,0.000849,-0.000939,0.003517,-0.535480,-0.531325,0.386283,0.000372,0.002892,0.000833,0.386709,0.002545,-0.005359,0.005356
0.015271,-0.491143,1.009818,-0.017535,-0.492532,1.018410,0.000846,-0.000928,0.003504,-0.535325,-0.531188,0.386346,0.000368,0.002864,0.000822,0.386762,0.002533,-0.005340,0.005346
0.015260,-0.491138,1.009779,-0.017430,-0.492530,1.018345,0.000844,-0.000918,0.003492,-0.535156,-0.531033,0.386409,0.000366,0.002854,0.000810,0.386808,0.002524,-0.005313,0.005319
0.015249,-0.491155,1.009740,-0.017340,-0.492549,1.018284,0.000848,-0.000915,0.003479,-0.534987,-0.530859,0.386478,0.000362,0.002835,0.000816,0.386855,0.002515,-0.005286,0.005300
0.015216,-0.491180,1.009709,-0.017257,-0.492583,1.018228,0.000845,-0.000911,0.003467,-0.534804,-0.530661,0.386544,0.000364,0.002817,0.000822,0.386899,0.002506,-0.005267,0.005272
0.015183,-0.491211,1.009675,-0.017181,-0.492602,1.018172,0.000842,-0.000908,0.003448,-0.534613,-0.530469,0.386607,0.000363,0.002807,0.000819,0.386949,0.002497,-0.005240,0.005254
0.015143,-0.491250,1.009636,-0.017105,-0.492643,1.018111,0.000839,-0.000905,0.003435,-0.534398,-0.530308,0.386672,0.000358,0.002797,0.000816,0.386998,0.002491,-0.005221,0.005226
0.015089,-0.491295,1.009605,-0.017050,-0.492676,1.018046,0.000836,-0.000902,0.003423,-0.534199,-0.530129,0.386729,0.000360,0.002787,0.000805,0.387042,0.002479,-0.005177,0.005208
0.015034,-0.491327,1.009571,-0.016996,-0.492717,1.017981,0.000833,-0.000891,0.003403,-0.534018,-0.529922,0.386797,0.000359,0.002768,0.000802,0.387086,0.002467,-0.005150,0.005172
0.014973,-0.491386,1.009532,-0.016934,-0.492757,1.017916,0.000830,-0.000895,0.003391,-0.533811,-0.529710,0.386853,0.000360,0.002750,0.000790,0.387136,0.002458,-0.005123,0.005145
0.014911,-0.491432,1.009493,-0.016880,-0.492805,1.017851,0.000834,-0.000878,0.003379,-0.533596,-0.529573,0.386918,0.000359,0.002740,0.000787,0.387185,0.002450,-0.005104,0.005126
0.014857,-0.491484,1.009458,-0.016818,-0.492852,1.017790,0.000824,-0.000882,0.003359,-0.533428,-0.529416,0.386989,0.000355,0.002730,0.000785,0.387229,0.002441,-0.005077,0.005099
0.014802,-0.491543,1.009423,-0.016763,-0.492892,1.017729,0.000821,-0.000878,0.003347,-0.533262,-0.529260,0.387079,0.000356,0.002712,0.000765,0.387279,0.002432,-0.005059,0.005072
0.014748,-0.491588,1.009389,-0.016702,-0.492953,1.017672,0.000818,-0.000875,0.003335,-0.533089,-0.529127,0.387170,0.000352,0.002694,0.000771,0.387326,0.002420,-0.005032,0.005045
0.014694,-0.491640,1.009358,-0.016640,-0.492986,1.017620,0.000815,-0.000879,0.003323,-0.532936,-0.528969,0.387288,0.000348,0.002692,0.000768,0.387373,0.002419,-0.005005,0.005027
0.014639,-0.491678,1.009324,-0.016572,-0.493032,1.017555,0.000818,-0.000876,0.003303,-0.532780,-0.528813,0.387425,0.000350,0.002674,0.000773,0.387419,0.002405,-0.004979,0.005000
0.014585,-0.491729,1.009293,-0.016510,-0.493065,1.017502,0.000815,-0.000872,0.003291,-0.532622,-0.528656,0.387578,0.000345,0.002664,0.000770,0.387466,0.002399,-0.004960,0.004973
0.014537,-0.491760,1.009254,-0.016448,-0.493098,1.017437,0.000805,-0.000862,0.003279,-0.532455,-0.528507,0.387804,0.000347,0.002654,0.000751,0.387513,0.002390,-0.004925,0.004955
0.014476,-0.491798,1.009215,-0.016380,-0.493131,1.017376,0.000809,-0.000866,0.003273,-0.532281,-0.528375,0.388036,0.000346,0.002636,0.000748,0.387562,0.002381,-0.004907,0.004952
0.014421,-0.491828,1.009181,-0.016325,-0.493156,1.017315,0.000806,-0.000856,0.003254,-0.532129,-0.528240,0.388323,0.000344,0.002618,0.000754,0.387606,0.002369,-0.004872,0.004926
0.014367,-0.491859,1.009146,-0.016257,-0.493182,1.017250,0.000803,-0.000846,0.003242,-0.531963,-0.528109,0.388630,0.000343,0.002608,0.000743,0.387653,0.002366,-0.004846,0.004915
0.014313,-0.491890,1.009103,-0.016202,-0.493215,1.017180,0.000800,-0.000849,0.003223,-0.531814,-0.527969,0.388935,0.000339,0.002590,0.000740,0.387703,0.002351,-0.004828,0.004881
0.014251,-0.491921,1.009064,-0.016140,-0.493241,1.017119,0.000797,-0.000846,0.003211,-0.531650,-0.527847,0.389191,0.000340,0.002572,0.000745,0.387755,0.002342,-0.004801,0.004854
0.014197,-0.491958,1.009026,-0.016079,-0.493280,1.017054,0.000787,-0.000836,0.003192,-0.531507,-0.527716,0.389479,0.000339,0.002563,0.000742,0.387804,0.002333,-0.004783,0.004828
0.014149,-0.492003,1.008987,-0.016011,-0.493312,1.016988,0.000791,-0.000833,0.003186,-0.531359,-0.527588,0.389729,0.000338,0.002553,0.000739,0.387857,0.002324,-0.004749,0.004817
0.014095,-0.492033,1.008952,-0.015949,-0.493344,1.016919,0.000788,-0.000823,0.003167,-0.531211,-0.527460,0.389966,0.000337,0.002543,0.000737,0.387906,0.002315,-0.004731,0.004791
0.014040,-0.492077,1.008905,-0.015887,-0.493377,1.016858,0.000785,-0.000827,0.003155,-0.531064,-0.527332,0.390143,0.000335,0.002541,0.000734,0.387966,0.002309,-0.004697,0.004764
0.013979,-0.492108,1.008871,-0.015819,-0.493409,1.016792,0.000782,-0.000830,0.003143,-0.530924,-0.527199,0.390300,0.000337,0.002523,0.000723,0.388018,0.002300,-0.004679,0.004754
0.013938,-0.492145,1.008832,-0.015758,-0.493435,1.016723,0.000779,-0.000820,0.003124,-0.530785,-0.527064,0.390445,0.000333,0.002498,0.000720,0.388068,0.002291,-0.004653,0.004743
0.013877,-0.492182,1.008794,-0.015696,-0.493467,1.016657,0.000769,-0.000817,0.003118,-0.530652,-0.526953,0.390546,0.000331,0.002488,0.000717,0.388117,0.002282,-0.004634,0.004724
0.013816,-0.492207,1.008743,-0.015635,-0.493492,1.016592,0.000766,-0.000807,0.003106,-0.530518,-0.526837,0.390660,0.000333,0.002478,0.000707,0.388166,0.002273,-0.004609,0.004690
0.013768,-0.492244,1.008708,-0.015579,-0.493518,1.016523,0.000757,-0.000804,0.003094,-0.530387,-0.526720,0.390774,0.000329,0.002461,0.000704,0.388210,0.002262,-0.004583,0.004680
0.013714,-0.492281,1.008666,-0.015511,-0.493557,1.016461,0.000754,-0.000801,0.003082,-0.530265,-0.526604,0.390898,0.000327,0.002444,0.000701,0.388259,0.002253,-0.004572,0.004654
0.013653,-0.492305,1.008632,-0.015456,-0.493582,1.016396,0.000751,-0.000798,0.003069,-0.530142,-0.526491,0.391023,0.000324,0.002434,0.000699,0.388306,0.002244,-0.004539,0.004627
0.013605,-0.492348,1.008593,-0.015395,-0.493614,1.016331,0.000748,-0.000788,0.003057,-0.530019,-0.526377,0.391125,0.000325,0.002424,0.000688,0.388353,0.002235,-0.004521,0.004601
0.013544,-0.492392,1.008555,-0.015327,-0.493646,1.016266,0.000745,-0.000785,0.003045,-0.529894,-0.526274,0.391204,0.000324,0.002407,0.000693,0.388397,0.002226,-0.004488,0.004591
0.013496,-0.492429,1.008517,-0.015265,-0.493678,1.016200,0.000742,-0.000782,0.003033,-0.529771,-0.526164,0.391266,0.000320,0.002397,0.000698,0.388448,0.002217,-0.004477,0.004580
0.013442,-0.492466,1.008478,-0.015204,-0.493710,1.016135,0.000745,-0.000779,0.003021,-0.529646,-0.526061,0.391311,0.000318,0.002380,0.000687,0.388495,0.002206,-0.004444,0.004546
0.013394,-0.492502,1.008440,-0.015148,-0.493748,1.016070,0.000736,-0.000782,0.003008,-0.529534,-0.525955,0.391352,0.000320,0.002378,0.000685,0.388541,0.002197,-0.004426,0.004535
0.013333,-0.492539,1.008406,-0.015087,-0.493779,1.016004,0.000739,-0.000785,0.002990,-0.529411,-0.525847,0.391395,0.000318,0.002368,0.000674,0.388588,0.002190,-0.004401,0.004509
0.013285,-0.492588,1.008371,-0.015025,-0.493817,1.015939,0.000736,-0.000776,0.002978,-0.529293,-0.525747,0.391440,0.000317,0.002351,0.000679,0.388637,0.002181,-0.004383,0.004498
0.013218,-0.492631,1.008333,-0.014964,-0.493849,1.015874,0.000733,-0.000779,0.002965,-0.529179,-0.525641,0.391483,0.000318,0.002334,0.000676,0.388686,0.002170,-0.004358,0.004473
0.013157,-0.492680,1.008299,-0.014902,-0.493893,1.015804,0.000730,-0.000775,0.002953,-0.529061,-0.525538,0.391523,0.000314,0.002317,0.000674,0.388733,0.002161,-0.004332,0.004454
0.013103,-0.492735,1.008265,-0.014847,-0.493936,1.015739,0.000727,-0.000772,0.002941,-0.528943,-0.525435,0.391563,0.000311,0.002315,0.000656,0.388779,0.002154,-0.004314,0.004443
0.013042,-0.492783,1.008230,-0.014779,-0.493974,1.015674,0.000724,-0.000775,0.002929,-0.528826,-0.525332,0.391603,0.000312,0.002298,0.000661,0.388829,0.002146,-0.004275,0.004417
0.012988,-0.492832,1.008192,-0.014723,-0.494011,1.015608,0.000721,-0.000766,0.002917,-0.528713,-0.525232,0.391645,0.000308,0.002281,0.000665,0.388873,0.002134,-0.004264,0.004399
0.012928,-0.492886,1.008158,-0.014662,-0.494061,1.015543,0.000718,-0.000763,0.002904,-0.528596,-0.525133,0.391680,0.000307,0.002272,0.000662,0.388917,0.002128,-0.004239,0.004373
0.012873,-0.492946,1.008124,-0.014600,-0.494104,1.015474,0.000715,-0.000765,0.002892,-0.528478,-0.525033,0.391723,0.000310,0.002262,0.000660,0.388966,0.002119,-0.004214,0.004348
0.012819,-0.493006,1.008089,-0.014533,-0.494153,1.015405,0.000712,-0.000762,0.002880,-0.528360,-0.524935,0.391763,0.000309,0.002246,0.000650,0.389012,0.002107,-0.004196,0.004329
0.012765,-0.493054,1.008051,-0.014471,-0.494195,1.015340,0.000709,-0.000765,0.002868,-0.528245,-0.524834,0.391800,0.000305,0.002229,0.000640,0.389061,0.002101,-0.004171,0.004311
0.012710,-0.493107,1.008010,-0.014415,-0.494238,1.015267,0.000712,-0.000762,0.002862,-0.528130,-0.524733,0.391840,0.000304,0.002219,0.000637,0.389108,0.002089,-0.004147,0.004293
0.012656,-0.493161,1.007975,-0.014348,-0.494275,1.015198,0.000703,-0.000764,0.002843,-0.528014,-0.524632,0.391882,0.000303,0.002210,0.000641,0.389152,0.002083,-0.004129,0.004253
0.012596,-0.493214,1.007937,-0.014286,-0.494317,1.015125,0.000700,-0.000761,0.002837,-0.527901,-0.524527,0.391924,0.000301,0.002208,0.000625,0.389198,0.002072,-0.004111,0.004235
0.012547,-0.493261,1.007903,-0.014225,-0.494359,1.015056,0.000697,-0.000758,0.002819,-0.527784,-0.524426,0.391964,0.000300,0.002191,0.000636,0.389247,0.002065,-0.004093,0.004210
0.012493,-0.493308,1.007865,-0.014157,-0.494395,1.014987,0.000694,-0.000755,0.002807,-0.527673,-0.524327,0.392003,0.000296,0.002175,0.000626,0.389294,0.002054,-0.004062,0.004192
0.012445,-0.493354,1.007828,-0.014096,-0.494426,1.014919,0.000691,-0.000757,0.002795,-0.527560,-0.524233,0.392038,0.000295,0.002158,0.000617,0.389341,0.002047,-0.004044,0.004166
0.012384,-0.493389,1.007797,-0.014034,-0.494456,1.014846,0.000688,-0.000754,0.002788,-0.527447,-0.524137,0.392078,0.000294,0.002149,0.000621,0.389385,0.002038,-0.004033,0.004134
0.012330,-0.493436,1.007763,-0.013973,-0.494492,1.014778,0.000685,-0.000750,0.002776,-0.527338,-0.524050,0.392115,0.000295,0.002139,0.000625,0.389434,0.002027,-0.004009,0.004123
0.012276,-0.493470,1.007729,-0.013905,-0.494516,1.014712,0.000676,-0.000747,0.002764,-0.527218,-0.523963,0.392150,0.000291,0.002123,0.000615,0.389480,0.002018,-0.003991,0.004091
0.012227,-0.493499,1.007694,-0.013844,-0.494540,1.014640,0.000673,-0.000744,0.002752,-0.527107,-0.523869,0.392187,0.000295,0.002114,0.000613,0.389527,0.002009,-0.003960,0.004073
0.012173,-0.493528,1.007660,-0.013776,-0.494565,1.014571,0.000670,-0.000735,0.002739,-0.526991,-0.523777,0.392221,0.000291,0.002097,0.000603,0.389576,0.002000,-0.003942,0.004055
0.012119,-0.493557,1.007626,-0.013709,-0.494583,1.014506,0.000667,-0.000732,0.002727,-0.526880,-0.523678,0.392258,0.000292,0.002088,0.000600,0.389620,0.001991,-0.003931,0.004017
0.012064,-0.493586,1.007595,-0.013648,-0.494613,1.014438,0.000664,-0.000740,0.002715,-0.526764,-0.523581,0.392293,0.000291,0.002065,0.000598,0.389671,0.001985,-0.003900,0.004012
0.012010,-0.493615,1.007558,-0.013586,-0.494637,1.014369,0.000661,-0.000731,0.002697,-0.526648,-0.523472,0.392335,0.000290,0.002063,0.000595,0.389715,0.001973,-0.003889,0.003981
0.011956,-0.493644,1.007527,-0.013525,-0.494656,1.014304,0.000658,-0.000727,0.002690,-0.526530,-0.523371,0.392372,0.000286,0.002047,0.000592,0.389764,0.001964,-0.003865,0.003963
0.011907,-0.493672,1.007493,-0.013463,-0.494680,1.014236,0.000655,-0.000724,0.002678,-0.526416,-0.523267,0.392411,0.000287,0.002037,0.000590,0.389813,0.001955,-0.003848,0.003938
0.011847,-0.493701,1.007458,-0.013396,-0.494710,1.014171,0.000652,-0.000721,0.002666,-0.526293,-0.523165,0.392453,0.000281,0.002028,0.000587,0.389855,0.001947,-0.003837,0.003907
0.011792,-0.493730,1.007424,-0.013335,-0.494734,1.014102,0.000649,-0.000717,0.002654,-0.526175,-0.523059,0.392487,0.000282,0.002006,0.000584,0.389901,0.001938,-0.003812,0.003876
0.011738,-0.493765,1.007390,-0.013268,-0.494753,1.014037,0.000646,-0.000714,0.002641,-0.526054,-0.522950,0.392526,0.000283,0.002003,0.000568,0.389953,0.001926,-0.003788,0.003845
0.011684,-0.493794,1.007359,-0.013206,-0.494777,1.013972,0.000643,-0.000711,0.002629,-0.525929,-0.522846,0.392561,0.000277,0.001987,0.000579,0.389999,0.001918,-0.003777,0.003821
0.011629,-0.493822,1.007325,-0.013145,-0.494802,1.013907,0.000640,-0.000708,0.002617,-0.525806,-0.522740,0.392600,0.000278,0.001971,0.000563,0.390046,0.001911,-0.003747,0.003783
0.011575,-0.493857,1.007291,-0.013089,-0.494832,1.013842,0.000643,-0.000704,0.002605,-0.525685,-0.522634,0.392637,0.000277,0.001962,0.000567,0.390094,0.001900,-0.003736,0.003727
0.011521,-0.493886,1.007257,-0.013028,-0.494850,1.013777,0.000640,-0.000701,0.002593,-0.525563,-0.522525,0.392671,0.000276,0.001947,0.000558,0.390141,0.001893,-0.003718,0.003665
0.011461,-0.493909,1.007226,-0.012966,-0.494880,1.013712,0.000631,-0.000703,0.002580,-0.525442,-0.522419,0.392713,0.000274,0.001937,0.000555,0.390190,0.001882,-0.003694,0.003596
0.011412,-0.493943,1.007191,-0.012905,-0.494904,1.013651,0.000633,-0.000694,0.002563,-0.525319,-0.522311,0.392747,0.000273,0.001928,0.000559,0.390238,0.001873,-0.003670,0.003516
0.011358,-0.493972,1.007157,-0.012843,-0.494929,1.013586,0.000630,-0.000691,0.002556,-0.525199,-0.522204,0.392786,0.000272,0.001906,0.000550,0.390283,0.001864,-0.003659,0.003429
0.011303,-0.494006,1.007126,-0.012782,-0.494953,1.013521,0.000622,-0.000688,0.002544,-0.525074,-0.522094,0.392823,0.000272,0.001897,0.000554,0.390331,0.001855,-0.003635,0.003356
0.011249,-0.494030,1.007092,-0.012715,-0.494972,1.013456,0.000624,-0.000679,0.002531,-0.524953,-0.521985,0.392857,0.000267,0.001882,0.000551,0.390378,0.001844,-0.003624,0.003284
0.011195,-0.494059,1.007058,-0.012659,-0.494996,1.013394,0.000621,-0.000686,0.002519,-0.524830,-0.521877,0.392892,0.000266,0.001867,0.000542,0.390426,0.001837,-0.003600,0.003212
0.011135,-0.494087,1.007027,-0.012597,-0.495026,1.013329,0.000613,-0.000678,0.002502,-0.524703,-0.521767,0.392926,0.000266,0.001857,0.000540,0.390475,0.001828,-0.003583,0.003165
0.011086,-0.494111,1.006992,-0.012536,-0.495045,1.013267,0.000615,-0.000674,0.002495,-0.524579,-0.521656,0.392963,0.000265,0.001848,0.000537,0.390521,0.001819,-0.003565,0.003106
0.011032,-0.494145,1.006958,-0.012469,-0.495069,1.013199,0.000612,-0.000671,0.002477,-0.524456,-0.521548,0.393000,0.000262,0.001833,0.000534,0.390572,0.001810,-0.003542,0.003054
0.010977,-0.494169,1.006924,-0.012408,-0.495098,1.013137,0.000609,-0.000673,0.002465,-0.524329,-0.521439,0.393034,0.000263,0.001818,0.000532,0.390621,0.001802,-0.003524,0.003015
0.010923,-0.494198,1.006890,-0.012346,-0.495123,1.013072,0.000601,-0.000659,0.002458,-0.524200,-0.521327,0.393073,0.000261,0.001809,0.000529,0.390665,0.001793,-0.003507,0.002981
0.010863,-0.494232,1.006855,-0.012290,-0.495147,1.013004,0.000603,-0.000656,0.002446,-0.524076,-0.521221,0.393105,0.000262,0.001800,0.000526,0.390716,0.001784,-0.003490,0.002967
0.010809,-0.494261,1.006821,-0.012224,-0.495166,1.012942,0.000595,-0.000658,0.002434,-0.523953,-0.521106,0.393142,0.000257,0.001785,0.000524,0.390764,0.001773,-0.003472,0.002946
0.010755,-0.494284,1.006787,-0.012167,-0.495190,1.012877,0.000597,-0.000650,0.002421,-0.523825,-0.520996,0.393178,0.000257,0.001770,0.000515,0.390815,0.001766,-0.003443,0.002931
0.010706,-0.494313,1.006752,-0.012106,-0.495215,1.012812,0.000589,-0.000651,0.002404,-0.523702,-0.520886,0.393211,0.000256,0.001749,0.000512,0.390861,0.001757,-0.003437,0.002922
0.010641,-0.494342,1.006718,-0.012039,-0.495239,1.012747,0.000591,-0.000643,0.002397,-0.523576,-0.520774,0.393249,0.000255,0.001740,0.000516,0.390912,0.001746,-0.003414,0.002907
0.010597,-0.494371,1.006681,-0.011978,-0.495263,1.012682,0.000588,-0.000640,0.002380,-0.523449,-0.520666,0.393286,0.000255,0.001726,0.000525,0.390964,0.001739,-0.003390,0.002881
0.010547,-0.494395,1.006650,-0.011916,-0.495288,1.012617,0.000585,-0.000636,0.002372,-0.523325,-0.520552,0.393322,0.000252,0.001711,0.000505,0.391021,0.001730,-0.003361,0.002866
0.010483,-0.494429,1.006612,-0.011855,-0.495317,1.012555,0.000577,-0.000628,0.002355,-0.523201,-0.520440,0.393357,0.000251,0.001696,0.000502,0.391077,0.001721,-0.003356,0.002851
0.010429,-0.494458,1.006575,-0.011794,-0.495336,1.012487,0.000574,-0.000620,0.002348,-0.523076,-0.520324,0.393391,0.000250,0.001670,0.000499,0.391135,0.001712,-0.003332,0.002831
0.010379,-0.494482,1.006541,-0.011732,-0.495365,1.012422,0.000571,-0.000622,0.002336,-0.522952,-0.520204,0.393425,0.000248,0.001661,0.000491,0.391198,0.001703,-0.003309,0.002816
0.010325,-0.494515,1.006506,-0.011671,-0.495385,1.012360,0.000573,-0.000618,0.002319,-0.522830,-0.520094,0.393462,0.000247,0.001641,0.000483,0.391262,0.001693,-0.003292,0.002795
0.010271,-0.494544,1.006472,-0.011609,-0.495414,1.012295,0.000570,-0.000610,0.002306,-0.522702,-0.519976,0.393498,0.000246,0.001621,0.000492,0.391331,0.001686,-0.003269,0.002781
0.010216,-0.494573,1.006438,-0.011548,-0.495438,1.012229,0.000562,-0.000612,0.002294,-0.522580,-0.519865,0.393531,0.000242,0.001590,0.000483,0.391405,0.001677,-0.003252,0.002766
0.010162,-0.494602,1.006404,-0.011486,-0.495462,1.012167,0.000559,-0.000609,0.002282,-0.522456,-0.519751,0.393565,0.000243,0.001559,0.000481,0.391476,0.001666,-0.003229,0.002745
0.010103,-0.494631,1.006369,-0.011420,-0.495482,1.012102,0.000556,-0.000596,0.002270,-0.522330,-0.519644,0.393603,0.000244,0.001539,0.000478,0.391547,0.001659,-0.003211,0.002736
0.010049,-0.494660,1.006335,-0.011364,-0.495511,1.012037,0.000553,-0.000597,0.002258,-0.522204,-0.519532,0.393638,0.000238,0.001519,0.000476,0.391612,0.001646,-0.003183,0.002716
0.009994,-0.494684,1.006301,-0.011297,-0.495535,1.011975,0.000550,-0.000599,0.002245,-0.522080,-0.519425,0.393676,0.000241,0.001494,0.000473,0.391682,0.001639,-0.003160,0.002696
0.009945,-0.494717,1.006264,-0.011241,-0.495560,1.011910,0.000552,-0.000596,0.002233,-0.521956,-0.519313,0.393709,0.000238,0.001464,0.000476,0.391750,0.001630,-0.003143,0.002670
0.009886,-0.494746,1.006230,-0.011179,-0.495588,1.011845,0.000549,-0.000583,0.002221,-0.521838,-0.519206,0.393745,0.000238,0.001456,0.000468,0.391830,0.001623,-0.003115,0.002656
0.009831,-0.494775,1.006198,-0.011118,-0.495613,1.011780,0.000546,-0.000585,0.002209,-0.521718,-0.519097,0.393777,0.000235,0.001410,0.000465,0.391916,0.001614,-0.003098,0.002646
0.009777,-0.494809,1.006161,-0.011056,-0.495632,1.011715,0.000543,-0.000581,0.002197,-0.521596,-0.518991,0.393814,0.000234,0.001369,0.000463,0.392023,0.001605,-0.003075,0.002615
0.009718,-0.494833,1.006130,-0.010995,-0.495661,1.011653,0.000535,-0.000578,0.002184,-0.521474,-0.518884,0.393850,0.000231,0.001335,0.000455,0.392130,0.001596,-0.003053,0.002585
0.009668,-0.494866,1.006096,-0.010934,-0.495685,1.011588,0.000532,-0.000570,0.002172,-0.521358,-0.518780,0.393886,0.000233,0.001284,0.000452,0.392235,0.001588,-0.003030,0.002581
0.009610,-0.494895,1.006058,-0.010872,-0.495710,1.011522,0.000529,-0.000572,0.002160,-0.521238,-0.518673,0.393924,0.000230,0.001229,0.000455,0.392351,0.001579,-0.003013,0.002561
0.009551,-0.494924,1.006024,-0.010811,-0.495738,1.011457,0.000526,-0.000568,0.002148,-0.521118,-0.518569,0.393957,0.000231,0.001190,0.000447,0.392468,0.001568,-0.002996,0.002536
0.009496,-0.494953,1.005990,-0.010749,-0.495763,1.011389,0.000523,-0.000565,0.002136,-0.520998,-0.518462,0.393995,0.000229,0.001157,0.000439,0.392597,0.001563,-0.002979,0.002506
0.009447,-0.494986,1.005956,-0.010688,-0.495787,1.011324,0.000520,-0.000562,0.002123,-0.520878,-0.518356,0.394027,0.000226,0.001124,0.000437,0.392756,0.001550,-0.002957,0.002486
0.009388,-0.495015,1.005921,-0.010626,-0.495815,1.011259,0.000517,-0.000563,0.002111,-0.520756,-0.518254,0.394063,0.000228,0.001086,0.000445,0.392892,0.001539,-0.002929,0.002440
0.009334,-0.495048,1.005887,-0.010565,-0.495840,1.011194,0.000514,-0.000555,0.002099,-0.520636,-0.518147,0.394098,0.000224,0.001074,0.000437,0.393075,0.001534,-0.002918,0.002405
0.009279,-0.495081,1.005850,-0.010504,-0.495868,1.011126,0.000507,-0.000552,0.002087,-0.520518,-0.518043,0.394134,0.000222,0.001058,0.000434,0.393243,0.001525,-0.002885,0.002371
0.009225,-0.495114,1.005819,-0.010442,-0.495892,1.011061,0.000508,-0.000549,0.002075,-0.520398,-0.517940,0.394168,0.000221,0.001051,0.000432,0.393413,0.001516,-0.002868,0.002362
0.009175,-0.495147,1.005785,-0.010381,-0.495921,1.010993,0.000510,-0.000546,0.002062,-0.520278,-0.517834,0.394204,0.000221,0.001040,0.000429,0.393556,0.001505,-0.002841,0.002338
0.009117,-0.495180,1.005748,-0.010315,-0.495949,1.010928,0.000507,-0.000547,0.002050,-0.520158,-0.517732,0.394238,0.000222,0.001014,0.000422,0.393691,0.001498,-0.002824,0.002319
0.009067,-0.495213,1.005716,-0.010254,-0.495978,1.010861,0.000504,-0.000544,0.002034,-0.520042,-0.517630,0.394276,0.000217,0.001003,0.000419,0.393786,0.001488,-0.002797,0.002310
0.009012,-0.495246,1.005682,-0.010192,-0.496006,1.010796,0.000501,-0.000545,0.002021,-0.519922,-0.517526,0.394312,0.000217,0.000981,0.000412,0.393858,0.001480,-0.002781,0.002301
0.008958,-0.495279,1.005645,-0.010127,-0.496030,1.010731,0.000498,-0.000541,0.002009,-0.519802,-0.517422,0.394352,0.000214,0.000966,0.000414,0.393911,0.001472,-0.002749,0.002293
0.008904,-0.495312,1.005613,-0.010061,-0.496058,1.010663,0.000495,-0.000538,0.001997,-0.519683,-0.517317,0.394389,0.000215,0.000945,0.000407,0.393948,0.001463,-0.002727,0.002254
0.008849,-0.495341,1.005579,-0.009995,-0.496082,1.010595,0.000492,-0.000535,0.001985,-0.519562,-0.517213,0.394425,0.000210,0.000934,0.000409,0.393984,0.001452,-0.002701,0.002225
0.008795,-0.495377,1.005545,-0.009934,-0.496106,1.010530,0.000489,-0.000531,0.001973,-0.519443,-0.517107,0.394458,0.000211,0.000919,0.000402,0.394020,0.001445,-0.002679,0.002197
0.008741,-0.495398,1.005511,-0.009869,-0.496130,1.010463,0.000486,-0.000528,0.001961,-0.519323,-0.517002,0.394494,0.000209,0.000903,0.000404,0.394058,0.001438,-0.002653,0.002178
0.008687,-0.495434,1.005474,-0.009807,-0.496154,1.010395,0.000483,-0.000525,0.001948,-0.519203,-0.516896,0.394533,0.000210,0.000893,0.000402,0.394095,0.001427,-0.002632,0.002160
0.008636,-0.495459,1.005437,-0.009742,-0.496183,1.010330,0.000480,-0.000526,0.001936,-0.519082,-0.516792,0.394567,0.000208,0.000887,0.000404,0.394132,0.001418,-0.002615,0.002142
0.008582,-0.495492,1.005406,-0.009677,-0.496207,1.010263,0.000477,-0.000518,0.001924,-0.518963,-0.516685,0.394603,0.000204,0.000882,0.000387,0.394167,0.001407,-0.002584,0.002119
0.008524,-0.495524,1.005371,-0.009615,-0.496231,1.010198,0.000474,-0.000519,0.001912,-0.518842,-0.516581,0.394637,0.000202,0.000871,0.000394,0.394203,0.001399,-0.002559,0.002101
0.008473,-0.495553,1.005337,-0.009554,-0.496255,1.010133,0.000471,-0.000512,0.001900,-0.518722,-0.516472,0.394671,0.000204,0.000866,0.000387,0.394241,0.001388,-0.002538,0.002073
0.008415,-0.495585,1.005300,-0.009493,-0.496283,1.010068,0.000468,-0.000508,0.001888,-0.518603,-0.516370,0.394710,0.000200,0.000855,0.000384,0.394278,0.001377,-0.002503,0.002041
0.008365,-0.495614,1.005266,-0.009432,-0.496307,1.010000,0.000461,-0.000505,0.001875,-0.518483,-0.516264,0.394746,0.000200,0.000850,0.000382,0.394317,0.001365,-0.002477,0.002009
0.008310,-0.495646,1.005232,-0.009370,-0.496331,1.009935,0.000462,-0.000506,0.001863,-0.518363,-0.516157,0.394783,0.000200,0.000835,0.000379,0.394352,0.001358,-0.002456,0.001978
0.008252,-0.495678,1.005200,-0.009309,-0.496358,1.009873,0.000455,-0.000499,0.001851,-0.518243,-0.516051,0.394827,0.000199,0.000834,0.000377,0.394389,0.001348,-0.002426,0.001942
0.008202,-0.495707,1.005166,-0.009248,-0.496386,1.009808,0.000456,-0.000495,0.001839,-0.518123,-0.515945,0.394870,0.000198,0.000824,0.000375,0.394424,0.001337,-0.002401,0.001915
0.008144,-0.495735,1.005134,-0.009183,-0.496410,1.009741,0.000449,-0.000492,0.001827,-0.518001,-0.515840,0.394917,0.000195,0.000814,0.000377,0.394461,0.001324,-0.002376,0.001884
0.008089,-0.495767,1.005098,-0.009125,-0.496438,1.009678,0.000449,-0.000485,0.001814,-0.517880,-0.515731,0.394963,0.000194,0.000809,0.000370,0.394498,0.001316,-0.002361,0.001858
0.008035,-0.495800,1.005063,-0.009064,-0.496462,1.009613,0.000446,-0.000486,0.001802,-0.517758,-0.515626,0.395010,0.000192,0.000794,0.000367,0.394538,0.001304,-0.002340,0.001837
0.007981,-0.495828,1.005029,-0.009003,-0.496489,1.009548,0.000440,-0.000478,0.001790,-0.517638,-0.515522,0.395062,0.000193,0.000785,0.000365,0.394573,0.001294,-0.002316,0.001802
0.007926,-0.495860,1.004995,-0.008942,-0.496513,1.009483,0.000433,-0.000475,0.001778,-0.517517,-0.515413,0.395118,0.000191,0.000784,0.000353,0.394610,0.001285,-0.002300,0.001777
0.007872,-0.495889,1.004963,-0.008880,-0.496537,1.009418,0.000434,-0.000472,0.001769,-0.517397,-0.515306,0.395175,0.000188,0.000774,0.000355,0.394647,0.001275,-0.002280,0.001751
0.007814,-0.495917,1.004929,-0.008819,-0.496561,1.009353,0.000431,-0.000472,0.001750,-0.517274,-0.515199,0.395221,0.000187,0.000773,0.000353,0.394686,0.001265,-0.002255,0.001730
0.007760,-0.495945,1.004892,-0.008758,-0.496589,1.009288,0.000428,-0.000465,0.001741,-0.517151,-0.515090,0.395261,0.000186,0.000759,0.000355,0.394723,0.001257,-0.002231,0.001714
0.007706,-0.495977,1.004858,-0.008697,-0.496613,1.009226,0.000425,-0.000462,0.001729,-0.517029,-0.514986,0.395295,0.000186,0.000749,0.000344,0.394760,0.001244,-0.002215,0.001698
0.007659,-0.496006,1.004824,-0.008635,-0.496636,1.009158,0.000422,-0.000459,0.001717,-0.516906,-0.514881,0.395330,0.000183,0.000740,0.000345,0.394795,0.001235,-0.002195,0.001686
0.007601,-0.496034,1.004790,-0.008574,-0.496664,1.009093,0.000422,-0.000456,0.001705,-0.516785,-0.514774,0.395364,0.000182,0.000734,0.000343,0.394835,0.001225,-0.002176,0.001670
0.007546,-0.496062,1.004758,-0.008513,-0.496684,1.009031,0.000419,-0.000452,0.001693,-0.516665,-0.514667,0.395399,0.000182,0.000725,0.000341,0.394872,0.001215,-0.002160,0.001658
0.007492,-0.496091,1.004721,-0.008452,-0.496711,1.008963,0.000416,-0.000449,0.001677,-0.516544,-0.514561,0.395432,0.000181,0.000716,0.000342,0.394909,0.001208,-0.002132,0.001642
0.007438,-0.496119,1.004687,-0.008390,-0.496735,1.008898,0.000413,-0.000449,0.001665,-0.516422,-0.514455,0.395467,0.000181,0.000710,0.000332,0.394946,0.001197,-0.002112,0.001634
0.007380,-0.496144,1.004653,-0.008329,-0.496756,1.008836,0.000410,-0.000446,0.001653,-0.516301,-0.514347,0.395503,0.000178,0.000701,0.000333,0.394984,0.001189,-0.002089,0.001622
0.007326,-0.496176,1.004616,-0.008268,-0.496783,1.008771,0.000407,-0.000439,0.001640,-0.516180,-0.514243,0.395539,0.000175,0.000688,0.000335,0.395019,0.001179,-0.002061,0.001610
0.007271,-0.496204,1.004584,-0.008207,-0.496807,1.008704,0.000404,-0.000436,0.001632,-0.516054,-0.514136,0.395576,0.000173,0.000683,0.000328,0.395056,0.001171,-0.002046,0.001594
0.007221,-0.496232,1.004550,-0.008145,-0.496831,1.008641,0.000401,-0.000429,0.001616,-0.515935,-0.514028,0.395609,0.000173,0.000678,0.000326,0.395093,0.001160,-0.002022,0.001582
0.007170,-0.496261,1.004516,-0.008084,-0.496854,1.008574,0.000395,-0.000433,0.001607,-0.515812,-0.513921,0.395642,0.000173,0.000668,0.000323,0.395130,0.001154,-0.002007,0.001570
0.007109,-0.496289,1.004480,-0.008020,-0.496878,1.008509,0.000392,-0.000423,0.001595,-0.515691,-0.513814,0.395678,0.000172,0.000655,0.000317,0.395167,0.001145,-0.001988,0.001554
0.007058,-0.496317,1.004447,-0.007958,-0.496902,1.008444,0.000386,-0.000423,0.001583,-0.515571,-0.513699,0.395711,0.000169,0.000647,0.000311,0.395205,0.001135,-0.001961,0.001543
0.007003,-0.496346,1.004411,-0.007897,-0.496926,1.008379,0.000386,-0.000417,0.001571,-0.515453,-0.513591,0.395744,0.000166,0.000642,0.000312,0.395239,0.001125,-0.001942,0.001527
0.006949,-0.496374,1.004379,-0.007833,-0.496950,1.008314,0.000383,-0.000417,0.001559,-0.515330,-0.513486,0.395778,0.000165,0.000629,0.000310,0.395278,0.001117,-0.001927,0.001515
0.006898,-0.496402,1.004343,-0.007775,-0.496974,1.008251,0.000380,-0.000413,0.001547,-0.515210,-0.513378,0.395812,0.000164,0.000624,0.000307,0.395313,0.001107,-0.001904,0.001503
0.006841,-0.496431,1.004307,-0.007710,-0.496997,1.008184,0.000377,-0.000407,0.001534,-0.515088,-0.513272,0.395845,0.000165,0.000604,0.000305,0.395351,0.001099,-0.001882,0.001487
0.006786,-0.496459,1.004274,-0.007649,-0.497021,1.008119,0.000374,-0.000410,0.001519,-0.514967,-0.513166,0.395877,0.000164,0.000599,0.000306,0.395388,0.001090,-0.001863,0.001479
0.006729,-0.496484,1.004240,-0.007588,-0.497045,1.008054,0.000374,-0.000404,0.001510,-0.514847,-0.513060,0.395910,0.000161,0.000590,0.000300,0.395423,0.001082,-0.001852,0.001471
0.006678,-0.496516,1.004206,-0.007527,-0.497069,1.007989,0.000368,-0.000400,0.001498,-0.514727,-0.512954,0.395944,0.000160,0.000582,0.000301,0.395462,0.001074,-0.001822,0.001456
0.006623,-0.496541,1.004170,-0.007469,-0.497093,1.007924,0.000365,-0.000397,0.001486,-0.514604,-0.512847,0.395978,0.000159,0.000574,0.000292,0.395499,0.001064,-0.001807,0.001440
0.006572,-0.496572,1.004136,-0.007404,-0.497117,1.007861,0.000362,-0.000394,0.001473,-0.514483,-0.512740,0.396013,0.000157,0.000565,0.000285,0.395535,0.001055,-0.001792,0.001432
0.006518,-0.496604,1.004102,-0.007343,-0.497140,1.007794,0.000359,-0.000388,0.001461,-0.514362,-0.512634,0.396043,0.000156,0.000564,0.000287,0.395573,0.001046,-0.001770,0.001417
0.006460,-0.496632,1.004067,-0.007279,-0.497167,1.007729,0.000356,-0.000384,0.001446,-0.514241,-0.512530,0.396079,0.000156,0.000559,0.000284,0.395610,0.001038,-0.001756,0.001408
0.006403,-0.496660,1.004033,-0.007221,-0.497191,1.007666,0.000353,-0.000384,0.001437,-0.514121,-0.512423,0.396112,0.000153,0.000548,0.000286,0.395647,0.001029,-0.001741,0.001389
0.006349,-0.496689,1.004001,-0.007159,-0.497215,1.007599,0.000350,-0.000381,0.001422,-0.514000,-0.512318,0.396143,0.000153,0.000543,0.000280,0.395683,0.001020,-0.001719,0.001378
0.006295,-0.496720,1.003968,-0.007095,-0.497242,1.007536,0.000347,-0.000378,0.001410,-0.513881,-0.512213,0.396177,0.000151,0.000538,0.000274,0.395719,0.001011,-0.001704,0.001366
0.006243,-0.496751,1.003932,-0.007037,-0.497268,1.007471,0.000344,-0.000377,0.001397,-0.513761,-0.512106,0.396209,0.000151,0.000534,0.000271,0.395756,0.001003,-0.001690,0.001354
0.006189,-0.496779,1.003898,-0.006976,-0.497292,1.007406,0.000344,-0.000374,0.001385,-0.513640,-0.512001,0.396243,0.000149,0.000529,0.000269,0.395795,0.000993,-0.001671,0.001339
0.006135,-0.496808,1.003864,-0.006915,-0.497316,1.007341,0.000341,-0.000365,0.001373,-0.513523,-0.511896,0.396278,0.000148,0.000518,0.000267,0.395831,0.000984,-0.001657,0.001324
0.006077,-0.496839,1.003830,-0.006853,-0.497340,1.007276,0.000335,-0.000362,0.001361,-0.513402,-0.511790,0.396309,0.000147,0.000516,0.000261,0.395868,0.000975,-0.001642,0.001312
0.006026,-0.496870,1.003796,-0.006792,-0.497369,1.007211,0.000332,-0.000361,0.001349,-0.513282,-0.511685,0.396342,0.000144,0.000508,0.000262,0.395906,0.000964,-0.001621,0.001297
0.005972,-0.496898,1.003760,-0.006731,-0.497393,1.007145,0.000329,-0.000361,0.001334,-0.513163,-0.511579,0.396376,0.000144,0.000504,0.000260,0.395942,0.000957,-0.001599,0.001282
0.005915,-0.496932,1.003726,-0.006667,-0.497417,1.007080,0.000326,-0.000355,0.001325,-0.513042,-0.511474,0.396409,0.000142,0.000499,0.000257,0.395980,0.000947,-0.001588,0.001267
0.005863,-0.496960,1.003693,-0.006606,-0.497443,1.007015,0.000323,-0.000352,0.001310,-0.512920,-0.511369,0.396442,0.000139,0.000495,0.000258,0.396017,0.000939,-0.001574,0.001262
0.005806,-0.496991,1.003659,-0.006547,-0.497469,1.006950,0.000320,-0.000348,0.001297,-0.512800,-0.511264,0.396475,0.000140,0.000487,0.000256,0.396052,0.000930,-0.001556,0.001244
0.005752,-0.497022,1.003625,-0.006481,-0.497496,1.006883,0.000320,-0.000345,0.001288,-0.512681,-0.511158,0.396508,0.000138,0.000485,0.000250,0.396089,0.000921,-0.001541,0.001232
0.005700,-0.497055,1.003590,-0.006420,-0.497522,1.006817,0.000314,-0.000342,0.001273,-0.512561,-0.511053,0.396541,0.000136,0.000478,0.000245,0.396127,0.000912,-0.001520,0.001220
0.005643,-0.497086,1.003555,-0.006356,-0.497548,1.006752,0.000311,-0.000341,0.001264,-0.512440,-0.510948,0.396575,0.000134,0.000476,0.000242,0.396165,0.000904,-0.001509,0.001206
0.005592,-0.497119,1.003522,-0.006295,-0.497577,1.006685,0.000308,-0.000338,0.001249,-0.512323,-0.510843,0.396607,0.000135,0.000469,0.000243,0.396202,0.000895,-0.001495,0.001194
0.005540,-0.497152,1.003488,-0.006231,-0.497603,1.006620,0.000305,-0.000332,0.001237,-0.512202,-0.510738,0.396640,0.000133,0.000467,0.000238,0.396242,0.000885,-0.001477,0.001182
0.005483,-0.497183,1.003454,-0.006170,-0.497629,1.006554,0.000299,-0.000331,0.001225,-0.512081,-0.510632,0.396674,0.000131,0.000459,0.000232,0.396280,0.000877,-0.001462,0.001171
0.005429,-0.497213,1.003419,-0.006109,-0.497655,1.006490,0.000297,-0.000325,0.001213,-0.511964,-0.510527,0.396706,0.000130,0.000449,0.000230,0.396321,0.000869,-0.001445,0.001159
0.005375,-0.497244,1.003385,-0.006043,-0.497681,1.006424,0.000296,-0.000322,0.001203,-0.511843,-0.510422,0.396740,0.000128,0.000444,0.000231,0.396361,0.000859,-0.001427,0.001142
0.005320,-0.497274,1.003351,-0.005982,-0.497705,1.006359,0.000293,-0.000321,0.001188,-0.511723,-0.510317,0.396773,0.000128,0.000440,0.000228,0.396401,0.000850,-0.001413,0.001130
0.005266,-0.497304,1.003317,-0.005921,-0.497731,1.006294,0.000290,-0.000316,0.001176,-0.511604,-0.510213,0.396806,0.000126,0.000430,0.000226,0.396442,0.000842,-0.001396,0.001119
0.005212,-0.497332,1.003283,-0.005857,-0.497754,1.006227,0.000287,-0.000315,0.001167,-0.511484,-0.510108,0.396839,0.000125,0.000422,0.000224,0.396481,0.000834,-0.001378,0.001101
0.005157,-0.497360,1.003247,-0.005798,-0.497778,1.006163,0.000282,-0.000307,0.001154,-0.511364,-0.510002,0.396873,0.000123,0.000409,0.000221,0.396520,0.000825,-0.001367,0.001093
0.005103,-0.497388,1.003213,-0.005735,-0.497801,1.006096,0.000281,-0.000306,0.001140,-0.511244,-0.509895,0.396905,0.000122,0.000393,0.000216,0.396560,0.000816,-0.001347,0.001084
0.005049,-0.497418,1.003180,-0.005674,-0.497827,1.006031,0.000276,-0.000303,0.001130,-0.511125,-0.509792,0.396937,0.000122,0.000375,0.000217,0.396598,0.000806,-0.001335,0.001070
0.004994,-0.497446,1.003146,-0.005611,-0.497848,1.005965,0.000275,-0.000302,0.001118,-0.511005,-0.509685,0.396970,0.000120,0.000360,0.000214,0.396638,0.000797,-0.001315,0.001055
0.004938,-0.497473,1.003110,-0.005550,-0.497873,1.005900,0.000272,-0.000296,0.001106,-0.510885,-0.509579,0.397004,0.000119,0.000348,0.000209,0.396677,0.000790,-0.001301,0.001041
0.004886,-0.497501,1.003075,-0.005489,-0.497897,1.005834,0.000269,-0.000295,0.001094,-0.510765,-0.509475,0.397037,0.000117,0.000333,0.000210,0.396718,0.000779,-0.001287,0.001027
0.004832,-0.497529,1.003042,-0.005430,-0.497920,1.005769,0.000266,-0.000290,0.001079,-0.510646,-0.509368,0.397069,0.000117,0.000316,0.000207,0.396760,0.000771,-0.001270,0.001013
0.004780,-0.497559,1.003006,-0.005369,-0.497946,1.005704,0.000263,-0.000286,0.001067,-0.510525,-0.509263,0.397104,0.000114,0.000302,0.000202,0.396801,0.000764,-0.001256,0.001004
0.004721,-0.497587,1.002972,-0.005306,-0.497969,1.005639,0.000258,-0.000283,0.001055,-0.510405,-0.509157,0.397137,0.000113,0.000293,0.000197,0.396844,0.000755,-0.001239,0.000990
0.004669,-0.497617,1.002938,-0.005245,-0.497993,1.005573,0.000257,-0.000280,0.001043,-0.510286,-0.509050,0.397172,0.000111,0.000287,0.000198,0.396888,0.000745,-0.001219,0.000981
0.004614,-0.497646,1.002905,-0.005184,-0.498018,1.005510,0.000254,-0.000277,0.001031,-0.510165,-0.508944,0.397207,0.000111,0.000284,0.000195,0.396929,0.000738,-0.001202,0.000967
0.004560,-0.497674,1.002871,-0.005123,-0.498041,1.005445,0.000249,-0.000276,0.001019,-0.510045,-0.508839,0.397244,0.000110,0.000275,0.000193,0.396971,0.000728,-0.001191,0.000961
0.004506,-0.497702,1.002835,-0.005062,-0.498067,1.005380,0.000248,-0.000270,0.001006,-0.509923,-0.508732,0.397280,0.000109,0.000270,0.000191,0.397009,0.000718,-0.001177,0.000950
0.004449,-0.497732,1.002803,-0.004999,-0.498090,1.005315,0.000245,-0.000269,0.000994,-0.509802,-0.508625,0.397313,0.000107,0.000264,0.000188,0.397047,0.000711,-0.001160,0.000933
0.004397,-0.497757,1.002767,-0.004940,-0.498113,1.005250,0.000242,-0.000264,0.000982,-0.509683,-0.508521,0.397347,0.000105,0.000258,0.000184,0.397087,0.000702,-0.001146,0.000922
0.004341,-0.497787,1.002734,-0.004877,-0.498139,1.005186,0.000239,-0.000260,0.000970,-0.509561,-0.508415,0.397379,0.000103,0.000250,0.000181,0.397125,0.000693,-0.001132,0.000908
0.004287,-0.497815,1.002699,-0.004816,-0.498162,1.005121,0.000236,-0.000257,0.000958,-0.509441,-0.508309,0.397412,0.000103,0.000245,0.000179,0.397164,0.000685,-0.001113,0.000899
0.004234,-0.497842,1.002663,-0.004755,-0.498185,1.005056,0.000233,-0.000254,0.000946,-0.509321,-0.508203,0.397446,0.000102,0.000237,0.000177,0.397204,0.000675,-0.001099,0.000883
0.004180,-0.497870,1.002630,-0.004694,-0.498209,1.004992,0.000228,-0.000251,0.000934,-0.509200,-0.508097,0.397480,0.000101,0.000234,0.000175,0.397242,0.000668,-0.001085,0.000874
0.004124,-0.497898,1.002596,-0.004635,-0.498232,1.004926,0.000225,-0.000249,0.000920,-0.509081,-0.507991,0.397512,0.000100,0.000226,0.000172,0.397281,0.000659,-0.001068,0.000860
0.004071,-0.497927,1.002562,-0.004572,-0.498255,1.004861,0.000224,-0.000246,0.000909,-0.508961,-0.507885,0.397546,0.000098,0.000221,0.000170,0.397319,0.000649,-0.001054,0.000849
0.004015,-0.497955,1.002527,-0.004509,-0.498278,1.004797,0.000221,-0.000243,0.000895,-0.508840,-0.507780,0.397579,0.000097,0.000218,0.000168,0.397356,0.000641,-0.001040,0.000838
0.003963,-0.497983,1.002494,-0.004450,-0.498303,1.004732,0.000216,-0.000239,0.000883,-0.508721,-0.507674,0.397612,0.000095,0.000213,0.000166,0.397396,0.000633,-0.001024,0.000829
0.003907,-0.498008,1.002458,-0.004387,-0.498325,1.004667,0.000215,-0.000236,0.000871,-0.508599,-0.507568,0.397646,0.000094,0.000208,0.000161,0.397436,0.000625,-0.001010,0.000815
0.003854,-0.498038,1.002424,-0.004328,-0.498348,1.004602,0.000211,-0.000231,0.000859,-0.508479,-0.507461,0.397678,0.000093,0.000205,0.000161,0.397475,0.000615,-0.000996,0.000802
0.003802,-0.498065,1.002390,-0.004265,-0.498373,1.004537,0.000209,-0.000228,0.000847,-0.508359,-0.507353,0.397713,0.000092,0.000204,0.000159,0.397514,0.000607,-0.000980,0.000792
0.003744,-0.498095,1.002356,-0.004202,-0.498396,1.004472,0.000206,-0.000226,0.000835,-0.508236,-0.507247,0.397745,0.000090,0.000195,0.000154,0.397554,0.000598,-0.000966,0.000781
0.003693,-0.498124,1.002322,-0.004143,-0.498421,1.004408,0.000203,-0.000221,0.000821,-0.508116,-0.507141,0.397778,0.000088,0.000192,0.000150,0.397592,0.000589,-0.000950,0.000768
0.003637,-0.498152,1.002287,-0.004082,-0.498445,1.004343,0.000199,-0.000220,0.000811,-0.507995,-0.507037,0.397810,0.000088,0.000187,0.000152,0.397629,0.000581,-0.000934,0.000758
0.003583,-0.498179,1.002254,-0.004021,-0.498470,1.004278,0.000196,-0.000216,0.000797,-0.507875,-0.506931,0.397843,0.000086,0.000184,0.000146,0.397668,0.000571,-0.000918,0.000745
0.003528,-0.498207,1.002219,-0.003959,-0.498493,1.004213,0.000194,-0.000213,0.000785,-0.507755,-0.506824,0.397876,0.000084,0.000180,0.000147,0.397710,0.000563,-0.000904,0.000734
0.003474,-0.498235,1.002185,-0.003896,-0.498516,1.004148,0.000190,-0.000208,0.000773,-0.507635,-0.506719,0.397909,0.000084,0.000179,0.000143,0.397751,0.000554,-0.000890,0.000723
0.003420,-0.498264,1.002151,-0.003837,-0.498541,1.004084,0.000188,-0.000205,0.000761,-0.507515,-0.506614,0.397942,0.000082,0.000174,0.000141,0.397794,0.000546,-0.000874,0.000711
0.003366,-0.498291,1.002117,-0.003773,-0.498562,1.004019,0.000185,-0.000203,0.000749,-0.507395,-0.506509,0.397975,0.000080,0.000173,0.000139,0.397837,0.000537,-0.000860,0.000700
0.003311,-0.498320,1.002083,-0.003714,-0.498587,1.003954,0.000182,-0.000200,0.000736,-0.507276,-0.506403,0.398007,0.000080,0.000169,0.000135,0.397878,0.000528,-0.000844,0.000689
0.003257,-0.498348,1.002050,-0.003653,-0.498610,1.003888,0.000179,-0.000195,0.000724,-0.507156,-0.506297,0.398040,0.000078,0.000168,0.000132,0.397919,0.000519,-0.000832,0.000677
0.003203,-0.498376,1.002015,-0.003592,-0.498633,1.003824,0.000176,-0.000194,0.000712,-0.507036,-0.506192,0.398073,0.000077,0.000161,0.000130,0.397960,0.000511,-0.000817,0.000666
0.003148,-0.498403,1.001980,-0.003529,-0.498657,1.003759,0.000173,-0.000190,0.000700,-0.506916,-0.506086,0.398107,0.000076,0.000160,0.000128,0.397997,0.000503,-0.000803,0.000655
0.003093,-0.498432,1.001946,-0.003469,-0.498681,1.003694,0.000170,-0.000186,0.000687,-0.506796,-0.505981,0.398139,0.000074,0.000159,0.000128,0.398033,0.000494,-0.000787,0.000643
0.003040,-0.498458,1.001913,-0.003408,-0.498706,1.003629,0.000167,-0.000184,0.000675,-0.506675,-0.505875,0.398172,0.000073,0.000155,0.000125,0.398069,0.000485,-0.000772,0.000630
0.002986,-0.498487,1.001878,-0.003347,-0.498729,1.003564,0.000164,-0.000182,0.000663,-0.506555,-0.505769,0.398205,0.000071,0.000149,0.000120,0.398104,0.000476,-0.000758,0.000619
0.002931,-0.498516,1.001844,-0.003286,-0.498753,1.003499,0.000163,-0.000177,0.000651,-0.506432,-0.505662,0.398238,0.000070,0.000148,0.000122,0.398139,0.000468,-0.000743,0.000606
0.002877,-0.498545,1.001810,-0.003225,-0.498778,1.003434,0.000158,-0.000175,0.000637,-0.506312,-0.505557,0.398271,0.000069,0.000145,0.000119,0.398174,0.000459,-0.000729,0.000595
0.002823,-0.498575,1.001775,-0.003163,-0.498802,1.003369,0.000156,-0.000171,0.000626,-0.506192,-0.505452,0.398304,0.000068,0.000144,0.000116,0.398209,0.000450,-0.000713,0.000584
0.002768,-0.498604,1.001740,-0.003103,-0.498827,1.003305,0.000153,-0.000166,0.000613,-0.506072,-0.505345,0.398337,0.000066,0.000139,0.000114,0.398243,0.000441,-0.000701,0.000574
0.002713,-0.498635,1.001707,-0.003041,-0.498852,1.003240,0.000150,-0.000164,0.000601,-0.505952,-0.505239,0.398369,0.000065,0.000137,0.000110,0.398278,0.000432,-0.000686,0.000561
0.002660,-0.498663,1.001674,-0.002980,-0.498876,1.003174,0.000145,-0.000161,0.000589,-0.505832,-0.505134,0.398403,0.000063,0.000132,0.000108,0.398313,0.000424,-0.000672,0.000552
0.002605,-0.498693,1.001639,-0.002920,-0.498902,1.003109,0.000142,-0.000157,0.000577,-0.505712,-0.505029,0.398435,0.000063,0.000130,0.000107,0.398348,0.000415,-0.000657,0.000539
0.002550,-0.498723,1.001605,-0.002859,-0.498928,1.003045,0.000139,-0.000154,0.000566,-0.505592,-0.504924,0.398468,0.000061,0.000128,0.000104,0.398382,0.000407,-0.000642,0.000528
0.002497,-0.498752,1.001571,-0.002797,-0.498953,1.002980,0.000136,-0.000150,0.000553,-0.505473,-0.504818,0.398501,0.000060,0.000124,0.000102,0.398416,0.000398,-0.000628,0.000515
0.002441,-0.498782,1.001536,-0.002736,-0.498978,1.002915,0.000135,-0.000148,0.000541,-0.505353,-0.504713,0.398533,0.000058,0.000122,0.000099,0.398451,0.000389,-0.000615,0.000505
0.002388,-0.498812,1.001502,-0.002674,-0.499003,1.002850,0.000132,-0.000144,0.000529,-0.505233,-0.504608,0.398567,0.000058,0.000119,0.000097,0.398486,0.000380,-0.000598,0.000491
0.002334,-0.498841,1.001468,-0.002613,-0.499028,1.002786,0.000129,-0.000141,0.000517,-0.505113,-0.504501,0.398599,0.000056,0.000118,0.000096,0.398521,0.000372,-0.000585,0.000483
0.002279,-0.498871,1.001435,-0.002552,-0.499053,1.002721,0.000126,-0.000139,0.000506,-0.504993,-0.504397,0.398632,0.000055,0.000114,0.000093,0.398556,0.000363,-0.000571,0.000472
0.002225,-0.498900,1.001400,-0.002492,-0.499079,1.002655,0.000123,-0.000134,0.000494,-0.504873,-0.504292,0.398665,0.000053,0.000112,0.000091,0.398590,0.000355,-0.000558,0.000458
0.002171,-0.498928,1.001366,-0.002430,-0.499103,1.002590,0.000119,-0.000131,0.000481,-0.504752,-0.504186,0.398697,0.000052,0.000108,0.000088,0.398625,0.000346,-0.000543,0.000449
0.002117,-0.498957,1.001331,-0.002367,-0.499128,1.002524,0.000117,-0.000128,0.000469,-0.504632,-0.504081,0.398730,0.000050,0.000105,0.000086,0.398659,0.000337,-0.000528,0.000438
0.002063,-0.498986,1.001297,-0.002307,-0.499152,1.002460,0.000114,-0.000125,0.000457,-0.504512,-0.503974,0.398762,0.000050,0.000103,0.000083,0.398695,0.000328,-0.000514,0.000427
0.002007,-0.499014,1.001263,-0.002246,-0.499175,1.002394,0.000110,-0.000121,0.000445,-0.504392,-0.503867,0.398795,0.000048,0.000101,0.000081,0.398730,0.000320,-0.000501,0.000413
0.001954,-0.499043,1.001230,-0.002185,-0.499199,1.002330,0.000107,-0.000118,0.000433,-0.504272,-0.503761,0.398828,0.000047,0.000097,0.000079,0.398766,0.000311,-0.000486,0.000403
0.001899,-0.499070,1.001194,-0.002123,-0.499223,1.002264,0.000105,-0.000115,0.000421,-0.504153,-0.503656,0.398861,0.000045,0.000095,0.000077,0.398801,0.000303,-0.000473,0.000392
0.001845,-0.499099,1.001161,-0.002063,-0.499247,1.002200,0.000101,-0.000112,0.000409,-0.504033,-0.503551,0.398893,0.000045,0.000091,0.000074,0.398836,0.000294,-0.000459,0.000381
0.001791,-0.499126,1.001127,-0.002003,-0.499271,1.002134,0.000099,-0.000107,0.000397,-0.503914,-0.503446,0.398925,0.000043,0.000089,0.000072,0.398871,0.000286,-0.000445,0.000369
0.001738,-0.499154,1.001092,-0.001940,-0.499294,1.002070,0.000095,-0.000106,0.000385,-0.503795,-0.503342,0.398959,0.000042,0.000085,0.000070,0.398906,0.000277,-0.000430,0.000357
0.001682,-0.499182,1.001058,-0.001881,-0.499317,1.002005,0.000092,-0.000102,0.000373,-0.503676,-0.503236,0.398991,0.000041,0.000084,0.000067,0.398940,0.000268,-0.000418,0.000346
0.001627,-0.499209,1.001024,-0.001819,-0.499341,1.001940,0.000090,-0.000098,0.000361,-0.503556,-0.503131,0.399025,0.000039,0.000080,0.000065,0.398976,0.000259,-0.000402,0.000334
0.001574,-0.499236,1.000990,-0.001758,-0.499364,1.001876,0.000086,-0.000095,0.000349,-0.503437,-0.503027,0.399059,0.000038,0.000077,0.000063,0.399010,0.000251,-0.000389,0.000323
0.001520,-0.499263,1.000955,-0.001697,-0.499387,1.001811,0.000084,-0.000092,0.000337,-0.503318,-0.502921,0.399093,0.000036,0.000075,0.000061,0.399045,0.000242,-0.000375,0.000313
0.001466,-0.499290,1.000921,-0.001636,-0.499409,1.001746,0.000081,-0.000088,0.000325,-0.503199,-0.502816,0.399126,0.000035,0.000072,0.000060,0.399080,0.000233,-0.000361,0.000301
0.001410,-0.499317,1.000887,-0.001576,-0.499431,1.001681,0.000078,-0.000086,0.000312,-0.503080,-0.502711,0.399159,0.000034,0.000070,0.000057,0.399114,0.000225,-0.000347,0.000288
0.001356,-0.499343,1.000853,-0.001515,-0.499453,1.001617,0.000075,-0.000082,0.000300,-0.502961,-0.502607,0.399192,0.000032,0.000068,0.000054,0.399150,0.000216,-0.000334,0.000278
0.001302,-0.499370,1.000819,-0.001454,-0.499476,1.001552,0.000071,-0.000079,0.000288,-0.502842,-0.502502,0.399225,0.000031,0.000064,0.000052,0.399185,0.000208,-0.000318,0.000267
0.001248,-0.499396,1.000785,-0.001394,-0.499498,1.001487,0.000068,-0.000075,0.000276,-0.502722,-0.502398,0.399258,0.000030,0.000061,0.000050,0.399219,0.000199,-0.000306,0.000256
0.001194,-0.499423,1.000751,-0.001333,-0.499520,1.001422,0.000065,-0.000072,0.000264,-0.502603,-0.502293,0.399291,0.000029,0.000059,0.000048,0.399254,0.000190,-0.000292,0.000245
0.001139,-0.499450,1.000716,-0.001272,-0.499542,1.001358,0.000063,-0.000069,0.000252,-0.502484,-0.502188,0.399324,0.000027,0.000055,0.000046,0.399289,0.000182,-0.000279,0.000233
0.001085,-0.499477,1.000682,-0.001211,-0.499565,1.001293,0.000059,-0.000066,0.000240,-0.502365,-0.502083,0.399357,0.000026,0.000053,0.000044,0.399324,0.000173,-0.000265,0.000221
0.001031,-0.499503,1.000648,-0.001151,-0.499587,1.001228,0.000057,-0.000062,0.000228,-0.502246,-0.501978,0.399390,0.000025,0.000050,0.000041,0.399359,0.000164,-0.000252,0.000211
0.000976,-0.499529,1.000614,-0.001090,-0.499609,1.001163,0.000054,-0.000059,0.000216,-0.502127,-0.501873,0.399423,0.000023,0.000048,0.000039,0.399394,0.000156,-0.000239,0.000199
0.000922,-0.499557,1.000580,-0.001030,-0.499631,1.001099,0.000050,-0.000056,0.000204,-0.502008,-0.501769,0.399455,0.000022,0.000045,0.000037,0.399429,0.000147,-0.000225,0.000188
0.000868,-0.499583,1.000546,-0.000969,-0.499653,1.001034,0.000048,-0.000052,0.000192,-0.501890,-0.501664,0.399488,0.000021,0.000042,0.000035,0.399464,0.000138,-0.000211,0.000177
0.000814,-0.499609,1.000512,-0.000908,-0.499675,1.000969,0.000045,-0.000049,0.000180,-0.501771,-0.501560,0.399520,0.000020,0.000040,0.000033,0.399498,0.000130,-0.000198,0.000166
0.000759,-0.499636,1.000477,-0.000847,-0.499697,1.000904,0.000042,-0.000046,0.000168,-0.501653,-0.501455,0.399553,0.000018,0.000037,0.000030,0.399532,0.000121,-0.000185,0.000155
0.000705,-0.499662,1.000443,-0.000787,-0.499719,1.000840,0.000039,-0.000043,0.000156,-0.501534,-0.501351,0.399585,0.000017,0.000034,0.000028,0.399566,0.000112,-0.000171,0.000143
0.000651,-0.499688,1.000409,-0.000726,-0.499741,1.000775,0.000036,-0.000039,0.000144,-0.501416,-0.501247,0.399617,0.000016,0.000031,0.000026,0.399599,0.000104,-0.000158,0.000132
0.000596,-0.499714,1.000375,-0.000665,-0.499763,1.000710,0.000033,-0.000036,0.000132,-0.501297,-0.501143,0.399650,0.000014,0.000029,0.000024,0.399633,0.000095,-0.000145,0.000121
0.000542,-0.499740,1.000341,-0.000605,-0.499784,1.000646,0.000030,-0.000033,0.000120,-0.501179,-0.501038,0.399682,0.000013,0.000026,0.000021,0.399667,0.000086,-0.000131,0.000110
0.000488,-0.499767,1.000307,-0.000544,-0.499806,1.000581,0.000027,-0.000030,0.000108,-0.501061,-0.500934,0.399714,0.000012,0.000024,0.000019,0.399700,0.000078,-0.000118,0.000099
0.000434,-0.499793,1.000273,-0.000483,-0.499828,1.000516,0.000024,-0.000026,0.000096,-0.500942,-0.500830,0.399746,0.000010,0.000021,0.000017,0.399734,0.000069,-0.000105,0.000088
0.000380,-0.499819,1.000238,-0.000423,-0.499850,1.000452,0.000021,-0.000023,0.000084,-0.500824,-0.500726,0.399778,0.000009,0.000018,0.000015,0.399767,0.000060,-0.000091,0.000077
0.000325,-0.499845,1.000204,-0.000362,-0.499871,1.000387,0.000018,-0.000020,0.000072,-0.500706,-0.500622,0.399810,0.000008,0.000016,0.000013,0.399801,0.000052,-0.000078,0.000066
0.000271,-0.499871,1.000170,-0.000302,-0.499893,1.000322,0.000015,-0.000016,0.000060,-0.500587,-0.500518,0.399841,0.000007,0.000013,0.000011,0.399834,0.000043,-0.000065,0.000055
0.000216,-0.499897,1.000136,-0.000241,-0.499914,1.000258,0.000012,-0.000013,0.000048,-0.500470,-0.500414,0.399873,0.000005,0.000010,0.000009,0.399868,0.000035,-0.000052,0.000044
0.000162,-0.499923,1.000102,-0.000181,-0.499936,1.000193,0.000009,-0.000010,0.000036,-0.500352,-0.500310,0.399905,0.000004,0.000008,0.000006,0.399901,0.000026,-0.000039,0.000033
0.000108,-0.499949,1.000068,-0.000120,-0.499957,1.000128,0.000006,-0.000007,0.000024,-0.500234,-0.500206,0.399937,0.000003,0.000005,0.000004,0.399934,0.000017,-0.000026,0.000022
0.000054,-0.499974,1.000034,-0.000060,-0.499979,1.000064,0.000003,-0.000003,0.000012,-0.500116,-0.500102,0.399969,0.000001,0.000003,0.000002,0.399967,0.000009,-0.000013,0.000011
0.000000,-0.500000,1.000000,0.000000,-0.500000,1.000000,0.000000,0.000000,0.000000,-0.500000,-0.500000,0.400000,0.000000,0.000000,0.000000,0.399948,0.000000,0.000000,0.000000
0.000000,-0.500000,1.000000,0.000000,-0.500000,1.000000,0.000000,0.000000,0.000000,-0.500000,-0.500000,0.400000,0.000000,0.000000,0.000000,0.396021,0.000000,0.000000,0.000000
0.000000,-0.500000,1.000000,0.000000,-0.500000,1.000000,0.000000,0.000000,0.000000,-0.500000,-0.500000,0.400000,0.000000,0.000000,0.000000,0.392093,0.000000,0.000000,0.000000
0.000000,-0.500000,1.000000,0.000000,-0.500000,1.000000,0.000000,0.000000,0.000000,-0.500000,-0.500000,0.400000,0.000000,0.000000,0.000000,0.388166,0.000000,0.000000,0.000000
0.000000,-0.500000,1.000000,0.000000,-0.500000,1.000000,0.000000,0.000000,0.000000,-0.500000,-0.500000,0.400000,0.000000,0.000000,0.000000,0.384239,0.000000,0.000000,0.000000
0.000000,-0.500000,1.000000,0.000000,-0.500000,1.000000,0.000000,0.000000,0.000000,-0.500000,-0.500000,0.400000,0.000000,0.000000,0.000000,0.380312,0.000000,0.000000,0.000000
0.000000,-0.500000,1.000000,0.000000,-0.500000,1.000000,0.000000,0.000000,0.000000,-0.500000,-0.500000,0.400000,0.000000,0.000000,0.000000,0.376385,0.000000,0.000000,0.000000
0.000000,-0.500000,1.000000,0.000000,-0.500000,1.000000,0.000000,0.000000,0.000000,-0.500000,-0.500000,0.400000,0.000000,0.000000,0.000000,0.372458,0.000000,0.000000,0.000000
0.000000,-0.500000,1.000000,0.000000,-0.500000,1.000000,0.000000,0.000000,0.000000,-0.500000,-0.500000,0.400000,0.000000,0.000000,0.000000,0.368531,0.000000,0.000000,0.000000
0.000000,-0.500000,1.000000,0.000000,-0.500000,1.000000,0.000000,0.000000,0.000000,-0.500000,-0.500000,0.400000,0.000000,0.000000,0.000000,0.364604,0.000000,0.000000,0.000000
0.000000,-0.500000,1.000000,0.000000,-0.500000,1.000000,0.000000,0.000000,0.000000,-0.500000,-0.500000,0.400000,0.000000,0.000000,0.000000,0.360677,0.000000,0.000000,0.000000
0.000000,-0.500000,1.000000,0.000000,-0.500000,1.000000,0.000000,0.000000,0.000000,-0.500000,-0.500000,0.400000,0.000000,0.000000,0.000000,0.356750,0.000000,0.000000,0.000000
0.000000,-0.500000,1.000000,0.000000,-0.500000,1.000000,0.000000,0.000000,0.000000,-0.500000,-0.500000,0.400000,0.000000,0.000000,0.000000,0.352823,0.000000,0.000000,0.000000
0.000000,-0.500000,1.000000,0.000000,-0.500000,1.000000,0.000000,0.000000,0.000000,-0.500000,-0.500000,0.400000,0.000000,0.000000,0.000000,0.348896,0.000000,0.000000,0.000000
0.000000,-0.500000,1.000000,0.000000,-0.500000,1.000000,0.000000,0.000000,0.000000,-0.500000,-0.500000,0.400000,0.000000,0.000000,0.000000,0.344968,0.000000,0.000000,0.000000
0.000000,-0.500000,1.000000,0.000000,-0.500000,1.000000,0.000000,0.000000,0.000000,-0.500000,-0.500000,0.400000,0.000000,0.000000,0.000000,0.341041,0.000000,0.000000,0.000000
0.000000,-0.500000,1.000000,0.000000,-0.500000,1.000000,0.000000,0.000000,0.000000,-0.500000,-0.500000,0.400000,0.000000,0.000000,0.000000,0.337114,0.000000,0.000000,0.000000
0.000000,-0.500000,1.000000,0.000000,-0.500000,1.000000,0.000000,0.000000,0.000000,-0.500000,-0.500000,0.400000,0.000000,0.000000,0.000000,0.333187,0.000000,0.000000,0.000000
0.000000,-0.500000,1.000000,0.000000,-0.500000,1.000000,0.000000,0.000000,0.000000,-0.500000,-0.500000,0.400000,0.000000,0.000000,0.000000,0.329260,0.000000,0.000000,0.000000
0.000000,-0.500000,1.000000,0.000000,-0.500000,1.000000,0.000000,0.000000,0.000000,-0.500000,-0.500000,0.400000,0.000000,0.000000,0.000000,0.325333,0.000000,0.000000,0.000000
0.000000,-0.500000,1.000000,0.000000,-0.500000,1.000000,0.000000,0.000000,0.000000,-0.500000,-0.500000,0.400000,0.000000,0.000000,0.000000,0.321406,0.000000,0.000000,0.000000
0.000000,-0.500000,1.000000,0.000000,-0.500000,1.000000,0.000000,0.000000,0.000000,-0.500000,-0.500000,0.400000,0.000000,0.000000,0.000000,0.317479,0.000000,0.000000,0.000000
0.000000,-0.500000,1.000000,0.000000,-0.500000,1.000000,0.000000,0.000000,0.000000,-0.500000,-0.500000,0.400000,0.000000,0.000000,0.000000,0.313552,0.000000,0.000000,0.000000
0.000000,-0.500000,1.000000,0.000000,-0.500000,1.000000,0.000000,0.000000,0.000000,-0.500000,-0.500000,0.400000,0.000000,0.000000,0.000000,0.309625,0.000000,0.000000,0.000000
0.000000,-0.500000,1.000000,0.000000,-0.500000,1.000000,0.000000,0.000000,0.000000,-0.500000,-0.500000,0.400000,0.000000,0.000000,0.000000,0.305698,0.000000,0.000000,0.000000
0.000000,-0.500000,1.000000,0.000000,-0.500000,1.000000,0.000000,0.000000,0.000000,-0.500000,-0.500000,0.400000,0.000000,0.000000,0.000000,0.301771,0.000000,0.000000,0.000000
0.000000,-0.500000,1.000000,0.000000,-0.500000,1.000000,0.000000,0.000000,0.000000,-0.500000,-0.500000,0.400000,0.000000,0.000000,0.000000,0.297843,0.000000,0.000000,0.000000
0.000000,-0.500000,1.000000,0.000000,-0.500000,1.000000,0.000000,0.000000,0.000000,-0.500000,-0.500000,0.400000,0.000000,0.000000,0.000000,0.293916,0.000000,0.000000,0.000000
0.000000,-0.500000,1.000000,0.000000,-0.500000,1.000000,0.000000,0.000000,0.000000,-0.500000,-0.500000,0.400000,0.000000,0.000000,0.000000,0.289989,0.000000,0.000000,0.000000
0.000000,-0.500000,1.000000,0.000000,-0.500000,1.000000,0.000000,0.000000,0.000000,-0.500000,-0.500000,0.400000,0.000000,0.000000,0.000000,0.286062,0.000000,0.000000,0.000000
0.000000,-0.500000,1.000000,0.000000,-0.500000,1.000000,0.000000,0.000000,0.000000,-0.500000,-0.500000,0.400000,0.000000,0.000000,0.000000,0.282135,0.000000,0.000000,0.000000
0.000000,-0.500000,1.000000,0.000000,-0.500000,1.000000,0.000000,0.000000,0.000000,-0.500000,-0.500000,0.400000,0.000000,0.000000,0.000000,0.278208,0.000000,0.000000,0.000000
0.000000,-0.500000,1.000000,0.000000,-0.500000,1.000000,0.000000,0.000000,0.000000,-0.500000,-0.500000,0.400000,0.000000,0.000000,0.000000,0.274281,0.000000,0.000000,0.000000
0.000000,-0.500000,1.000000,0.000000,-0.500000,1.000000,0.000000,0.000000,0.000000,-0.500000,-0.500000,0.400000,0.000000,0.000000,0.000000,0.270354,0.000000,0.000000,0.000000
0.000000,-0.500000,1.000000,0.000000,-0.500000,1.000000,0.000000,0.000000,0.000000,-0.500000,-0.500000,0.400000,0.000000,0.000000,0.000000,0.266427,0.000000,0.000000,0.000000
0.000000,-0.500000,1.000000,0.000000,-0.500000,1.000000,0.000000,0.000000,0.000000,-0.500000,-0.500000,0.400000,0.000000,0.000000,0.000000,0.262500,0.000000,0.000000,0.000000
0.000000,-0.500000,1.000000,0.000000,-0.500000,1.000000,0.000000,0.000000,0.000000,-0.500000,-0.500000,0.400000,0.000000,0.000000,0.000000,0.258573,0.000000,0.000000,0.000000
0.000000,-0.500000,1.000000,0.000000,-0.500000,1.000000,0.000000,0.000000,0.000000,-0.500000,-0.500000,0.400000,0.000000,0.000000,0.000000,0.254646,0.000000,0.000000,0.000000
0.000000,-0.500000,1.000000,0.000000,-0.500000,1.000000,0.000000,0.000000,0.000000,-0.500000,-0.500000,0.400000,0.000000,0.000000,0.000000,0.250719,0.000000,0.000000,0.000000
0.000000,-0.500000,1.000000,0.000000,-0.500000,1.000000,0.000000,0.000000,0.000000,-0.500000,-0.500000,0.400000,0.000000,0.000000,0.000000,0.246791,0.000000,0.000000,0.000000
0.000000,-0.500000,1.000000,0.000000,-0.500000,1.000000,0.000000,0.000000,0.000000,-0.500000,-0.500000,0.400000,0.000000,0.000000,0.000000,0.242864,0.000000,0.000000,0.000000
0.000000,-0.500000,1.000000,0.000000,-0.500000,1.000000,0.000000,0.000000,0.000000,-0.500000,-0.500000,0.400000,0.000000,0.000000,0.000000,0.238937,0.000000,0.000000,0.000000
0.000000,-0.500000,1.000000,0.000000,-0.500000,1.000000,0.000000,0.000000,0.000000,-0.500000,-0.500000,0.400000,0.000000,0.000000,0.000000,0.235010,0.000000,0.000000,0.000000
0.000000,-0.500000,1.000000,0.000000,-0.500000,1.000000,0.000000,0.000000,0.000000,-0.500000,-0.500000,0.400000,0.000000,0.000000,0.000000,0.231083,0.000000,0.000000,0.000000
0.000000,-0.500000,1.000000,0.000000,-0.500000,1.000000,0.000000,0.000000,0.000000,-0.500000,-0.500000,0.400000,0.000000,0.000000,0.000000,0.227156,0.000000,0.000000,0.000000
0.000000,-0.500000,1.000000,0.000000,-0.500000,1.000000,0.000000,0.000000,0.000000,-0.500000,-0.500000,0.400000,0.000000,0.000000,0.000000,0.223229,0.000000,0.000000,0.000000
0.000000,-0.500000,1.000000,0.000000,-0.500000,1.000000,0.000000,0.000000,0.000000,-0.500000,-0.500000,0.400000,0.000000,0.000000,0.000000,0.219302,0.000000,0.000000,0.000000
0.000000,-0.500000,1.000000,0.000000,-0.500000,1.000000,0.000000,0.000000,0.000000,-0.500000,-0.500000,0.400000,0.000000,0.000000,0.000000,0.215375,0.000000,0.000000,0.000000
0.000000,-0.500000,1.000000,0.000000,-0.500000,1.000000,0.000000,0.000000,0.000000,-0.500000,-0.500000,0.400000,0.000000,0.000000,0.000000,0.211448,0.000000,0.000000,0.000000
0.000000,-0.500000,1.000000,0.000000,-0.500000,1.000000,0.000000,0.000000,0.000000,-0.500000,-0.500000,0.400000,0.000000,0.000000,0.000000,0.207521,0.000000,0.000000,0.000000
0.000000,-0.500000,1.000000,0.000000,-0.500000,1.000000,0.000000,0.000000,0.000000,-0.500000,-0.500000,0.400000,0.000000,0.000000,0.000000,0.203594,0.000000,0.000000,0.000000
0.000000,-0.500000,1.000000,0.000000,-0.500000,1.000000,0.000000,0.000000,0.000000,-0.500000,-0.500000,0.400000,0.000000,0.000000,0.000000,0.199666,0.000000,0.000000,0.000000
0.000000,-0.500000,1.000000,0.000000,-0.500000,1.000000,0.000000,0.000000,0.000000,-0.500000,-0.500000,0.400000,0.000000,0.000000,0.000000,0.195739,0.000000,0.000000,0.000000
0.000000,-0.500000,1.000000,0.000000,-0.500000,1.000000,0.000000,0.000000,0.000000,-0.500000,-0.500000,0.400000,0.000000,0.000000,0.000000,0.191812,0.000000,0.000000,0.000000
0.000000,-0.500000,1.000000,0.000000,-0.500000,1.000000,0.000000,0.000000,0.000000,-0.500000,-0.500000,0.400000,0.000000,0.000000,0.000000,0.187885,0.000000,0.000000,0.000000
0.000000,-0.500000,1.000000,0.000000,-0.500000,1.000000,0.000000,0.000000,0.000000,-0.500000,-0.500000,0.400000,0.000000,0.000000,0.000000,0.183958,0.000000,0.000000,0.000000
0.000000,-0.500000,1.000000,0.000000,-0.500000,1.000000,0.000000,0.000000,0.000000,-0.500000,-0.500000,0.400000,0.000000,0.000000,0.000000,0.180031,0.000000,0.000000,0.000000
0.000000,-0.500000,1.000000,0.000000,-0.500000,1.000000,0.000000,0.000000,0.000000,-0.500000,-0.500000,0.400000,0.000000,0.000000,0.000000,0.176104,0.000000,0.000000,0.000000
0.000000,-0.500000,1.000000,0.000000,-0.500000,1.000000,0.000000,0.000000,0.000000,-0.500000,-0.500000,0.400000,0.000000,0.000000,0.000000,0.172177,0.000000,0.000000,0.000000
0.000000,-0.500000,1.000000,0.000000,-0.500000,1.000000,0.000000,0.000000,0.000000,-0.500000,-0.500000,0.400000,0.000000,0.000000,0.000000,0.168250,0.000000,0.000000,0.000000
0.000000,-0.500000,1.000000,0.000000,-0.500000,1.000000,0.000000,0.000000,0.000000,-0.500000,-0.500000,0.400000,0.000000,0.000000,0.000000,0.164323,0.000000,0.000000,0.000000
0.000000,-0.500000,1.000000,0.000000,-0.500000,1.000000,0.000000,0.000000,0.000000,-0.500000,-0.500000,0.400000,0.000000,0.000000,0.000000,0.160396,0.000000,0.000000,0.000000
0.000000,-0.500000,1.000000,0.000000,-0.500000,1.000000,0.000000,0.000000,0.000000,-0.500000,-0.500000,0.400000,0.000000,0.000000,0.000000,0.156469,0.000000,0.000000,0.000000
0.000000,-0.500000,1.000000,0.000000,-0.500000,1.000000,0.000000,0.000000,0.000000,-0.500000,-0.500000,0.400000,0.000000,0.000000,0.000000,0.152541,0.000000,0.000000,0.000000
0.000000,-0.500000,1.000000,0.000000,-0.500000,1.000000,0.000000,0.000000,0.000000,-0.500000,-0.500000,0.400000,0.000000,0.000000,0.000000,0.148614,0.000000,0.000000,0.000000
0.000000,-0.500000,1.000000,0.000000,-0.500000,1.000000,0.000000,0.000000,0.000000,-0.500000,-0.500000,0.400000,0.000000,0.000000,0.000000,0.144687,0.000000,0.000000,0.000000
0.000000,-0.500000,1.000000,0.000000,-0.500000,1.000000,0.000000,0.000000,0.000000,-0.500000,-0.500000,0.400000,0.000000,0.000000,0.000000,0.140760,0.000000,0.000000,0.000000
0.000000,-0.500000,1.000000,0.000000,-0.500000,1.000000,0.000000,0.000000,0.000000,-0.500000,-0.500000,0.400000,0.000000,0.000000,0.000000,0.136833,0.000000,0.000000,0.000000
0.000000,-0.500000,1.000000,0.000000,-0.500000,1.000000,0.000000,0.000000,0.000000,-0.500000,-0.500000,0.400000,0.000000,0.000000,0.000000,0.132906,0.000000,0.000000,0.000000
0.000000,-0.500000,1.000000,0.000000,-0.500000,1.000000,0.000000,0.000000,0.000000,-0.500000,-0.500000,0.400000,0.000000,0.000000,0.000000,0.128979,0.000000,0.000000,0.000000
0.000000,-0.500000,1.000000,0.000000,-0.500000,1.000000,0.000000,0.000000,0.000000,-0.500000,-0.500000,0.400000,0.000000,0.000000,0.000000,0.125052,0.000000,0.000000,0.000000
0.000000,-0.500000,1.000000,0.000000,-0.500000,1.000000,0.000000,0.000000,0.000000,-0.500000,-0.500000,0.400000,0.000000,0.000000,0.000000,0.121125,0.000000,0.000000,0.000000
0.000000,-0.500000,1.000000,0.000000,-0.500000,1.000000,0.000000,0.000000,0.000000,-0.500000,-0.500000,0.400000,0.000000,0.000000,0.000000,0.117198,0.000000,0.000000,0.000000
0.000000,-0.500000,1.000000,0.000000,-0.500000,1.000000,0.000000,0.000000,0.000000,-0.500000,-0.500000,0.400000,0.000000,0.000000,0.000000,0.113271,0.000000,0.000000,0.000000
0.000000,-0.500000,1.000000,0.000000,-0.500000,1.000000,0.000000,0.000000,0.000000,-0.500000,-0.500000,0.400000,0.000000,0.000000,0.000000,0.109344,0.000000,0.000000,0.000000
0.000000,-0.500000,1.000000,0.000000,-0.500000,1.000000,0.000000,0.000000,0.000000,-0.500000,-0.500000,0.400000,0.000000,0.000000,0.000000,0.105417,0.000000,0.000000,0.000000
0.000000,-0.500000,1.000000,0.000000,-0.500000,1.000000,0.000000,0.000000,0.000000,-0.500000,-0.500000,0.400000,0.000000,0.000000,0.000000,0.101489,0.000000,0.000000,0.000000
0.000000,-0.500000,1.000000,0.000000,-0.500000,1.000000,0.000000,0.000000,0.000000,-0.500000,-0.500000,0.400000,0.000000,0.000000,0.000000,0.097562,0.000000,0.000000,0.000000
0.000000,-0.500000,1.000000,0.000000,-0.500000,1.000000,0.000000,0.000000,0.000000,-0.500000,-0.500000,0.400000,0.000000,0.000000,0.000000,0.093635,0.000000,0.000000,0.000000
0.000000,-0.500000,1.000000,0.000000,-0.500000,1.000000,0.000000,0.000000,0.000000,-0.500000,-0.500000,0.400000,0.000000,0.000000,0.000000,0.089708,0.000000,0.000000,0.000000
0.000000,-0.500000,1.000000,0.000000,-0.500000,1.000000,0.000000,0.000000,0.000000,-0.500000,-0.500000,0.400000,0.000000,0.000000,0.000000,0.085781,0.000000,0.000000,0.000000
0.000000,-0.500000,1.000000,0.000000,-0.500000,1.000000,0.000000,0.000000,0.000000,-0.500000,-0.500000,0.400000,0.000000,0.000000,0.000000,0.081854,0.000000,0.000000,0.000000
0.000000,-0.500000,1.000000,0.000000,-0.500000,1.000000,0.000000,0.000000,0.000000,-0.500000,-0.500000,0.400000,0.000000,0.000000,0.000000,0.077927,0.000000,0.000000,0.000000
0.000000,-0.500000,1.000000,0.000000,-0.500000,1.000000,0.000000,0.000000,0.000000,-0.500000,-0.500000,0.400000,0.000000,0.000000,0.000000,0.074000,0.000000,0.000000,0.000000
0.000000,-0.500000,1.000000,0.000000,-0.500000,1.000000,0.000000,0.000000,0.000000,-0.500000,-0.500000,0.400000,0.000000,0.000000,0.000000,0.070073,0.000000,0.000000,0.000000
0.000000,-0.500000,1.000000,0.000000,-0.500000,1.000000,0.000000,0.000000,0.000000,-0.500000,-0.500000,0.400000,0.000000,0.000000,0.000000,0.066146,0.000000,0.000000,0.000000
0.000000,-0.500000,1.000000,0.000000,-0.500000,1.000000,0.000000,0.000000,0.000000,-0.500000,-0.500000,0.400000,0.000000,0.000000,0.000000,0.062219,0.000000,0.000000,0.000000
0.000000,-0.500000,1.000000,0.000000,-0.500000,1.000000,0.000000,0.000000,0.000000,-0.500000,-0.500000,0.400000,0.000000,0.000000,0.000000,0.058292,0.000000,0.000000,0.000000
0.000000,-0.500000,1.000000,0.000000,-0.500000,1.000000,0.000000,0.000000,0.000000,-0.500000,-0.500000,0.400000,0.000000,0.000000,0.000000,0.054364,0.000000,0.000000,0.000000
0.000000,-0.500000,1.000000,0.000000,-0.500000,1.000000,0.000000,0.000000,0.000000,-0.500000,-0.500000,0.400000,0.000000,0.000000,0.000000,0.050437,0.000000,0.000000,0.000000
0.000000,-0.500000,1.000000,0.000000,-0.500000,1.000000,0.000000,0.000000,0.000000,-0.500000,-0.500000,0.400000,0.000000,0.000000,0.000000,0.046510,0.000000,0.000000,0.000000
0.000000,-0.500000,1.000000,0.000000,-0.500000,1.000000,0.000000,0.000000,0.000000,-0.500000,-0.500000,0.400000,0.000000,0.000000,0.000000,0.042583,0.000000,0.000000,0.000000
0.000000,-0.500000,1.000000,0.000000,-0.500000,1.000000,0.000000,0.000000,0.000000,-0.500000,-0.500000,0.400000,0.000000,0.000000,0.000000,0.038656,0.000000,0.000000,0.000000
0.000000,-0.500000,1.000000,0.000000,-0.500000,1.000000,0.000000,0.000000,0.000000,-0.500000,-0.500000,0.400000,0.000000,0.000000,0.000000,0.034729,0.000000,0.000000,0.000000
0.000000,-0.500000,1.000000,0.000000,-0.500000,1.000000,0.000000,0.000000,0.000000,-0.500000,-0.500000,0.400000,0.000000,0.000000,0.000000,0.030802,0.000000,0.000000,0.000000
0.000000,-0.500000,1.000000,0.000000,-0.500000,1.000000,0.000000,0.000000,0.000000,-0.500000,-0.500000,0.400000,0.000000,0.000000,0.000000,0.026875,0.000000,0.000000,0.000000
0.000000,-0.500000,1.000000,0.000000,-0.500000,1.000000,0.000000,0.000000,0.000000,-0.500000,-0.500000,0.400000,0.000000,0.000000,0.000000,0.022948,0.000000,0.000000,0.000000
0.000000,-0.500000,1.000000,0.000000,-0.500000,1.000000,0.000000,0.000000,0.000000,-0.500000,-0.500000,0.400000,0.000000,0.000000,0.000000,0.019021,0.000000,0.000000,0.000000
0.000000,-0.500000,1.000000,0.000000,-0.500000,1.000000,0.000000,0.000000,0.000000,-0.500000,-0.500000,0.400000,0.000000,0.000000,0.000000,0.015094,0.000000,0.000000,0.000000
0.000000,-0.500000,1.000000,0.000000,-0.500000,1.000000,0.000000,0.000000,0.000000,-0.500000,-0.500000,0.400000,0.000000,0.000000,0.000000,0.011167,0.000000,0.000000,0.000000
0.000000,-0.500000,1.000000,0.000000,-0.500000,1.000000,0.000000,0.000000,0.000000,-0.500000,-0.500000,0.400000,0.000000,0.000000,0.000000,0.007239,0.000000,0.000000,0.000000
0.000000,-0.500000,1.000000,0.000000,-0.500000,1.000000,0.000000,0.000000,0.000000,-0.500000,-0.500000,0.400000,0.000000,0.000000,0.000000,0.003312,0.000000,0.000000,0.000000
0.000000,-0.500000,1.000000,0.000000,-0.500000,1.000000,0.000000,0.000000,0.000000,-0.500000,-0.500000,0.400000,0.000000,0.000000,0.000000,-0.000615,0.000000,0.000000,0.000000
0.000000,-0.500000,1.000000,0.000000,-0.500000,1.000000,0.000000,0.000000,0.000000,-0.500000,-0.500000,0.400000,0.000000,0.000000,0.000000,-0.004542,0.000000,0.000000,0.000000
0.000000,-0.500000,1.000000,0.000000,-0.500000,1.000000,0.000000,0.000000,0.000000,-0.500000,-0.500000,0.400000,0.000000,0.000000,0.000000,-0.008469,0.000000,0.000000,0.000000
0.000000,-0.500000,1.000000,0.000000,-0.500000,1.000000,0.000000,0.000000,0.000000,-0.500000,-0.500000,0.400000,0.000000,0.000000,0.000000,-0.012396,0.000000,0.000000,0.000000
0.000000,-0.500000,1.000000,0.000000,-0.500000,1.000000,0.000000,0.000000,0.000000,-0.500000,-0.500000,0.400000,0.000000,0.000000,0.000000,-0.016323,0.000000,0.000000,0.000000
0.000000,-0.500000,1.000000,0.000000,-0.500000,1.000000,0.000000,0.000000,0.000000,-0.500000,-0.500000,0.400000,0.000000,0.000000,0.000000,-0.020250,0.000000,0.000000,0.000000
0.000000,-0.500000,1.000000,0.000000,-0.500000,1.000000,0.000000,0.000000,0.000000,-0.500000,-0.500000,0.400000,0.000000,0.000000,0.000000,-0.024177,0.000000,0.000000,0.000000
0.000000,-0.500000,1.000000,0.000000,-0.500000,1.000000,0.000000,0.000000,0.000000,-0.500000,-0.500000,0.400000,0.000000,0.000000,0.000000,-0.028104,0.000000,0.000000,0.000000
0.000000,-0.500000,1.000000,0.000000,-0.500000,1.000000,0.000000,0.000000,0.000000,-0.500000,-0.500000,0.400000,0.000000,0.000000,0.000000,-0.032031,0.000000,0.000000,0.000000
0.000000,-0.500000,1.000000,0.000000,-0.500000,1.000000,0.000000,0.000000,0.000000,-0.500000,-0.500000,0.400000,0.000000,0.000000,0.000000,-0.035958,0.000000,0.000000,0.000000
0.000000,-0.500000,1.000000,0.000000,-0.500000,1.000000,0.000000,0.000000,0.000000,-0.500000,-0.500000,0.400000,0.000000,0.000000,0.000000,-0.039885,0.000000,0.000000,0.000000
0.000000,-0.500000,1.000000,0.000000,-0.500000,1.000000,0.000000,0.000000,0.000000,-0.500000,-0.500000,0.400000,0.000000,0.000000,0.000000,-0.043813,0.000000,0.000000,0.000000
0.000000,-0.500000,1.000000,0.000000,-0.500000,1.000000,0.000000,0.000000,0.000000,-0.500000,-0.500000,0.400000,0.000000,0.000000,0.000000,-0.047740,0.000000,0.000000,0.000000
0.000000,-0.500000,1.000000,0.000000,-0.500000,1.000000,0.000000,0.000000,0.000000,-0.500000,-0.500000,0.400000,0.000000,0.000000,0.000000,-0.051667,0.000000,0.000000,0.000000
0.000000,-0.500000,1.000000,0.000000,-0.500000,1.000000,0.000000,0.000000,0.000000,-0.500000,-0.500000,0.400000,0.000000,0.000000,0.000000,-0.055594,0.000000,0.000000,0.000000
0.000000,-0.500000,1.000000,0.000000,-0.500000,1.000000,0.000000,0.000000,0.000000,-0.500000,-0.500000,0.400000,0.000000,0.000000,0.000000,-0.059521,0.000000,0.000000,0.000000
0.000000,-0.500000,1.000000,0.000000,-0.500000,1.000000,0.000000,0.000000,0.000000,-0.500000,-0.500000,0.400000,0.000000,0.000000,0.000000,-0.063448,0.000000,0.000000,0.000000
0.000000,-0.500000,1.000000,0.000000,-0.500000,1.000000,0.000000,0.000000,0.000000,-0.500000,-0.500000,0.400000,0.000000,0.000000,0.000000,-0.067375,0.000000,0.000000,0.000000
0.000000,-0.500000,1.000000,0.000000,-0.500000,1.000000,0.000000,0.000000,0.000000,-0.500000,-0.500000,0.400000,0.000000,0.000000,0.000000,-0.071302,0.000000,0.000000,0.000000
0.000000,-0.500000,1.000000,0.000000,-0.500000,1.000000,0.000000,0.000000,0.000000,-0.500000,-0.500000,0.400000,0.000000,0.000000,0.000000,-0.075229,0.000000,0.000000,0.000000
0.000000,-0.500000,1.000000,0.000000,-0.500000,1.000000,0.000000,0.000000,0.000000,-0.500000,-0.500000,0.400000,0.000000,0.000000,0.000000,-0.079156,0.000000,0.000000,0.000000
0.000000,-0.500000,1.000000,0.000000,-0.500000,1.000000,0.000000,0.000000,0.000000,-0.500000,-0.500000,0.400000,0.000000,0.000000,0.000000,-0.083083,0.000000,0.000000,0.000000
0.000000,-0.500000,1.000000,0.000000,-0.500000,1.000000,0.000000,0.000000,0.000000,-0.500000,-0.500000,0.400000,0.000000,0.000000,0.000000,-0.087010,0.000000,0.000000,0.000000
0.000000,-0.500000,1.000000,0.000000,-0.500000,1.000000,0.000000,0.000000,0.000000,-0.500000,-0.500000,0.400000,0.000000,0.000000,0.000000,-0.090938,0.000000,0.000000,0.000000
0.000000,-0.500000,1.000000,0.000000,-0.500000,1.000000,0.000000,0.000000,0.000000,-0.500000,-0.500000,0.400000,0.000000,0.000000,0.000000,-0.094865,0.000000,0.000000,0.000000
0.000000,-0.500000,1.000000,0.000000,-0.500000,1.000000,0.000000,0.000000,0.000000,-0.500000,-0.500000,0.400000,0.000000,0.000000,0.000000,-0.098792,0.000000,0.000000,0.000000
0.000000,-0.500000,1.000000,0.000000,-0.500000,1.000000,0.000000,0.000000,0.000000,-0.500000,-0.500000,0.400000,0.000000,0.000000,0.000000,-0.102719,0.000000,0.000000,0.000000
0.000000,-0.500000,1.000000,0.000000,-0.500000,1.000000,0.000000,0.000000,0.000000,-0.500000,-0.500000,0.400000,0.000000,0.000000,0.000000,-0.106646,0.000000,0.000000,0.000000
0.000000,-0.500000,1.000000,0.000000,-0.500000,1.000000,0.000000,0.000000,0.000000,-0.500000,-0.500000,0.400000,0.000000,0.000000,0.000000,-0.110573,0.000000,0.000000,0.000000
0.000000,-0.500000,1.000000,0.000000,-0.500000,1.000000,0.000000,0.000000,0.000000,-0.500000,-0.500000,0.400000,0.000000,0.000000,0.000000,-0.114500,0.000000,0.000000,0.000000
0.000000,-0.500000,1.000000,0.000000,-0.500000,1.000000,0.000000,0.000000,0.000000,-0.500000,-0.500000,0.400000,0.000000,0.000000,0.000000,-0.118427,0.000000,0.000000,0.000000
0.000000,-0.500000,1.000000,0.000000,-0.500000,1.000000,0.000000,0.000000,0.000000,-0.500000,-0.500000,0.400000,0.000000,0.000000,0.000000,-0.122354,0.000000,0.000000,0.000000
0.000000,-0.500000,1.000000,0.000000,-0.500000,1.000000,0.000000,0.000000,0.000000,-0.500000,-0.500000,0.400000,0.000000,0.000000,0.000000,-0.126281,0.000000,0.000000,0.000000
0.000000,-0.500000,1.000000,0.000000,-0.500000,1.000000,0.000000,0.000000,0.000000,-0.500000,-0.500000,0.400000,0.000000,0.000000,0.000000,-0.130208,0.000000,0.000000,0.000000
0.000000,-0.500000,1.000000,0.000000,-0.500000,1.000000,0.000000,0.000000,0.000000,-0.500000,-0.500000,0.400000,0.000000,0.000000,0.000000,-0.134135,0.000000,0.000000,0.000000
0.000000,-0.500000,1.000000,0.000000,-0.500000,1.000000,0.000000,0.000000,0.000000,-0.500000,-0.500000,0.400000,0.000000,0.000000,0.000000,-0.138063,0.000000,0.000000,0.000000
0.000000,-0.500000,1.000000,0.000000,-0.500000,1.000000,0.000000,0.000000,0.000000,-0.500000,-0.500000,0.400000,0.000000,0.000000,0.000000,-0.141990,0.000000,0.000000,0.000000
0.000000,-0.500000,1.000000,0.000000,-0.500000,1.000000,0.000000,0.000000,0.000000,-0.500000,-0.500000,0.400000,0.000000,0.000000,0.000000,-0.145917,0.000000,0.000000,0.000000
0.000000,-0.500000,1.000000,0.000000,-0.500000,1.000000,0.000000,0.000000,0.000000,-0.500000,-0.500000,0.400000,0.000000,0.000000,0.000000,-0.149844,0.000000,0.000000,0.000000
0.000000,-0.500000,1.000000,0.000000,-0.500000,1.000000,0.000000,0.000000,0.000000,-0.500000,-0.500000,0.400000,0.000000,0.000000,0.000000,-0.153771,0.000000,0.000000,0.000000
0.000000,-0.500000,1.000000,0.000000,-0.500000,1.000000,0.000000,0.000000,0.000000,-0.500000,-0.500000,0.400000,0.000000,0.000000,0.000000,-0.157698,0.000000,0.000000,0.000000
0.000000,-0.500000,1.000000,0.000000,-0.500000,1.000000,0.000000,0.000000,0.000000,-0.500000,-0.500000,0.400000,0.000000,0.000000,0.000000,-0.161625,0.000000,0.000000,0.000000
0.000000,-0.500000,1.000000,0.000000,-0.500000,1.000000,0.000000,0.000000,0.000000,-0.500000,-0.500000,0.400000,0.000000,0.000000,0.000000,-0.165552,0.000000,0.000000,0.000000
0.000000,-0.500000,1.000000,0.000000,-0.500000,1.000000,0.000000,0.000000,0.000000,-0.500000,-0.500000,0.400000,0.000000,0.000000,0.000000,-0.169479,0.000000,0.000000,0.000000
0.000000,-0.500000,1.000000,0.000000,-0.500000,1.000000,0.000000,0.000000,0.000000,-0.500000,-0.500000,0.400000,0.000000,0.000000,0.000000,-0.173406,0.000000,0.000000,0.000000
0.000000,-0.500000,1.000000,0.000000,-0.500000,1.000000,0.000000,0.000000,0.000000,-0.500000,-0.500000,0.400000,0.000000,0.000000,0.000000,-0.177333,0.000000,0.000000,0.000000
0.000000,-0.500000,1.000000,0.000000,-0.500000,1.000000,0.000000,0.000000,0.000000,-0.500000,-0.500000,0.400000,0.000000,0.000000,0.000000,-0.181260,0.000000,0.000000,0.000000
0.000000,-0.500000,1.000000,0.000000,-0.500000,1.000000,0.000000,0.000000,0.000000,-0.500000,-0.500000,0.400000,0.000000,0.000000,0.000000,-0.185187,0.000000,0.000000,0.000000
0.000000,-0.500000,1.000000,0.000000,-0.500000,1.000000,0.000000,0.000000,0.000000,-0.500000,-0.500000,0.400000,0.000000,0.000000,0.000000,-0.189115,0.000000,0.000000,0.000000
0.000000,-0.500000,1.000000,0.000000,-0.500000,1.000000,0.000000,0.000000,0.000000,-0.500000,-0.500000,0.400000,0.000000,0.000000,0.000000,-0.193042,0.000000,0.000000,0.000000
0.000000,-0.500000,1.000000,0.000000,-0.500000,1.000000,0.000000,0.000000,0.000000,-0.500000,-0.500000,0.400000,0.000000,0.000000,0.000000,-0.196969,0.000000,0.000000,0.000000
0.000000,-0.500000,1.000000,0.000000,-0.500000,1.000000,0.000000,0.000000,0.000000,-0.500000,-0.500000,0.400000,0.000000,0.000000,0.000000,-0.200896,0.000000,0.000000,0.000000
0.000000,-0.500000,1.000000,0.000000,-0.500000,1.000000,0.000000,0.000000,0.000000,-0.500000,-0.500000,0.400000,0.000000,0.000000,0.000000,-0.204823,0.000000,0.000000,0.000000
0.000000,-0.500000,1.000000,0.000000,-0.500000,1.000000,0.000000,0.000000,0.000000,-0.500000,-0.500000,0.400000,0.000000,0.000000,0.000000,-0.208750,0.000000,0.000000,0.000000
0.000000,-0.500000,1.000000,0.000000,-0.500000,1.000000,0.000000,0.000000,0.000000,-0.500000,-0.500000,0.400000,0.000000,0.000000,0.000000,-0.212677,0.000000,0.000000,0.000000
0.000000,-0.500000,1.000000,0.000000,-0.500000,1.000000,0.000000,0.000000,0.000000,-0.500000,-0.500000,0.400000,0.000000,0.000000,0.000000,-0.216604,0.000000,0.000000,0.000000
0.000000,-0.500000,1.000000,0.000000,-0.500000,1.000000,0.000000,0.000000,0.000000,-0.500000,-0.500000,0.400000,0.000000,0.000000,0.000000,-0.220531,0.000000,0.000000,0.000000
0.000000,-0.500000,1.000000,0.000000,-0.500000,1.000000,0.000000,0.000000,0.000000,-0.500000,-0.500000,0.400000,0.000000,0.000000,0.000000,-0.224458,0.000000,0.000000,0.000000
0.000000,-0.500000,1.000000,0.000000,-0.500000,1.000000,0.000000,0.000000,0.000000,-0.500000,-0.500000,0.400000,0.000000,0.000000,0.000000,-0.228385,0.000000,0.000000,0.000000
0.000000,-0.500000,1.000000,0.000000,-0.500000,1.000000,0.000000,0.000000,0.000000,-0.500000,-0.500000,0.400000,0.000000,0.000000,0.000000,-0.232312,0.000000,0.000000,0.000000
0.000000,-0.500000,1.000000,0.000000,-0.500000,1.000000,0.000000,0.000000,0.000000,-0.500000,-0.500000,0.400000,0.000000,0.000000,0.000000,-0.236240,0.000000,0.000000,0.000000
0.000000,-0.500000,1.000000,0.000000,-0.500000,1.000000,0.000000,0.000000,0.000000,-0.500000,-0.500000,0.400000,0.000000,0.000000,0.000000,-0.240167,0.000000,0.000000,0.000000
0.000000,-0.500000,1.000000,0.000000,-0.500000,1.000000,0.000000,0.000000,0.000000,-0.500000,-0.500000,0.400000,0.000000,0.000000,0.000000,-0.244094,0.000000,0.000000,0.000000
0.000000,-0.500000,1.000000,0.000000,-0.500000,1.000000,0.000000,0.000000,0.000000,-0.500000,-0.500000,0.400000,0.000000,0.000000,0.000000,-0.248021,0.000000,0.000000,0.000000
0.000000,-0.500000,1.000000,0.000000,-0.500000,1.000000,0.000000,0.000000,0.000000,-0.500000,-0.500000,0.400000,0.000000,0.000000,0.000000,-0.251948,0.000000,0.000000,0.000000
0.000000,-0.500000,1.000000,0.000000,-0.500000,1.000000,0.000000,0.000000,0.000000,-0.500000,-0.500000,0.400000,0.000000,0.000000,0.000000,-0.255875,0.000000,0.000000,0.000000
0.000000,-0.500000,1.000000,0.000000,-0.500000,1.000000,0.000000,0.000000,0.000000,-0.500000,-0.500000,0.400000,0.000000,0.000000,0.000000,-0.259802,0.000000,0.000000,0.000000
0.000000,-0.500000,1.000000,0.000000,-0.500000,1.000000,0.000000,0.000000,0.000000,-0.500000,-0.500000,0.400000,0.000000,0.000000,0.000000,-0.263729,0.000000,0.000000,0.000000
0.000000,-0.500000,1.000000,0.000000,-0.500000,1.000000,0.000000,0.000000,0.000000,-0.500000,-0.500000,0.400000,0.000000,0.000000,0.000000,-0.267656,0.000000,0.000000,0.000000
0.000000,-0.500000,1.000000,0.000000,-0.500000,1.000000,0.000000,0.000000,0.000000,-0.500000,-0.500000,0.400000,0.000000,0.000000,0.000000,-0.271583,0.000000,0.000000,0.000000
0.000000,-0.500000,1.000000,0.000000,-0.500000,1.000000,0.000000,0.000000,0.000000,-0.500000,-0.500000,0.400000,0.000000,0.000000,0.000000,-0.275510,0.000000,0.000000,0.000000
0.000000,-0.500000,1.000000,0.000000,-0.500000,1.000000,0.000000,0.000000,0.000000,-0.500000,-0.500000,0.400000,0.000000,0.000000,0.000000,-0.279437,0.000000,0.000000,0.000000
0.000000,-0.500000,1.000000,0.000000,-0.500000,1.000000,0.000000,0.000000,0.000000,-0.500000,-0.500000,0.400000,0.000000,0.000000,0.000000,-0.283365,0.000000,0.000000,0.000000
0.000000,-0.500000,1.000000,0.000000,-0.500000,1.000000,0.000000,0.000000,0.000000,-0.500000,-0.500000,0.400000,0.000000,0.000000,0.000000,-0.287292,0.000000,0.000000,0.000000
0.000000,-0.500000,1.000000,0.000000,-0.500000,1.000000,0.000000,0.000000,0.000000,-0.500000,-0.500000,0.400000,0.000000,0.000000,0.000000,-0.291219,0.000000,0.000000,0.000000
0.000000,-0.500000,1.000000,0.000000,-0.500000,1.000000,0.000000,0.000000,0.000000,-0.500000,-0.500000,0.400000,0.000000,0.000000,0.000000,-0.295146,0.000000,0.000000,0.000000
0.000000,-0.500000,1.000000,0.000000,-0.500000,1.000000,0.000000,0.000000,0.000000,-0.500000,-0.500000,0.400000,0.000000,0.000000,0.000000,-0.299073,0.000000,0.000000,0.000000
0.000000,-0.500000,1.000000,0.000000,-0.500000,1.000000,0.000000,0.000000,0.000000,-0.500000,-0.500000,0.400000,0.000000,0.000000,0.000000,-0.303000,0.000000,0.000000,0.000000
0.000000,-0.500000,1.000000,0.000000,-0.500000,1.000000,0.000000,0.000000,0.000000,-0.500000,-0.500000,0.400000,0.000000,0.000000,0.000000,-0.306927,0.000000,0.000000,0.000000
0.000000,-0.500000,1.000000,0.000000,-0.500000,1.000000,0.000000,0.000000,0.000000,-0.500000,-0.500000,0.400000,0.000000,0.000000,0.000000,-0.310854,0.000000,0.000000,0.000000
0.000000,-0.500000,1.000000,0.000000,-0.500000,1.000000,0.000000,0.000000,0.000000,-0.500000,-0.500000,0.400000,0.000000,0.000000,0.000000,-0.314781,0.000000,0.000000,0.000000
0.000000,-0.500000,1.000000,0.000000,-0.500000,1.000000,0.000000,0.000000,0.000000,-0.500000,-0.500000,0.400000,0.000000,0.000000,0.000000,-0.318708,0.000000,0.000000,0.000000
0.000000,-0.500000,1.000000,0.000000,-0.500000,1.000000,0.000000,0.000000,0.000000,-0.500000,-0.500000,0.400000,0.000000,0.000000,0.000000,-0.322635,0.000000,0.000000,0.000000
0.000000,-0.500000,1.000000,0.000000,-0.500000,1.000000,0.000000,0.000000,0.000000,-0.500000,-0.500000,0.400000,0.000000,0.000000,0.000000,-0.326562,0.000000,0.000000,0.000000
0.000000,-0.500000,1.000000,0.000000,-0.500000,1.000000,0.000000,0.000000,0.000000,-0.500000,-0.500000,0.400000,0.000000,0.000000,0.000000,-0.330489,0.000000,0.000000,0.000000
0.000000,-0.500000,1.000000,0.000000,-0.500000,1.000000,0.000000,0.000000,0.000000,-0.500000,-0.500000,0.400000,0.000000,0.000000,0.000000,-0.334417,0.000000,0.000000,0.000000
0.000000,-0.500000,1.000000,0.000000,-0.500000,1.000000,0.000000,0.000000,0.000000,-0.500000,-0.500000,0.400000,0.000000,0.000000,0.000000,-0.338344,0.000000,0.000000,0.000000
0.000000,-0.500000,1.000000,0.000000,-0.500000,1.000000,0.000000,0.000000,0.000000,-0.500000,-0.500000,0.400000,0.000000,0.000000,0.000000,-0.342271,0.000000,0.000000,0.000000
0.000000,-0.500000,1.000000,0.000000,-0.500000,1.000000,0.000000,0.000000,0.000000,-0.500000,-0.500000,0.400000,0.000000,0.000000,0.000000,-0.346198,0.000000,0.000000,0.000000
0.000000,-0.500000,1.000000,0.000000,-0.500000,1.000000,0.000000,0.000000,0.000000,-0.500000,-0.500000,0.400000,0.000000,0.000000,0.000000,-0.350125,0.000000,0.000000,0.000000
0.000000,-0.500000,1.000000,0.000000,-0.500000,1.000000,0.000000,0.000000,0.000000,-0.500000,-0.500000,0.400000,0.000000,0.000000,0.000000,-0.354052,0.000000,0.000000,0.000000
0.000000,-0.500000,1.000000,0.000000,-0.500000,1.000000,0.000000,0.000000,0.000000,-0.500000,-0.500000,0.400000,0.000000,0.000000,0.000000,-0.357979,0.000000,0.000000,0.000000
0.000000,-0.500000,1.000000,0.000000,-0.500000,1.000000,0.000000,0.000000,0.000000,-0.500000,-0.500000,0.400000,0.000000,0.000000,0.000000,-0.361906,0.000000,0.000000,0.000000
0.000000,-0.500000,1.000000,0.000000,-0.500000,1.000000,0.000000,0.000000,0.000000,-0.500000,-0.500000,0.400000,0.000000,0.000000,0.000000,-0.365833,0.000000,0.000000,0.000000
0.000000,-0.500000,1.000000,0.000000,-0.500000,1.000000,0.000000,0.000000,0.000000,-0.500000,-0.500000,0.400000,0.000000,0.000000,0.000000,-0.369760,0.000000,0.000000,0.000000
0.000000,-0.500000,1.000000,0.000000,-0.500000,1.000000,0.000000,0.000000,0.000000,-0.500000,-0.500000,0.400000,0.000000,0.000000,0.000000,-0.373687,0.000000,0.000000,0.000000
0.000000,-0.500000,1.000000,0.000000,-0.500000,1.000000,0.000000,0.000000,0.000000,-0.500000,-0.500000,0.400000,0.000000,0.000000,0.000000,-0.377614,0.000000,0.000000,0.000000
0.000000,-0.500000,1.000000,0.000000,-0.500000,1.000000,0.000000,0.000000,0.000000,-0.500000,-0.500000,0.400000,0.000000,0.000000,0.000000,-0.381542,0.000000,0.000000,0.000000
0.000000,-0.500000,1.000000,0.000000,-0.500000,1.000000,0.000000,0.000000,0.000000,-0.500000,-0.500000,0.400000,0.000000,0.000000,0.000000,-0.385398,0.000000,0.000000,0.000295
0.000000,-0.500000,1.000000,0.000000,-0.500000,1.000000,0.000000,0.000000,0.000000,-0.500000,-0.500000,0.400000,0.000000,0.000000,0.000000,-0.385398,0.000000,0.000000,0.016742
0.000000,-0.500000,1.000000,0.000000,-0.500000,1.000000,0.000000,0.000000,0.000000,-0.500000,-0.500000,0.400000,0.000000,0.000000,0.000000,-0.385398,0.000000,0.000000,0.033172
0.000000,-0.500000,1.000000,0.000000,-0.500000,1.000000,0.000000,0.000000,0.000000,-0.500000,-0.500000,0.400000,0.000000,0.000000,0.000000,-0.385398,0.000000,0.000000,0.049570
0.000000,-0.500000,1.000000,0.000000,-0.500000,1.000000,0.000000,0.000000,0.000000,-0.500000,-0.500000,0.400000,0.000000,0.000000,0.000000,-0.385398,0.000000,0.000000,0.065918
0.000000,-0.500000,1.000000,0.000000,-0.500000,1.000000,0.000000,0.000000,0.000000,-0.500000,-0.500000,0.400000,0.000000,0.000000,0.000000,-0.385398,0.000000,0.000000,0.082202
0.000000,-0.500000,1.000000,0.000000,-0.500000,1.000000,0.000000,0.000000,0.000000,-0.500000,-0.500000,0.400000,0.000000,0.000000,0.000000,-0.385398,0.000000,0.000000,0.098405
0.000000,-0.500000,1.000000,0.000000,-0.500000,1.000000,0.000000,0.000000,0.000000,-0.500000,-0.500000,0.400000,0.000000,0.000000,0.000000,-0.385398,0.000000,0.000000,0.114510
0.000000,-0.500000,1.000000,0.000000,-0.500000,1.000000,0.000000,0.000000,0.000000,-0.500000,-0.500000,0.400000,0.000000,0.000000,0.000000,-0.385398,0.000000,0.000000,0.130502
0.000000,-0.500000,1.000000,0.000000,-0.500000,1.000000,0.000000,0.000000,0.000000,-0.500000,-0.500000,0.400000,0.000000,0.000000,0.000000,-0.385398,0.000000,0.000000,0.146366
0.000000,-0.500000,1.000000,0.000000,-0.500000,1.000000,0.000000,0.000000,0.000000,-0.500000,-0.500000,0.400000,0.000000,0.000000,0.000000,-0.385398,0.000000,0.000000,0.162085
0.000000,-0.500000,1.000000,0.000000,-0.500000,1.000000,0.000000,0.000000,0.000000,-0.500000,-0.500000,0.400000,0.000000,0.000000,0.000000,-0.385398,0.000000,0.000000,0.177644
0.000000,-0.500000,1.000000,0.000000,-0.500000,1.000000,0.000000,0.000000,0.000000,-0.500000,-0.500000,0.400000,0.000000,0.000000,0.000000,-0.385398,0.000000,0.000000,0.193028
0.000000,-0.500000,1.000000,0.000000,-0.500000,1.000000,0.000000,0.000000,0.000000,-0.500000,-0.500000,0.400000,0.000000,0.000000,0.000000,-0.385398,0.000000,0.000000,0.208221
0.000000,-0.500000,1.000000,0.000000,-0.500000,1.000000,0.000000,0.000000,0.000000,-0.500000,-0.500000,0.400000,0.000000,0.000000,0.000000,-0.385398,0.000000,0.000000,0.223209
0.000000,-0.500000,1.000000,0.000000,-0.500000,1.000000,0.000000,0.000000,0.000000,-0.500000,-0.500000,0.400000,0.000000,0.000000,0.000000,-0.385398,0.000000,0.000000,0.237977
0.000000,-0.500000,1.000000,0.000000,-0.500000,1.000000,0.000000,0.000000,0.000000,-0.500000,-0.500000,0.400000,0.000000,0.000000,0.000000,-0.385398,0.000000,0.000000,0.252509
0.000000,-0.500000,1.000000,0.000000,-0.500000,1.000000,0.000000,0.000000,0.000000,-0.500000,-0.500000,0.400000,0.000000,0.000000,0.000000,-0.385398,0.000000,0.000000,0.266793
0.000000,-0.500000,1.000000,0.000000,-0.500000,1.000000,0.000000,0.000000,0.000000,-0.500000,-0.500000,0.400000,0.000000,0.000000,0.000000,-0.385398,0.000000,0.000000,0.280813
0.000000,-0.500000,1.000000,0.000000,-0.500000,1.000000,0.000000,0.000000,0.000000,-0.500000,-0.500000,0.400000,0.000000,0.000000,0.000000,-0.385398,0.000000,0.000000,0.294556
0.000000,-0.500000,1.000000,0.000000,-0.500000,1.000000,0.000000,0.000000,0.000000,-0.500000,-0.500000,0.400000,0.000000,0.000000,0.000000,-0.385398,0.000000,0.000000,0.308008
0.000000,-0.500000,1.000000,0.000000,-0.500000,1.000000,0.000000,0.000000,0.000000,-0.500000,-0.500000,0.400000,0.000000,0.000000,0.000000,-0.385398,0.000000,0.000000,0.321157
0.000000,-0.500000,1.000000,0.000000,-0.500000,1.000000,0.000000,0.000000,0.000000,-0.500000,-0.500000,0.400000,0.000000,0.000000,0.000000,-0.385398,0.000000,0.000000,0.333988
0.000000,-0.500000,1.000000,0.000000,-0.500000,1.000000,0.000000,0.000000,0.000000,-0.500000,-0.500000,0.400000,0.000000,0.000000,0.000000,-0.385398,0.000000,0.000000,0.346490
0.000000,-0.500000,1.000000,0.000000,-0.500000,1.000000,0.000000,0.000000,0.000000,-0.500000,-0.500000,0.400000,0.000000,0.000000,0.000000,-0.385398,0.000000,0.000000,0.358650
0.000000,-0.500000,1.000000,0.000000,-0.500000,1.000000,0.000000,0.000000,0.000000,-0.500000,-0.500000,0.400000,0.000000,0.000000,0.000000,-0.385398,0.000000,0.000000,0.370455
0.000000,-0.500000,1.000000,0.000000,-0.500000,1.000000,0.000000,0.000000,0.000000,-0.500000,-0.500000,0.400000,0.000000,0.000000,0.000000,-0.385398,0.000000,0.000000,0.381896
0.000000,-0.500000,1.000000,0.000000,-0.500000,1.000000,0.000000,0.000000,0.000000,-0.500000,-0.500000,0.400000,0.000000,0.000000,0.000000,-0.385398,0.000000,0.000000,0.392959
0.000000,-0.500000,1.000000,0.000000,-0.500000,1.000000,0.000000,0.000000,0.000000,-0.500000,-0.500000,0.400000,0.000000,0.000000,0.000000,-0.385398,0.000000,0.000000,0.403634
0.000000,-0.500000,1.000000,0.000000,-0.500000,1.000000,0.000000,0.000000,0.000000,-0.500000,-0.500000,0.400000,0.000000,0.000000,0.000000,-0.385398,0.000000,0.000000,0.413912
0.000000,-0.500000,1.000000,0.000000,-0.500000,1.000000,0.000000,0.000000,0.000000,-0.500000,-0.500000,0.400000,0.000000,0.000000,0.000000,-0.385398,0.000000,0.000000,0.423780
0.000000,-0.500000,1.000000,0.000000,-0.500000,1.000000,0.000000,0.000000,0.000000,-0.500000,-0.500000,0.400000,0.000000,0.000000,0.000000,-0.385398,0.000000,0.000000,0.433231
0.000000,-0.500000,1.000000,0.000000,-0.500000,1.000000,0.000000,0.000000,0.000000,-0.500000,-0.500000,0.400000,0.000000,0.000000,0.000000,-0.385398,0.000000,0.000000,0.442254
0.000000,-0.500000,1.000000,0.000000,-0.500000,1.000000,0.000000,0.000000,0.000000,-0.500000,-0.500000,0.400000,0.000000,0.000000,0.000000,-0.385398,0.000000,0.000000,0.450840
0.000000,-0.500000,1.000000,0.000000,-0.500000,1.000000,0.000000,0.000000,0.000000,-0.500000,-0.500000,0.400000,0.000000,0.000000,0.000000,-0.385398,0.000000,0.000000,0.458981
0.000000,-0.500000,1.000000,0.000000,-0.500000,1.000000,0.000000,0.000000,0.000000,-0.500000,-0.500000,0.400000,0.000000,0.000000,0.000000,-0.385398,0.000000,0.000000,0.466670
0.000000,-0.500000,1.000000,0.000000,-0.500000,1.000000,0.000000,0.000000,0.000000,-0.500000,-0.500000,0.400000,0.000000,0.000000,0.000000,-0.385398,0.000000,0.000000,0.473898
0.000000,-0.500000,1.000000,0.000000,-0.500000,1.000000,0.000000,0.000000,0.000000,-0.500000,-0.500000,0.400000,0.000000,0.000000,0.000000,-0.385398,0.000000,0.000000,0.480658
0.000000,-0.500000,1.000000,0.000000,-0.500000,1.000000,0.000000,0.000000,0.000000,-0.500000,-0.500000,0.400000,0.000000,0.000000,0.000000,-0.385398,0.000000,0.000000,0.486944
0.000000,-0.500000,1.000000,0.000000,-0.500000,1.000000,0.000000,0.000000,0.000000,-0.500000,-0.500000,0.400000,0.000000,0.000000,0.000000,-0.385398,0.000000,0.000000,0.492749
0.000000,-0.500000,1.000000,0.000000,-0.500000,1.000000,0.000000,0.000000,0.000000,-0.500000,-0.500000,0.400000,0.000000,0.000000,0.000000,-0.385398,0.000000,0.000000,0.498068
0.000000,-0.500000,1.000000,0.000000,-0.500000,1.000000,0.000000,0.000000,0.000000,-0.500000,-0.500000,0.400000,0.000000,0.000000,0.000000,-0.385398,0.000000,0.000000,0.502895
0.000000,-0.500000,1.000000,0.000000,-0.500000,1.000000,0.000000,0.000000,0.000000,-0.500000,-0.500000,0.400000,0.000000,0.000000,0.000000,-0.385398,0.000000,0.000000,0.507226
0.000000,-0.500000,1.000000,0.000000,-0.500000,1.000000,0.000000,0.000000,0.000000,-0.500000,-0.500000,0.400000,0.000000,0.000000,0.000000,-0.385398,0.000000,0.000000,0.511057
0.000000,-0.500000,1.000000,0.000000,-0.500000,1.000000,0.000000,0.000000,0.000000,-0.500000,-0.500000,0.400000,0.000000,0.000000,0.000000,-0.385398,0.000000,0.000000,0.514383
0.000000,-0.500000,1.000000,0.000000,-0.500000,1.000000,0.000000,0.000000,0.000000,-0.500000,-0.500000,0.400000,0.000000,0.000000,0.000000,-0.385398,0.000000,0.000000,0.517201
0.000000,-0.500000,1.000000,0.000000,-0.500000,1.000000,0.000000,0.000000,0.000000,-0.500000,-0.500000,0.400000,0.000000,0.000000,0.000000,-0.385398,0.000000,0.000000,0.519509
0.000000,-0.500000,1.000000,0.000000,-0.500000,1.000000,0.000000,0.000000,0.000000,-0.500000,-0.500000,0.400000,0.000000,0.000000,0.000000,-0.385398,0.000000,0.000000,0.521304
0.000000,-0.500000,1.000000,0.000000,-0.500000,1.000000,0.000000,0.000000,0.000000,-0.500000,-0.500000,0.400000,0.000000,0.000000,0.000000,-0.385398,0.000000,0.000000,0.522585
0.000000,-0.500000,1.000000,0.000000,-0.500000,1.000000,0.000000,0.000000,0.000000,-0.500000,-0.500000,0.400000,0.000000,0.000000,0.000000,-0.385398,0.000000,0.000000,0.523350
0.000000,-0.500000,1.000000,0.000000,-0.500000,1.000000,0.000000,0.000000,0.000000,-0.500000,-0.500000,0.400000,0.000000,0.000000,0.000000,-0.385398,0.000000,0.000000,0.523599
0.000000,-0.500000,1.000000,0.000000,-0.500000,1.000000,0.000000,0.000000,0.000000,-0.500000,-0.500000,0.400000,0.000000,0.000000,0.000000,-0.385398,0.000000,0.000000,0.523330
0.000000,-0.500000,1.000000,0.000000,-0.500000,1.000000,0.000000,0.000000,0.000000,-0.500000,-0.500000,0.400000,0.000000,0.000000,0.000000,-0.385398,0.000000,0.000000,0.522546
0.000000,-0.500000,1.000000,0.000000,-0.500000,1.000000,0.000000,0.000000,0.000000,-0.500000,-0.500000,0.400000,0.000000,0.000000,0.000000,-0.385398,0.000000,0.000000,0.521245
0.000000,-0.500000,1.000000,0.000000,-0.500000,1.000000,0.000000,0.000000,0.000000,-0.500000,-0.500000,0.400000,0.000000,0.000000,0.000000,-0.385398,0.000000,0.000000,0.519430
0.000000,-0.500000,1.000000,0.000000,-0.500000,1.000000,0.000000,0.000000,0.000000,-0.500000,-0.500000,0.400000,0.000000,0.000000,0.000000,-0.385398,0.000000,0.000000,0.517103
0.000000,-0.500000,1.000000,0.000000,-0.500000,1.000000,0.000000,0.000000,0.000000,-0.500000,-0.500000,0.400000,0.000000,0.000000,0.000000,-0.385398,0.000000,0.000000,0.514265
0.000000,-0.500000,1.000000,0.000000,-0.500000,1.000000,0.000000,0.000000,0.000000,-0.500000,-0.500000,0.400000,0.000000,0.000000,0.000000,-0.385398,0.000000,0.000000,0.510920
0.000000,-0.500000,1.000000,0.000000,-0.500000,1.000000,0.000000,0.000000,0.000000,-0.500000,-0.500000,0.400000,0.000000,0.000000,0.000000,-0.385398,0.000000,0.000000,0.507070
0.000000,-0.500000,1.000000,0.000000,-0.500000,1.000000,0.000000,0.000000,0.000000,-0.500000,-0.500000,0.400000,0.000000,0.000000,0.000000,-0.385398,0.000000,0.000000,0.502720
0.000000,-0.500000,1.000000,0.000000,-0.500000,1.000000,0.000000,0.000000,0.000000,-0.500000,-0.500000,0.400000,0.000000,0.000000,0.000000,-0.385398,0.000000,0.000000,0.497874
0.000000,-0.500000,1.000000,0.000000,-0.500000,1.000000,0.000000,0.000000,0.000000,-0.500000,-0.500000,0.400000,0.000000,0.000000,0.000000,-0.385398,0.000000,0.000000,0.492536
0.000000,-0.500000,1.000000,0.000000,-0.500000,1.000000,0.000000,0.000000,0.000000,-0.500000,-0.500000,0.400000,0.000000,0.000000,0.000000,-0.385398,0.000000,0.000000,0.486713
0.000000,-0.500000,1.000000,0.000000,-0.500000,1.000000,0.000000,0.000000,0.000000,-0.500000,-0.500000,0.400000,0.000000,0.000000,0.000000,-0.385398,0.000000,0.000000,0.480409
0.000000,-0.500000,1.000000,0.000000,-0.500000,1.000000,0.000000,0.000000,0.000000,-0.500000,-0.500000,0.400000,0.000000,0.000000,0.000000,-0.385398,0.000000,0.000000,0.473630
0.000000,-0.500000,1.000000,0.000000,-0.500000,1.000000,0.000000,0.000000,0.000000,-0.500000,-0.500000,0.400000,0.000000,0.000000,0.000000,-0.385398,0.000000,0.000000,0.466385
0.000000,-0.500000,1.000000,0.000000,-0.500000,1.000000,0.000000,0.000000,0.000000,-0.500000,-0.500000,0.400000,0.000000,0.000000,0.000000,-0.385398,0.000000,0.000000,0.458679
0.000000,-0.500000,1.000000,0.000000,-0.500000,1.000000,0.000000,0.000000,0.000000,-0.500000,-0.500000,0.400000,0.000000,0.000000,0.000000,-0.385398,0.000000,0.000000,0.450520
0.000000,-0.500000,1.000000,0.000000,-0.500000,1.000000,0.000000,0.000000,0.000000,-0.500000,-0.500000,0.400000,0.000000,0.000000,0.000000,-0.385398,0.000000,0.000000,0.441917
0.000000,-0.500000,1.000000,0.000000,-0.500000,1.000000,0.000000,0.000000,0.000000,-0.500000,-0.500000,0.400000,0.000000,0.000000,0.000000,-0.385398,0.000000,0.000000,0.432878
0.000000,-0.500000,1.000000,0.000000,-0.500000,1.000000,0.000000,0.000000,0.000000,-0.500000,-0.500000,0.400000,0.000000,0.000000,0.000000,-0.385398,0.000000,0.000000,0.423411
0.000000,-0.500000,1.000000,0.000000,-0.500000,1.000000,0.000000,0.000000,0.000000,-0.500000,-0.500000,0.400000,0.000000,0.000000,0.000000,-0.385398,0.000000,0.000000,0.413527
0.000000,-0.500000,1.000000,0.000000,-0.500000,1.000000,0.000000,0.000000,0.000000,-0.500000,-0.500000,0.400000,0.000000,0.000000,0.000000,-0.385398,0.000000,0.000000,0.403234
0.000000,-0.500000,1.000000,0.000000,-0.500000,1.000000,0.000000,0.000000,0.000000,-0.500000,-0.500000,0.400000,0.000000,0.000000,0.000000,-0.385398,0.000000,0.000000,0.392544
0.000000,-0.500000,1.000000,0.000000,-0.500000,1.000000,0.000000,0.000000,0.000000,-0.500000,-0.500000,0.400000,0.000000,0.000000,0.000000,-0.385398,0.000000,0.000000,0.381466
0.000000,-0.500000,1.000000,0.000000,-0.500000,1.000000,0.000000,0.000000,0.000000,-0.500000,-0.500000,0.400000,0.000000,0.000000,0.000000,-0.385398,0.000000,0.000000,0.370012
0.000000,-0.500000,1.000000,0.000000,-0.500000,1.000000,0.000000,0.000000,0.000000,-0.500000,-0.500000,0.400000,0.000000,0.000000,0.000000,-0.385398,0.000000,0.000000,0.358192
0.000000,-0.500000,1.000000,0.000000,-0.500000,1.000000,0.000000,0.000000,0.000000,-0.500000,-0.500000,0.400000,0.000000,0.000000,0.000000,-0.385398,0.000000,0.000000,0.346019
0.000000,-0.500000,1.000000,0.000000,-0.500000,1.000000,0.000000,0.000000,0.000000,-0.500000,-0.500000,0.400000,0.000000,0.000000,0.000000,-0.385398,0.000000,0.000000,0.333504
0.000000,-0.500000,1.000000,0.000000,-0.500000,1.000000,0.000000,0.000000,0.000000,-0.500000,-0.500000,0.400000,0.000000,0.000000,0.000000,-0.385398,0.000000,0.000000,0.320661
0.000000,-0.500000,1.000000,0.000000,-0.500000,1.000000,0.000000,0.000000,0.000000,-0.500000,-0.500000,0.400000,0.000000,0.000000,0.000000,-0.385398,0.000000,0.000000,0.307501
0.000000,-0.500000,1.000000,0.000000,-0.500000,1.000000,0.000000,0.000000,0.000000,-0.500000,-0.500000,0.400000,0.000000,0.000000,0.000000,-0.385398,0.000000,0.000000,0.294037
0.000000,-0.500000,1.000000,0.000000,-0.500000,1.000000,0.000000,0.000000,0.000000,-0.500000,-0.500000,0.400000,0.000000,0.000000,0.000000,-0.385398,0.000000,0.000000,0.280283
0.000000,-0.500000,1.000000,0.000000,-0.500000,1.000000,0.000000,0.000000,0.000000,-0.500000,-0.500000,0.400000,0.000000,0.000000,0.000000,-0.385398,0.000000,0.000000,0.266253
0.000000,-0.500000,1.000000,0.000000,-0.500000,1.000000,0.000000,0.000000,0.000000,-0.500000,-0.500000,0.400000,0.000000,0.000000,0.000000,-0.385398,0.000000,0.000000,0.251959
0.000000,-0.500000,1.000000,0.000000,-0.500000,1.000000,0.000000,0.000000,0.000000,-0.500000,-0.500000,0.400000,0.000000,0.000000,0.000000,-0.385398,0.000000,0.000000,0.237418
0.000000,-0.500000,1.000000,0.000000,-0.500000,1.000000,0.000000,0.000000,0.000000,-0.500000,-0.500000,0.400000,0.000000,0.000000,0.000000,-0.385398,0.000000,0.000000,0.222641
0.000000,-0.500000,1.000000,0.000000,-0.500000,1.000000,0.000000,0.000000,0.000000,-0.500000,-0.500000,0.400000,0.000000,0.000000,0.000000,-0.385398,0.000000,0.000000,0.207645
0.000000,-0.500000,1.000000,0.000000,-0.500000,1.000000,0.000000,0.000000,0.000000,-0.500000,-0.500000,0.400000,0.000000,0.000000,0.000000,-0.385398,0.000000,0.000000,0.192445
0.000000,-0.500000,1.000000,0.000000,-0.500000,1.000000,0.000000,0.000000,0.000000,-0.500000,-0.500000,0.400000,0.000000,0.000000,0.000000,-0.385398,0.000000,0.000000,0.177054
0.000000,-0.500000,1.000000,0.000000,-0.500000,1.000000,0.000000,0.000000,0.000000,-0.500000,-0.500000,0.400000,0.000000,0.000000,0.000000,-0.385398,0.000000,0.000000,0.161488
0.000000,-0.500000,1.000000,0.000000,-0.500000,1.000000,0.000000,0.000000,0.000000,-0.500000,-0.500000,0.400000,0.000000,0.000000,0.000000,-0.385398,0.000000,0.000000,0.145763
0.000000,-0.500000,1.000000,0.000000,-0.500000,1.000000,0.000000,0.000000,0.000000,-0.500000,-0.500000,0.400000,0.000000,0.000000,0.000000,-0.385398,0.000000,0.000000,0.129894
0.000000,-0.500000,1.000000,0.000000,-0.500000,1.000000,0.000000,0.000000,0.000000,-0.500000,-0.500000,0.400000,0.000000,0.000000,0.000000,-0.385398,0.000000,0.000000,0.113898
0.000000,-0.500000,1.000000,0.000000,-0.500000,1.000000,0.000000,0.000000,0.000000,-0.500000,-0.500000,0.400000,0.000000,0.000000,0.000000,-0.385398,0.000000,0.000000,0.097788
0.000000,-0.500000,1.000000,0.000000,-0.500000,1.000000,0.000000,0.000000,0.000000,-0.500000,-0.500000,0.400000,0.000000,0.000000,0.000000,-0.385398,0.000000,0.000000,0.081582
0.000000,-0.500000,1.000000,0.000000,-0.500000,1.000000,0.000000,0.000000,0.000000,-0.500000,-0.500000,0.400000,0.000000,0.000000,0.000000,-0.385398,0.000000,0.000000,0.065296
0.000000,-0.500000,1.000000,0.000000,-0.500000,1.000000,0.000000,0.000000,0.000000,-0.500000,-0.500000,0.400000,0.000000,0.000000,0.000000,-0.385398,0.000000,0.000000,0.048945
0.000000,-0.500000,1.000000,0.000000,-0.500000,1.000000,0.000000,0.000000,0.000000,-0.500000,-0.500000,0.400000,0.000000,0.000000,0.000000,-0.385398,0.000000,0.000000,0.032546
0.000000,-0.500000,1.000000,0.000000,-0.500000,1.000000,0.000000,0.000000,0.000000,-0.500000,-0.500000,0.400000,0.000000,0.000000,0.000000,-0.385398,0.000000,0.000000,0.016115
0.000000,-0.500000,1.000000,0.000000,-0.500000,1.000000,0.000000,0.000000,0.000000,-0.500000,-0.500000,0.400000,0.000000,0.000000,0.000000,-0.385398,0.000000,0.000000,-0.000333
0.000000,-0.500000,1.000000,0.000000,-0.500000,1.000000,0.000000,0.000000,0.000000,-0.500000,-0.500000,0.400000,0.000000,0.000000,0.000000,-0.385398,0.000000,0.000000,-0.016779
0.000000,-0.500000,1.000000,0.000000,-0.500000,1.000000,0.000000,0.000000,0.000000,-0.500000,-0.500000,0.400000,0.000000,0.000000,0.000000,-0.385398,0.000000,0.000000,-0.033210
0.000000,-0.500000,1.000000,0.000000,-0.500000,1.000000,0.000000,0.000000,0.000000,-0.500000,-0.500000,0.400000,0.000000,0.000000,0.000000,-0.385398,0.000000,0.000000,-0.049607
0.000000,-0.500000,1.000000,0.000000,-0.500000,1.000000,0.000000,0.000000,0.000000,-0.500000,-0.500000,0.400000,0.000000,0.000000,0.000000,-0.385398,0.000000,0.000000,-0.065956
0.000000,-0.500000,1.000000,0.000000,-0.500000,1.000000,0.000000,0.000000,0.000000,-0.500000,-0.500000,0.400000,0.000000,0.000000,0.000000,-0.385398,0.000000,0.000000,-0.082239
0.000000,-0.500000,1.000000,0.000000,-0.500000,1.000000,0.000000,0.000000,0.000000,-0.500000,-0.500000,0.400000,0.000000,0.000000,0.000000,-0.385398,0.000000,0.000000,-0.098442
0.000000,-0.500000,1.000000,0.000000,-0.500000,1.000000,0.000000,0.000000,0.000000,-0.500000,-0.500000,0.400000,0.000000,0.000000,0.000000,-0.385398,0.000000,0.000000,-0.114547
0.000000,-0.500000,1.000000,0.000000,-0.500000,1.000000,0.000000,0.000000,0.000000,-0.500000,-0.500000,0.400000,0.000000,0.000000,0.000000,-0.385398,0.000000,0.000000,-0.130539
0.000000,-0.500000,1.000000,0.000000,-0.500000,1.000000,0.000000,0.000000,0.000000,-0.500000,-0.500000,0.400000,0.000000,0.000000,0.000000,-0.385398,0.000000,0.000000,-0.146402
0.000000,-0.500000,1.000000,0.000000,-0.500000,1.000000,0.000000,0.000000,0.000000,-0.500000,-0.500000,0.400000,0.000000,0.000000,0.000000,-0.385398,0.000000,0.000000,-0.162121
0.000000,-0.500000,1.000000,0.000000,-0.500000,1.000000,0.000000,0.000000,0.000000,-0.500000,-0.500000,0.400000,0.000000,0.000000,0.000000,-0.385398,0.000000,0.000000,-0.177680
0.000000,-0.500000,1.000000,0.000000,-0.500000,1.000000,0.000000,0.000000,0.000000,-0.500000,-0.500000,0.400000,0.000000,0.000000,0.000000,-0.385398,0.000000,0.000000,-0.193063
0.000000,-0.500000,1.000000,0.000000,-0.500000,1.000000,0.000000,0.000000,0.000000,-0.500000,-0.500000,0.400000,0.000000,0.000000,0.000000,-0.385398,0.000000,0.000000,-0.208256
0.000000,-0.500000,1.000000,0.000000,-0.500000,1.000000,0.000000,0.000000,0.000000,-0.500000,-0.500000,0.400000,0.000000,0.000000,0.000000,-0.385398,0.000000,0.000000,-0.223243
0.000000,-0.500000,1.000000,0.000000,-0.500000,1.000000,0.000000,0.000000,0.000000,-0.500000,-0.500000,0.400000,0.000000,0.000000,0.000000,-0.385398,0.000000,0.000000,-0.238010
0.000000,-0.500000,1.000000,0.000000,-0.500000,1.000000,0.000000,0.000000,0.000000,-0.500000,-0.500000,0.400000,0.000000,0.000000,0.000000,-0.385398,0.000000,0.000000,-0.252542
0.000000,-0.500000,1.000000,0.000000,-0.500000,1.000000,0.000000,0.000000,0.000000,-0.500000,-0.500000,0.400000,0.000000,0.000000,0.000000,-0.385398,0.000000,0.000000,-0.266825
0.000000,-0.500000,1.000000,0.000000,-0.500000,1.000000,0.000000,0.000000,0.000000,-0.500000,-0.500000,0.400000,0.000000,0.000000,0.000000,-0.385398,0.000000,0.000000,-0.280845
0.000000,-0.500000,1.000000,0.000000,-0.500000,1.000000,0.000000,0.000000,0.000000,-0.500000,-0.500000,0.400000,0.000000,0.000000,0.000000,-0.385398,0.000000,0.000000,-0.294587
0.000000,-0.500000,1.000000,0.000000,-0.500000,1.000000,0.000000,0.000000,0.000000,-0.500000,-0.500000,0.400000,0.000000,0.000000,0.000000,-0.385398,0.000000,0.000000,-0.308039
0.000000,-0.500000,1.000000,0.000000,-0.500000,1.000000,0.000000,0.000000,0.000000,-0.500000,-0.500000,0.400000,0.000000,0.000000,0.000000,-0.385398,0.000000,0.000000,-0.321186
0.000000,-0.500000,1.000000,0.000000,-0.500000,1.000000,0.000000,0.000000,0.000000,-0.500000,-0.500000,0.400000,0.000000,0.000000,0.000000,-0.385398,0.000000,0.000000,-0.334017
0.000000,-0.500000,1.000000,0.000000,-0.500000,1.000000,0.000000,0.000000,0.000000,-0.500000,-0.500000,0.400000,0.000000,0.000000,0.000000,-0.385398,0.000000,0.000000,-0.346518
0.000000,-0.500000,1.000000,0.000000,-0.500000,1.000000,0.000000,0.000000,0.000000,-0.500000,-0.500000,0.400000,0.000000,0.000000,0.000000,-0.385398,0.000000,0.000000,-0.358677
0.000000,-0.500000,1.000000,0.000000,-0.500000,1.000000,0.000000,0.000000,0.000000,-0.500000,-0.500000,0.400000,0.000000,0.000000,0.000000,-0.385398,0.000000,0.000000,-0.370482
0.000000,-0.500000,1.000000,0.000000,-0.500000,1.000000,0.000000,0.000000,0.000000,-0.500000,-0.500000,0.400000,0.000000,0.000000,0.000000,-0.385398,0.000000,0.000000,-0.381921
0.000000,-0.500000,1.000000,0.000000,-0.500000,1.000000,0.000000,0.000000,0.000000,-0.500000,-0.500000,0.400000,0.000000,0.000000,0.000000,-0.385398,0.000000,0.000000,-0.392984
0.000000,-0.500000,1.000000,0.000000,-0.500000,1.000000,0.000000,0.000000,0.000000,-0.500000,-0.500000,0.400000,0.000000,0.000000,0.000000,-0.385398,0.000000,0.000000,-0.403658
0.000000,-0.500000,1.000000,0.000000,-0.500000,1.000000,0.000000,0.000000,0.000000,-0.500000,-0.500000,0.400000,0.000000,0.000000,0.000000,-0.385398,0.000000,0.000000,-0.413935
0.000000,-0.500000,1.000000,0.000000,-0.500000,1.000000,0.000000,0.000000,0.000000,-0.500000,-0.500000,0.400000,0.000000,0.000000,0.000000,-0.385398,0.000000,0.000000,-0.423802
0.000000,-0.500000,1.000000,0.000000,-0.500000,1.000000,0.000000,0.000000,0.000000,-0.500000,-0.500000,0.400000,0.000000,0.000000,0.000000,-0.385398,0.000000,0.000000,-0.433252
0.000000,-0.500000,1.000000,0.000000,-0.500000,1.000000,0.000000,0.000000,0.000000,-0.500000,-0.500000,0.400000,0.000000,0.000000,0.000000,-0.385398,0.000000,0.000000,-0.442274
0.000000,-0.500000,1.000000,0.000000,-0.500000,1.000000,0.000000,0.000000,0.000000,-0.500000,-0.500000,0.400000,0.000000,0.000000,0.000000,-0.385398,0.000000,0.000000,-0.450859
0.000000,-0.500000,1.000000,0.000000,-0.500000,1.000000,0.000000,0.000000,0.000000,-0.500000,-0.500000,0.400000,0.000000,0.000000,0.000000,-0.385398,0.000000,0.000000,-0.458999
0.000000,-0.500000,1.000000,0.000000,-0.500000,1.000000,0.000000,0.000000,0.000000,-0.500000,-0.500000,0.400000,0.000000,0.000000,0.000000,-0.385398,0.000000,0.000000,-0.466687
0.000000,-0.500000,1.000000,0.000000,-0.500000,1.000000,0.000000,0.000000,0.000000,-0.500000,-0.500000,0.400000,0.000000,0.000000,0.000000,-0.385398,0.000000,0.000000,-0.473914
0.000000,-0.500000,1.000000,0.000000,-0.500000,1.000000,0.000000,0.000000,0.000000,-0.500000,-0.500000,0.400000,0.000000,0.000000,0.000000,-0.385398,0.000000,0.000000,-0.480673
0.000000,-0.500000,1.000000,0.000000,-0.500000,1.000000,0.000000,0.000000,0.000000,-0.500000,-0.500000,0.400000,0.000000,0.000000,0.000000,-0.385398,0.000000,0.000000,-0.486957
0.000000,-0.500000,1.000000,0.000000,-0.500000,1.000000,0.000000,0.000000,0.000000,-0.500000,-0.500000,0.400000,0.000000,0.000000,0.000000,-0.385398,0.000000,0.000000,-0.492762
0.000000,-0.500000,1.000000,0.000000,-0.500000,1.000000,0.000000,0.000000,0.000000,-0.500000,-0.500000,0.400000,0.000000,0.000000,0.000000,-0.385398,0.000000,0.000000,-0.498079
0.000000,-0.500000,1.000000,0.000000,-0.500000,1.000000,0.000000,0.000000,0.000000,-0.500000,-0.500000,0.400000,0.000000,0.000000,0.000000,-0.385398,0.000000,0.000000,-0.502906
0.000000,-0.500000,1.000000,0.000000,-0.500000,1.000000,0.000000,0.000000,0.000000,-0.500000,-0.500000,0.400000,0.000000,0.000000,0.000000,-0.385398,0.000000,0.000000,-0.507236
0.000000,-0.500000,1.000000,0.000000,-0.500000,1.000000,0.000000,0.000000,0.000000,-0.500000,-0.500000,0.400000,0.000000,0.000000,0.000000,-0.385398,0.000000,0.000000,-0.511065
0.000000,-0.500000,1.000000,0.000000,-0.500000,1.000000,0.000000,0.000000,0.000000,-0.500000,-0.500000,0.400000,0.000000,0.000000,0.000000,-0.385398,0.000000,0.000000,-0.514390
0.000000,-0.500000,1.000000,0.000000,-0.500000,1.000000,0.000000,0.000000,0.000000,-0.500000,-0.500000,0.400000,0.000000,0.000000,0.000000,-0.385398,0.000000,0.000000,-0.517207
0.000000,-0.500000,1.000000,0.000000,-0.500000,1.000000,0.000000,0.000000,0.000000,-0.500000,-0.500000,0.400000,0.000000,0.000000,0.000000,-0.385398,0.000000,0.000000,-0.519514
0.000000,-0.500000,1.000000,0.000000,-0.500000,1.000000,0.000000,0.000000,0.000000,-0.500000,-0.500000,0.400000,0.000000,0.000000,0.000000,-0.385398,0.000000,0.000000,-0.521308
0.000000,-0.500000,1.000000,0.000000,-0.500000,1.000000,0.000000,0.000000,0.000000,-0.500000,-0.500000,0.400000,0.000000,0.000000,0.000000,-0.385398,0.000000,0.000000,-0.522587
0.000000,-0.500000,1.000000,0.000000,-0.500000,1.000000,0.000000,0.000000,0.000000,-0.500000,-0.500000,0.400000,0.000000,0.000000,0.000000,-0.385398,0.000000,0.000000,-0.523351
0.000000,-0.500000,1.000000,0.000000,-0.500000,1.000000,0.000000,0.000000,0.000000,-0.500000,-0.500000,0.400000,0.000000,0.000000,0.000000,-0.385398,0.000000,0.000000,-0.523599
0.000000,-0.500000,1.000000,0.000000,-0.500000,1.000000,0.000000,0.000000,0.000000,-0.500000,-0.500000,0.400000,0.000000,0.000000,0.000000,-0.385398,0.000000,0.000000,-0.523329
0.000000,-0.500000,1.000000,0.000000,-0.500000,1.000000,0.000000,0.000000,0.000000,-0.500000,-0.500000,0.400000,0.000000,0.000000,0.000000,-0.385398,0.000000,0.000000,-0.522543
0.000000,-0.500000,1.000000,0.000000,-0.500000,1.000000,0.000000,0.000000,0.000000,-0.500000,-0.500000,0.400000,0.000000,0.000000,0.000000,-0.385398,0.000000,0.000000,-0.521242
0.000000,-0.500000,1.000000,0.000000,-0.500000,1.000000,0.000000,0.000000,0.000000,-0.500000,-0.500000,0.400000,0.000000,0.000000,0.000000,-0.385398,0.000000,0.000000,-0.519426
0.000000,-0.500000,1.000000,0.000000,-0.500000,1.000000,0.000000,0.000000,0.000000,-0.500000,-0.500000,0.400000,0.000000,0.000000,0.000000,-0.385398,0.000000,0.000000,-0.517097
0.000000,-0.500000,1.000000,0.000000,-0.500000,1.000000,0.000000,0.000000,0.000000,-0.500000,-0.500000,0.400000,0.000000,0.000000,0.000000,-0.385398,0.000000,0.000000,-0.514258
0.000000,-0.500000,1.000000,0.000000,-0.500000,1.000000,0.000000,0.000000,0.000000,-0.500000,-0.500000,0.400000,0.000000,0.000000,0.000000,-0.385398,0.000000,0.000000,-0.510911
0.000000,-0.500000,1.000000,0.000000,-0.500000,1.000000,0.000000,0.000000,0.000000,-0.500000,-0.500000,0.400000,0.000000,0.000000,0.000000,-0.385398,0.000000,0.000000,-0.507061
0.000000,-0.500000,1.000000,0.000000,-0.500000,1.000000,0.000000,0.000000,0.000000,-0.500000,-0.500000,0.400000,0.000000,0.000000,0.000000,-0.385398,0.000000,0.000000,-0.502710
0.000000,-0.500000,1.000000,0.000000,-0.500000,1.000000,0.000000,0.000000,0.000000,-0.500000,-0.500000,0.400000,0.000000,0.000000,0.000000,-0.385398,0.000000,0.000000,-0.497862
0.000000,-0.500000,1.000000,0.000000,-0.500000,1.000000,0.000000,0.000000,0.000000,-0.500000,-0.500000,0.400000,0.000000,0.000000,0.000000,-0.385398,0.000000,0.000000,-0.492523
0.000000,-0.500000,1.000000,0.000000,-0.500000,1.000000,0.000000,0.000000,0.000000,-0.500000,-0.500000,0.400000,0.000000,0.000000,0.000000,-0.385398,0.000000,0.000000,-0.486699
0.000000,-0.500000,1.000000,0.000000,-0.500000,1.000000,0.000000,0.000000,0.000000,-0.500000,-0.500000,0.400000,0.000000,0.000000,0.000000,-0.385398,0.000000,0.000000,-0.480394
0.000000,-0.500000,1.000000,0.000000,-0.500000,1.000000,0.000000,0.000000,0.000000,-0.500000,-0.500000,0.400000,0.000000,0.000000,0.000000,-0.385398,0.000000,0.000000,-0.473614
0.000000,-0.500000,1.000000,0.000000,-0.500000,1.000000,0.000000,0.000000,0.000000,-0.500000,-0.500000,0.400000,0.000000,0.000000,0.000000,-0.385398,0.000000,0.000000,-0.466368
0.000000,-0.500000,1.000000,0.000000,-0.500000,1.000000,0.000000,0.000000,0.000000,-0.500000,-0.500000,0.400000,0.000000,0.000000,0.000000,-0.385398,0.000000,0.000000,-0.458661
0.000000,-0.500000,1.000000,0.000000,-0.500000,1.000000,0.000000,0.000000,0.000000,-0.500000,-0.500000,0.400000,0.000000,0.000000,0.000000,-0.385398,0.000000,0.000000,-0.450501
0.000000,-0.500000,1.000000,0.000000,-0.500000,1.000000,0.000000,0.000000,0.000000,-0.500000,-0.500000,0.400000,0.000000,0.000000,0.000000,-0.385398,0.000000,0.000000,-0.441897
0.000000,-0.500000,1.000000,0.000000,-0.500000,1.000000,0.000000,0.000000,0.000000,-0.500000,-0.500000,0.400000,0.000000,0.000000,0.000000,-0.385398,0.000000,0.000000,-0.432857
0.000000,-0.500000,1.000000,0.000000,-0.500000,1.000000,0.000000,0.000000,0.000000,-0.500000,-0.500000,0.400000,0.000000,0.000000,0.000000,-0.385398,0.000000,0.000000,-0.423389
0.000000,-0.500000,1.000000,0.000000,-0.500000,1.000000,0.000000,0.000000,0.000000,-0.500000,-0.500000,0.400000,0.000000,0.000000,0.000000,-0.385398,0.000000,0.000000,-0.413504
0.000000,-0.500000,1.000000,0.000000,-0.500000,1.000000,0.000000,0.000000,0.000000,-0.500000,-0.500000,0.400000,0.000000,0.000000,0.000000,-0.385398,0.000000,0.000000,-0.403210
0.000000,-0.500000,1.000000,0.000000,-0.500000,1.000000,0.000000,0.000000,0.000000,-0.500000,-0.500000,0.400000,0.000000,0.000000,0.000000,-0.385398,0.000000,0.000000,-0.392519
0.000000,-0.500000,1.000000,0.000000,-0.500000,1.000000,0.000000,0.000000,0.000000,-0.500000,-0.500000,0.400000,0.000000,0.000000,0.000000,-0.385398,0.000000,0.000000,-0.381440
0.000000,-0.500000,1.000000,0.000000,-0.500000,1.000000,0.000000,0.000000,0.000000,-0.500000,-0.500000,0.400000,0.000000,0.000000,0.000000,-0.385398,0.000000,0.000000,-0.369985
0.000000,-0.500000,1.000000,0.000000,-0.500000,1.000000,0.000000,0.000000,0.000000,-0.500000,-0.500000,0.400000,0.000000,0.000000,0.000000,-0.385398,0.000000,0.000000,-0.358165
0.000000,-0.500000,1.000000,0.000000,-0.500000,1.000000,0.000000,0.000000,0.000000,-0.500000,-0.500000,0.400000,0.000000,0.000000,0.000000,-0.385398,0.000000,0.000000,-0.345991
0.000000,-0.500000,1.000000,0.000000,-0.500000,1.000000,0.000000,0.000000,0.000000,-0.500000,-0.500000,0.400000,0.000000,0.000000,0.000000,-0.385398,0.000000,0.000000,-0.333475
0.000000,-0.500000,1.000000,0.000000,-0.500000,1.000000,0.000000,0.000000,0.000000,-0.500000,-0.500000,0.400000,0.000000,0.000000,0.000000,-0.385398,0.000000,0.000000,-0.320631
0.000000,-0.500000,1.000000,0.000000,-0.500000,1.000000,0.000000,0.000000,0.000000,-0.500000,-0.500000,0.400000,0.000000,0.000000,0.000000,-0.385398,0.000000,0.000000,-0.307470
0.000000,-0.500000,1.000000,0.000000,-0.500000,1.000000,0.000000,0.000000,0.000000,-0.500000,-0.500000,0.400000,0.000000,0.000000,0.000000,-0.385398,0.000000,0.000000,-0.294006
0.000000,-0.500000,1.000000,0.000000,-0.500000,1.000000,0.000000,0.000000,0.000000,-0.500000,-0.500000,0.400000,0.000000,0.000000,0.000000,-0.385398,0.000000,0.000000,-0.280251
0.000000,-0.500000,1.000000,0.000000,-0.500000,1.000000,0.000000,0.000000,0.000000,-0.500000,-0.500000,0.400000,0.000000,0.000000,0.000000,-0.385398,0.000000,0.000000,-0.266220
0.000000,-0.500000,1.000000,0.000000,-0.500000,1.000000,0.000000,0.000000,0.000000,-0.500000,-0.500000,0.400000,0.000000,0.000000,0.000000,-0.385398,0.000000,0.000000,-0.251926
0.000000,-0.500000,1.000000,0.000000,-0.500000,1.000000,0.000000,0.000000,0.000000,-0.500000,-0.500000,0.400000,0.000000,0.000000,0.000000,-0.385398,0.000000,0.000000,-0.237384
0.000000,-0.500000,1.000000,0.000000,-0.500000,1.000000,0.000000,0.000000,0.000000,-0.500000,-0.500000,0.400000,0.000000,0.000000,0.000000,-0.385398,0.000000,0.000000,-0.222607
0.000000,-0.500000,1.000000,0.000000,-0.500000,1.000000,0.000000,0.000000,0.000000,-0.500000,-0.500000,0.400000,0.000000,0.000000,0.000000,-0.385398,0.000000,0.000000,-0.207611
0.000000,-0.500000,1.000000,0.000000,-0.500000,1.000000,0.000000,0.000000,0.000000,-0.500000,-0.500000,0.400000,0.000000,0.000000,0.000000,-0.385398,0.000000,0.000000,-0.192410
0.000000,-0.500000,1.000000,0.000000,-0.500000,1.000000,0.000000,0.000000,0.000000,-0.500000,-0.500000,0.400000,0.000000,0.000000,0.000000,-0.385398,0.000000,0.000000,-0.177018
0.000000,-0.500000,1.000000,0.000000,-0.500000,1.000000,0.000000,0.000000,0.000000,-0.500000,-0.500000,0.400000,0.000000,0.000000,0.000000,-0.385398,0.000000,0.000000,-0.161452
0.000000,-0.500000,1.000000,0.000000,-0.500000,1.000000,0.000000,0.000000,0.000000,-0.500000,-0.500000,0.400000,0.000000,0.000000,0.000000,-0.385398,0.000000,0.000000,-0.145727
0.000000,-0.500000,1.000000,0.000000,-0.500000,1.000000,0.000000,0.000000,0.000000,-0.500000,-0.500000,0.400000,0.000000,0.000000,0.000000,-0.385398,0.000000,0.000000,-0.129858
0.000000,-0.500000,1.000000,0.000000,-0.500000,1.000000,0.000000,0.000000,0.000000,-0.500000,-0.500000,0.400000,0.000000,0.000000,0.000000,-0.385398,0.000000,0.000000,-0.113861
0.000000,-0.500000,1.000000,0.000000,-0.500000,1.000000,0.000000,0.000000,0.000000,-0.500000,-0.500000,0.400000,0.000000,0.000000,0.000000,-0.385398,0.000000,0.000000,-0.097751
0.000000,-0.500000,1.000000,0.000000,-0.500000,1.000000,0.000000,0.000000,0.000000,-0.500000,-0.500000,0.400000,0.000000,0.000000,0.000000,-0.385398,0.000000,0.000000,-0.081545
0.000000,-0.500000,1.000000,0.000000,-0.500000,1.000000,0.000000,0.000000,0.000000,-0.500000,-0.500000,0.400000,0.000000,0.000000,0.000000,-0.385398,0.000000,0.000000,-0.065259
0.000000,-0.500000,1.000000,0.000000,-0.500000,1.000000,0.000000,0.000000,0.000000,-0.500000,-0.500000,0.400000,0.000000,0.000000,0.000000,-0.385398,0.000000,0.000000,-0.048908
0.000000,-0.500000,1.000000,0.000000,-0.500000,1.000000,0.000000,0.000000,0.000000,-0.500000,-0.500000,0.400000,0.000000,0.000000,0.000000,-0.385398,0.000000,0.000000,-0.032508
0.000000,-0.500000,1.000000,0.000000,-0.500000,1.000000,0.000000,0.000000,0.000000,-0.500000,-0.500000,0.400000,0.000000,0.000000,0.000000,-0.385398,0.000000,0.000000,-0.016077
0.000000,-0.500000,1.000000,0.000000,-0.500000,1.000000,0.000000,0.000000,0.000000,-0.500000,-0.500000,0.400000,0.000000,0.000000,0.000000,-0.385398,0.000000,0.000000,0.000370
0.000000,-0.500000,1.000000,0.000000,-0.500000,1.000000,0.000000,0.000000,0.000000,-0.500000,-0.500000,0.400000,0.000000,0.000000,0.000000,-0.385398,0.000000,0.000000,0.016817
0.000000,-0.500000,1.000000,0.000000,-0.500000,1.000000,0.000000,0.000000,0.000000,-0.500000,-0.500000,0.400000,0.000000,0.000000,0.000000,-0.385398,0.000000,0.000000,0.033247
0.000000,-0.500000,1.000000,0.000000,-0.500000,1.000000,0.000000,0.000000,0.000000,-0.500000,-0.500000,0.400000,0.000000,0.000000,0.000000,-0.385398,0.000000,0.000000,0.049645
0.000000,-0.500000,1.000000,0.000000,-0.500000,1.000000,0.000000,0.000000,0.000000,-0.500000,-0.500000,0.400000,0.000000,0.000000,0.000000,-0.385398,0.000000,0.000000,0.065993
0.000000,-0.500000,1.000000,0.000000,-0.500000,1.000000,0.000000,0.000000,0.000000,-0.500000,-0.500000,0.400000,0.000000,0.000000,0.000000,-0.385398,0.000000,0.000000,0.082276
0.000000,-0.500000,1.000000,0.000000,-0.500000,1.000000,0.000000,0.000000,0.000000,-0.500000,-0.500000,0.400000,0.000000,0.000000,0.000000,-0.385398,0.000000,0.000000,0.098478
0.000000,-0.500000,1.000000,0.000000,-0.500000,1.000000,0.000000,0.000000,0.000000,-0.500000,-0.500000,0.400000,0.000000,0.000000,0.000000,-0.385398,0.000000,0.000000,0.114583
0.000000,-0.500000,1.000000,0.000000,-0.500000,1.000000,0.000000,0.000000,0.000000,-0.500000,-0.500000,0.400000,0.000000,0.000000,0.000000,-0.385398,0.000000,0.000000,0.130575
0.000000,-0.500000,1.000000,0.000000,-0.500000,1.000000,0.000000,0.000000,0.000000,-0.500000,-0.500000,0.400000,0.000000,0.000000,0.000000,-0.385398,0.000000,0.000000,0.146438
0.000000,-0.500000,1.000000,0.000000,-0.500000,1.000000,0.000000,0.000000,0.000000,-0.500000,-0.500000,0.400000,0.000000,0.000000,0.000000,-0.385398,0.000000,0.000000,0.162157
0.000000,-0.500000,1.000000,0.000000,-0.500000,1.000000,0.000000,0.000000,0.000000,-0.500000,-0.500000,0.400000,0.000000,0.000000,0.000000,-0.385398,0.000000,0.000000,0.177715
0.000000,-0.500000,1.000000,0.000000,-0.500000,1.000000,0.000000,0.000000,0.000000,-0.500000,-0.500000,0.400000,0.000000,0.000000,0.000000,-0.385398,0.000000,0.000000,0.193098
0.000000,-0.500000,1.000000,0.000000,-0.500000,1.000000,0.000000,0.000000,0.000000,-0.500000,-0.500000,0.400000,0.000000,0.000000,0.000000,-0.385398,0.000000,0.000000,0.208290
0.000000,-0.500000,1.000000,0.000000,-0.500000,1.000000,0.000000,0.000000,0.000000,-0.500000,-0.500000,0.400000,0.000000,0.000000,0.000000,-0.385398,0.000000,0.000000,0.223277
0.000000,-0.500000,1.000000,0.000000,-0.500000,1.000000,0.000000,0.000000,0.000000,-0.500000,-0.500000,0.400000,0.000000,0.000000,0.000000,-0.385398,0.000000,0.000000,0.238044
0.000000,-0.500000,1.000000,0.000000,-0.500000,1.000000,0.000000,0.000000,0.000000,-0.500000,-0.500000,0.400000,0.000000,0.000000,0.000000,-0.385398,0.000000,0.000000,0.252575
0.000000,-0.500000,1.000000,0.000000,-0.500000,1.000000,0.000000,0.000000,0.000000,-0.500000,-0.500000,0.400000,0.000000,0.000000,0.000000,-0.385398,0.000000,0.000000,0.266858
0.000000,-0.500000,1.000000,0.000000,-0.500000,1.000000,0.000000,0.000000,0.000000,-0.500000,-0.500000,0.400000,0.000000,0.000000,0.000000,-0.385398,0.000000,0.000000,0.280876
0.000000,-0.500000,1.000000,0.000000,-0.500000,1.000000,0.000000,0.000000,0.000000,-0.500000,-0.500000,0.400000,0.000000,0.000000,0.000000,-0.385398,0.000000,0.000000,0.294618
0.000000,-0.500000,1.000000,0.000000,-0.500000,1.000000,0.000000,0.000000,0.000000,-0.500000,-0.500000,0.400000,0.000000,0.000000,0.000000,-0.385398,0.000000,0.000000,0.308069
0.000000,-0.500000,1.000000,0.000000,-0.500000,1.000000,0.000000,0.000000,0.000000,-0.500000,-0.500000,0.400000,0.000000,0.000000,0.000000,-0.385398,0.000000,0.000000,0.321216
0.000000,-0.500000,1.000000,0.000000,-0.500000,1.000000,0.000000,0.000000,0.000000,-0.500000,-0.500000,0.400000,0.000000,0.000000,0.000000,-0.385398,0.000000,0.000000,0.334046
0.000000,-0.500000,1.000000,0.000000,-0.500000,1.000000,0.000000,0.000000,0.000000,-0.500000,-0.500000,0.400000,0.000000,0.000000,0.000000,-0.385398,0.000000,0.000000,0.346546
0.000000,-0.500000,1.000000,0.000000,-0.500000,1.000000,0.000000,0.000000,0.000000,-0.500000,-0.500000,0.400000,0.000000,0.000000,0.000000,-0.385398,0.000000,0.000000,0.358704
0.000000,-0.500000,1.000000,0.000000,-0.500000,1.000000,0.000000,0.000000,0.000000,-0.500000,-0.500000,0.400000,0.000000,0.000000,0.000000,-0.385398,0.000000,0.000000,0.370509
0.000000,-0.500000,1.000000,0.000000,-0.500000,1.000000,0.000000,0.000000,0.000000,-0.500000,-0.500000,0.400000,0.000000,0.000000,0.000000,-0.385398,0.000000,0.000000,0.381947
0.000000,-0.500000,1.000000,0.000000,-0.500000,1.000000,0.000000,0.000000,0.000000,-0.500000,-0.500000,0.400000,0.000000,0.000000,0.000000,-0.385398,0.000000,0.000000,0.393009
0.000000,-0.500000,1.000000,0.000000,-0.500000,1.000000,0.000000,0.000000,0.000000,-0.500000,-0.500000,0.400000,0.000000,0.000000,0.000000,-0.385398,0.000000,0.000000,0.403682
0.000000,-0.500000,1.000000,0.000000,-0.500000,1.000000,0.000000,0.000000,0.000000,-0.500000,-0.500000,0.400000,0.000000,0.000000,0.000000,-0.385398,0.000000,0.000000,0.413958
0.000000,-0.500000,1.000000,0.000000,-0.500000,1.000000,0.000000,0.000000,0.000000,-0.500000,-0.500000,0.400000,0.000000,0.000000,0.000000,-0.385398,0.000000,0.000000,0.423824
0.000000,-0.500000,1.000000,0.000000,-0.500000,1.000000,0.000000,0.000000,0.000000,-0.500000,-0.500000,0.400000,0.000000,0.000000,0.000000,-0.385398,0.000000,0.000000,0.433273
0.000000,-0.500000,1.000000,0.000000,-0.500000,1.000000,0.000000,0.000000,0.000000,-0.500000,-0.500000,0.400000,0.000000,0.000000,0.000000,-0.385398,0.000000,0.000000,0.442294
0.000000,-0.500000,1.000000,0.000000,-0.500000,1.000000,0.000000,0.000000,0.000000,-0.500000,-0.500000,0.400000,0.000000,0.000000,0.000000,-0.385398,0.000000,0.000000,0.450878
0.000000,-0.500000,1.000000,0.000000,-0.500000,1.000000,0.000000,0.000000,0.000000,-0.500000,-0.500000,0.400000,0.000000,0.000000,0.000000,-0.385398,0.000000,0.000000,0.459018
0.000000,-0.500000,1.000000,0.000000,-0.500000,1.000000,0.000000,0.000000,0.000000,-0.500000,-0.500000,0.400000,0.000000,0.000000,0.000000,-0.385398,0.000000,0.000000,0.466704
0.000000,-0.500000,1.000000,0.000000,-0.500000,1.000000,0.000000,0.000000,0.000000,-0.500000,-0.500000,0.400000,0.000000,0.000000,0.000000,-0.385398,0.000000,0.000000,0.473930
0.000000,-0.500000,1.000000,0.000000,-0.500000,1.000000,0.000000,0.000000,0.000000,-0.500000,-0.500000,0.400000,0.000000,0.000000,0.000000,-0.385398,0.000000,0.000000,0.480688
0.000000,-0.500000,1.000000,0.000000,-0.500000,1.000000,0.000000,0.000000,0.000000,-0.500000,-0.500000,0.400000,0.000000,0.000000,0.000000,-0.385398,0.000000,0.000000,0.486971
0.000000,-0.500000,1.000000,0.000000,-0.500000,1.000000,0.000000,0.000000,0.000000,-0.500000,-0.500000,0.400000,0.000000,0.000000,0.000000,-0.385398,0.000000,0.000000,0.492774
0.000000,-0.500000,1.000000,0.000000,-0.500000,1.000000,0.000000,0.000000,0.000000,-0.500000,-0.500000,0.400000,0.000000,0.000000,0.000000,-0.385398,0.000000,0.000000,0.498091
0.000000,-0.500000,1.000000,0.000000,-0.500000,1.000000,0.000000,0.000000,0.000000,-0.500000,-0.500000,0.400000,0.000000,0.000000,0.000000,-0.385398,0.000000,0.000000,0.502916
0.000000,-0.500000,1.000000,0.000000,-0.500000,1.000000,0.000000,0.000000,0.000000,-0.500000,-0.500000,0.400000,0.000000,0.000000,0.000000,-0.385398,0.000000,0.000000,0.507245
0.000000,-0.500000,1.000000,0.000000,-0.500000,1.000000,0.000000,0.000000,0.000000,-0.500000,-0.500000,0.400000,0.000000,0.000000,0.000000,-0.385398,0.000000,0.000000,0.511073
0.000000,-0.500000,1.000000,0.000000,-0.500000,1.000000,0.000000,0.000000,0.000000,-0.500000,-0.500000,0.400000,0.000000,0.000000,0.000000,-0.385398,0.000000,0.000000,0.514397
0.000000,-0.500000,1.000000,0.000000,-0.500000,1.000000,0.000000,0.000000,0.000000,-0.500000,-0.500000,0.400000,0.000000,0.000000,0.000000,-0.385398,0.000000,0.000000,0.517213
0.000000,-0.500000,1.000000,0.000000,-0.500000,1.000000,0.000000,0.000000,0.000000,-0.500000,-0.500000,0.400000,0.000000,0.000000,0.000000,-0.385398,0.000000,0.000000,0.519518
0.000000,-0.500000,1.000000,0.000000,-0.500000,1.000000,0.000000,0.000000,0.000000,-0.500000,-0.500000,0.400000,0.000000,0.000000,0.000000,-0.385398,0.000000,0.000000,0.521311
0.000000,-0.500000,1.000000,0.000000,-0.500000,1.000000,0.000000,0.000000,0.000000,-0.500000,-0.500000,0.400000,0.000000,0.000000,0.000000,-0.385398,0.000000,0.000000,0.522590
0.000000,-0.500000,1.000000,0.000000,-0.500000,1.000000,0.000000,0.000000,0.000000,-0.500000,-0.500000,0.400000,0.000000,0.000000,0.000000,-0.385398,0.000000,0.000000,0.523353
0.000000,-0.500000,1.000000,0.000000,-0.500000,1.000000,0.000000,0.000000,0.000000,-0.500000,-0.500000,0.400000,0.000000,0.000000,0.000000,-0.385398,0.000000,0.000000,0.523599
0.000000,-0.500000,1.000000,0.000000,-0.500000,1.000000,0.000000,0.000000,0.000000,-0.500000,-0.500000,0.400000,0.000000,0.000000,0.000000,-0.385398,0.000000,0.000000,0.523328
0.000000,-0.500000,1.000000,0.000000,-0.500000,1.000000,0.000000,0.000000,0.000000,-0.500000,-0.500000,0.400000,0.000000,0.000000,0.000000,-0.385398,0.000000,0.000000,0.522541
0.000000,-0.500000,1.000000,0.000000,-0.500000,1.000000,0.000000,0.000000,0.000000,-0.500000,-0.500000,0.400000,0.000000,0.000000,0.000000,-0.385398,0.000000,0.000000,0.521238
0.000000,-0.500000,1.000000,0.000000,-0.500000,1.000000,0.000000,0.000000,0.000000,-0.500000,-0.500000,0.400000,0.000000,0.000000,0.000000,-0.385398,0.000000,0.000000,0.519421
0.000000,-0.500000,1.000000,0.000000,-0.500000,1.000000,0.000000,0.000000,0.000000,-0.500000,-0.500000,0.400000,0.000000,0.000000,0.000000,-0.385398,0.000000,0.000000,0.517091
0.000000,-0.500000,1.000000,0.000000,-0.500000,1.000000,0.000000,0.000000,0.000000,-0.500000,-0.500000,0.400000,0.000000,0.000000,0.000000,-0.385398,0.000000,0.000000,0.514251
0.000000,-0.500000,1.000000,0.000000,-0.500000,1.000000,0.000000,0.000000,0.000000,-0.500000,-0.500000,0.400000,0.000000,0.000000,0.000000,-0.385398,0.000000,0.000000,0.510903
0.000000,-0.500000,1.000000,0.000000,-0.500000,1.000000,0.000000,0.000000,0.000000,-0.500000,-0.500000,0.400000,0.000000,0.000000,0.000000,-0.385398,0.000000,0.000000,0.507051
0.000000,-0.500000,1.000000,0.000000,-0.500000,1.000000,0.000000,0.000000,0.000000,-0.500000,-0.500000,0.400000,0.000000,0.000000,0.000000,-0.385398,0.000000,0.000000,0.502699
0.000000,-0.500000,1.000000,0.000000,-0.500000,1.000000,0.000000,0.000000,0.000000,-0.500000,-0.500000,0.400000,0.000000,0.000000,0.000000,-0.385398,0.000000,0.000000,0.497851
0.000000,-0.500000,1.000000,0.000000,-0.500000,1.000000,0.000000,0.000000,0.000000,-0.500000,-0.500000,0.400000,0.000000,0.000000,0.000000,-0.385398,0.000000,0.000000,0.492511
0.000000,-0.500000,1.000000,0.000000,-0.500000,1.000000,0.000000,0.000000,0.000000,-0.500000,-0.500000,0.400000,0.000000,0.000000,0.000000,-0.385398,0.000000,0.000000,0.486685
0.000000,-0.500000,1.000000,0.000000,-0.500000,1.000000,0.000000,0.000000,0.000000,-0.500000,-0.500000,0.400000,0.000000,0.000000,0.000000,-0.385398,0.000000,0.000000,0.480379
0.000000,-0.500000,1.000000,0.000000,-0.500000,1.000000,0.000000,0.000000,0.000000,-0.500000,-0.500000,0.400000,0.000000,0.000000,0.000000,-0.385398,0.000000,0.000000,0.473598
0.000000,-0.500000,1.000000,0.000000,-0.500000,1.000000,0.000000,0.000000,0.000000,-0.500000,-0.500000,0.400000,0.000000,0.000000,0.000000,-0.385398,0.000000,0.000000,0.466351
0.000000,-0.500000,1.000000,0.000000,-0.500000,1.000000,0.000000,0.000000,0.000000,-0.500000,-0.500000,0.400000,0.000000,0.000000,0.000000,-0.385398,0.000000,0.000000,0.458643
0.000000,-0.500000,1.000000,0.000000,-0.500000,1.000000,0.000000,0.000000,0.000000,-0.500000,-0.500000,0.400000,0.000000,0.000000,0.000000,-0.385398,0.000000,0.000000,0.450482
0.000000,-0.500000,1.000000,0.000000,-0.500000,1.000000,0.000000,0.000000,0.000000,-0.500000,-0.500000,0.400000,0.000000,0.000000,0.000000,-0.385398,0.000000,0.000000,0.441877
0.000000,-0.500000,1.000000,0.000000,-0.500000,1.000000,0.000000,0.000000,0.000000,-0.500000,-0.500000,0.400000,0.000000,0.000000,0.000000,-0.385398,0.000000,0.000000,0.432836
0.000000,-0.500000,1.000000,0.000000,-0.500000,1.000000,0.000000,0.000000,0.000000,-0.500000,-0.500000,0.400000,0.000000,0.000000,0.000000,-0.385398,0.000000,0.000000,0.423367
0.000000,-0.500000,1.000000,0.000000,-0.500000,1.000000,0.000000,0.000000,0.000000,-0.500000,-0.500000,0.400000,0.000000,0.000000,0.000000,-0.385398,0.000000,0.000000,0.413481
0.000000,-0.500000,1.000000,0.000000,-0.500000,1.000000,0.000000,0.000000,0.000000,-0.500000,-0.500000,0.400000,0.000000,0.000000,0.000000,-0.385398,0.000000,0.000000,0.403186
0.000000,-0.500000,1.000000,0.000000,-0.500000,1.000000,0.000000,0.000000,0.000000,-0.500000,-0.500000,0.400000,0.000000,0.000000,0.000000,-0.385398,0.000000,0.000000,0.392494
0.000000,-0.500000,1.000000,0.000000,-0.500000,1.000000,0.000000,0.000000,0.000000,-0.500000,-0.500000,0.400000,0.000000,0.000000,0.000000,-0.385398,0.000000,0.000000,0.381414
0.000000,-0.500000,1.000000,0.000000,-0.500000,1.000000,0.000000,0.000000,0.000000,-0.500000,-0.500000,0.400000,0.000000,0.000000,0.000000,-0.385398,0.000000,0.000000,0.369958
0.000000,-0.500000,1.000000,0.000000,-0.500000,1.000000,0.000000,0.000000,0.000000,-0.500000,-0.500000,0.400000,0.000000,0.000000,0.000000,-0.385398,0.000000,0.000000,0.358137
0.000000,-0.500000,1.000000,0.000000,-0.500000,1.000000,0.000000,0.000000,0.000000,-0.500000,-0.500000,0.400000,0.000000,0.000000,0.000000,-0.385398,0.000000,0.000000,0.345963
0.000000,-0.500000,1.000000,0.000000,-0.500000,1.000000,0.000000,0.000000,0.000000,-0.500000,-0.500000,0.400000,0.000000,0.000000,0.000000,-0.385398,0.000000,0.000000,0.333446
0.000000,-0.500000,1.000000,0.000000,-0.500000,1.000000,0.000000,0.000000,0.000000,-0.500000,-0.500000,0.400000,0.000000,0.000000,0.000000,-0.385398,0.000000,0.000000,0.320601
0.000000,-0.500000,1.000000,0.000000,-0.500000,1.000000,0.000000,0.000000,0.000000,-0.500000,-0.500000,0.400000,0.000000,0.000000,0.000000,-0.385398,0.000000,0.000000,0.307440
0.000000,-0.500000,1.000000,0.000000,-0.500000,1.000000,0.000000,0.000000,0.000000,-0.500000,-0.500000,0.400000,0.000000,0.000000,0.000000,-0.385398,0.000000,0.000000,0.293975
0.000000,-0.500000,1.000000,0.000000,-0.500000,1.000000,0.000000,0.000000,0.000000,-0.500000,-0.500000,0.400000,0.000000,0.000000,0.000000,-0.385398,0.000000,0.000000,0.280220
0.000000,-0.500000,1.000000,0.000000,-0.500000,1.000000,0.000000,0.000000,0.000000,-0.500000,-0.500000,0.400000,0.000000,0.000000,0.000000,-0.385398,0.000000,0.000000,0.266188
0.000000,-0.500000,1.000000,0.000000,-0.500000,1.000000,0.000000,0.000000,0.000000,-0.500000,-0.500000,0.400000,0.000000,0.000000,0.000000,-0.385398,0.000000,0.000000,0.251893
0.000000,-0.500000,1.000000,0.000000,-0.500000,1.000000,0.000000,0.000000,0.000000,-0.500000,-0.500000,0.400000,0.000000,0.000000,0.000000,-0.385398,0.000000,0.000000,0.237350
0.000000,-0.500000,1.000000,0.000000,-0.500000,1.000000,0.000000,0.000000,0.000000,-0.500000,-0.500000,0.400000,0.000000,0.000000,0.000000,-0.385398,0.000000,0.000000,0.222573
0.000000,-0.500000,1.000000,0.000000,-0.500000,1.000000,0.000000,0.000000,0.000000,-0.500000,-0.500000,0.400000,0.000000,0.000000,0.000000,-0.385398,0.000000,0.000000,0.207576
0.000000,-0.500000,1.000000,0.000000,-0.500000,1.000000,0.000000,0.000000,0.000000,-0.500000,-0.500000,0.400000,0.000000,0.000000,0.000000,-0.385398,0.000000,0.000000,0.192374
0.000000,-0.500000,1.000000,0.000000,-0.500000,1.000000,0.000000,0.000000,0.000000,-0.500000,-0.500000,0.400000,0.000000,0.000000,0.000000,-0.385398,0.000000,0.000000,0.176983
0.000000,-0.500000,1.000000,0.000000,-0.500000,1.000000,0.000000,0.000000,0.000000,-0.500000,-0.500000,0.400000,0.000000,0.000000,0.000000,-0.385398,0.000000,0.000000,0.161417
0.000000,-0.500000,1.000000,0.000000,-0.500000,1.000000,0.000000,0.000000,0.000000,-0.500000,-0.500000,0.400000,0.000000,0.000000,0.000000,-0.385398,0.000000,0.000000,0.145691
0.000000,-0.500000,1.000000,0.000000,-0.500000,1.000000,0.000000,0.000000,0.000000,-0.500000,-0.500000,0.400000,0.000000,0.000000,0.000000,-0.385398,0.000000,0.000000,0.129822
0.000000,-0.500000,1.000000,0.000000,-0.500000,1.000000,0.000000,0.000000,0.000000,-0.500000,-0.500000,0.400000,0.000000,0.000000,0.000000,-0.385398,0.000000,0.000000,0.113824
0.000000,-0.500000,1.000000,0.000000,-0.500000,1.000000,0.000000,0.000000,0.000000,-0.500000,-0.500000,0.400000,0.000000,0.000000,0.000000,-0.385398,0.000000,0.000000,0.097714
0.000000,-0.500000,1.000000,0.000000,-0.500000,1.000000,0.000000,0.000000,0.000000,-0.500000,-0.500000,0.400000,0.000000,0.000000,0.000000,-0.385398,0.000000,0.000000,0.081508
0.000000,-0.500000,1.000000,0.000000,-0.500000,1.000000,0.000000,0.000000,0.000000,-0.500000,-0.500000,0.400000,0.000000,0.000000,0.000000,-0.385398,0.000000,0.000000,0.065221
0.000000,-0.500000,1.000000,0.000000,-0.500000,1.000000,0.000000,0.000000,0.000000,-0.500000,-0.500000,0.400000,0.000000,0.000000,0.000000,-0.385398,0.000000,0.000000,0.048870
0.000000,-0.500000,1.000000,0.000000,-0.500000,1.000000,0.000000,0.000000,0.000000,-0.500000,-0.500000,0.400000,0.000000,0.000000,0.000000,-0.385398,0.000000,0.000000,0.032471
0.000000,-0.500000,1.000000,0.000000,-0.500000,1.000000,0.000000,0.000000,0.000000,-0.500000,-0.500000,0.400000,0.000000,0.000000,0.000000,-0.385398,0.000000,0.000000,0.016039
0.000000,-0.500000,1.000000,0.000000,-0.500000,1.000000,0.000000,0.000000,0.000000,-0.500000,-0.500000,0.400000,0.000000,0.000000,0.000000,-0.385398,0.000000,0.000000,-0.000408
0.000000,-0.500000,1.000000,0.000000,-0.500000,1.000000,0.000000,0.000000,0.000000,-0.500000,-0.500000,0.400000,0.000000,0.000000,0.000000,-0.385398,0.000000,0.000000,-0.016855
0.000000,-0.500000,1.000000,0.000000,-0.500000,1.000000,0.000000,0.000000,0.000000,-0.500000,-0.500000,0.400000,0.000000,0.000000,0.000000,-0.385398,0.000000,0.000000,-0.033285
0.000000,-0.500000,1.000000,0.000000,-0.500000,1.000000,0.000000,0.000000,0.000000,-0.500000,-0.500000,0.400000,0.000000,0.000000,0.000000,-0.385398,0.000000,0.000000,-0.049682
0.000000,-0.500000,1.000000,0.000000,-0.500000,1.000000,0.000000,0.000000,0.000000,-0.500000,-0.500000,0.400000,0.000000,0.000000,0.000000,-0.385398,0.000000,0.000000,-0.066030
0.000000,-0.500000,1.000000,0.000000,-0.500000,1.000000,0.000000,0.000000,0.000000,-0.500000,-0.500000,0.400000,0.000000,0.000000,0.000000,-0.385398,0.000000,0.000000,-0.082314
0.000000,-0.500000,1.000000,0.000000,-0.500000,1.000000,0.000000,0.000000,0.000000,-0.500000,-0.500000,0.400000,0.000000,0.000000,0.000000,-0.385398,0.000000,0.000000,-0.098515
0.000000,-0.500000,1.000000,0.000000,-0.500000,1.000000,0.000000,0.000000,0.000000,-0.500000,-0.500000,0.400000,0.000000,0.000000,0.000000,-0.385398,0.000000,0.000000,-0.114620
0.000000,-0.500000,1.000000,0.000000,-0.500000,1.000000,0.000000,0.000000,0.000000,-0.500000,-0.500000,0.400000,0.000000,0.000000,0.000000,-0.385398,0.000000,0.000000,-0.130612
0.000000,-0.500000,1.000000,0.000000,-0.500000,1.000000,0.000000,0.000000,0.000000,-0.500000,-0.500000,0.400000,0.000000,0.000000,0.000000,-0.385398,0.000000,0.000000,-0.146474
0.000000,-0.500000,1.000000,0.000000,-0.500000,1.000000,0.000000,0.000000,0.000000,-0.500000,-0.500000,0.400000,0.000000,0.000000,0.000000,-0.385398,0.000000,0.000000,-0.162192
0.000000,-0.500000,1.000000,0.000000,-0.500000,1.000000,0.000000,0.000000,0.000000,-0.500000,-0.500000,0.400000,0.000000,0.000000,0.000000,-0.385398,0.000000,0.000000,-0.177750
0.000000,-0.500000,1.000000,0.000000,-0.500000,1.000000,0.000000,0.000000,0.000000,-0.500000,-0.500000,0.400000,0.000000,0.000000,0.000000,-0.385398,0.000000,0.000000,-0.193133
0.000000,-0.500000,1.000000,0.000000,-0.500000,1.000000,0.000000,0.000000,0.000000,-0.500000,-0.500000,0.400000,0.000000,0.000000,0.000000,-0.385398,0.000000,0.000000,-0.208325
0.000000,-0.500000,1.000000,0.000000,-0.500000,1.000000,0.000000,0.000000,0.000000,-0.500000,-0.500000,0.400000,0.000000,0.000000,0.000000,-0.385398,0.000000,0.000000,-0.223311
0.000000,-0.500000,1.000000,0.000000,-0.500000,1.000000,0.000000,0.000000,0.000000,-0.500000,-0.500000,0.400000,0.000000,0.000000,0.000000,-0.385398,0.000000,0.000000,-0.238077
0.000000,-0.500000,1.000000,0.000000,-0.500000,1.000000,0.000000,0.000000,0.000000,-0.500000,-0.500000,0.400000,0.000000,0.000000,0.000000,-0.385398,0.000000,0.000000,-0.252608
0.000000,-0.500000,1.000000,0.000000,-0.500000,1.000000,0.000000,0.000000,0.000000,-0.500000,-0.500000,0.400000,0.000000,0.000000,0.000000,-0.385398,0.000000,0.000000,-0.266890
0.000000,-0.500000,1.000000,0.000000,-0.500000,1.000000,0.000000,0.000000,0.000000,-0.500000,-0.500000,0.400000,0.000000,0.000000,0.000000,-0.385398,0.000000,0.000000,-0.280908
0.000000,-0.500000,1.000000,0.000000,-0.500000,1.000000,0.000000,0.000000,0.000000,-0.500000,-0.500000,0.400000,0.000000,0.000000,0.000000,-0.385398,0.000000,0.000000,-0.294649
0.000000,-0.500000,1.000000,0.000000,-0.500000,1.000000,0.000000,0.000000,0.000000,-0.500000,-0.500000,0.400000,0.000000,0.000000,0.000000,-0.385398,0.000000,0.000000,-0.308100
0.000000,-0.500000,1.000000,0.000000,-0.500000,1.000000,0.000000,0.000000,0.000000,-0.500000,-0.500000,0.400000,0.000000,0.000000,0.000000,-0.385398,0.000000,0.000000,-0.321246
0.000000,-0.500000,1.000000,0.000000,-0.500000,1.000000,0.000000,0.000000,0.000000,-0.500000,-0.500000,0.400000,0.000000,0.000000,0.000000,-0.385398,0.000000,0.000000,-0.334075
0.000000,-0.500000,1.000000,0.000000,-0.500000,1.000000,0.000000,0.000000,0.000000,-0.500000,-0.500000,0.400000,0.000000,0.000000,0.000000,-0.385398,0.000000,0.000000,-0.346574
0.000000,-0.500000,1.000000,0.000000,-0.500000,1.000000,0.000000,0.000000,0.000000,-0.500000,-0.500000,0.400000,0.000000,0.000000,0.000000,-0.385398,0.000000,0.000000,-0.358732
0.000000,-0.500000,1.000000,0.000000,-0.500000,1.000000,0.000000,0.000000,0.000000,-0.500000,-0.500000,0.400000,0.000000,0.000000,0.000000,-0.385398,0.000000,0.000000,-0.370535
0.000000,-0.500000,1.000000,0.000000,-0.500000,1.000000,0.000000,0.000000,0.000000,-0.500000,-0.500000,0.400000,0.000000,0.000000,0.000000,-0.385398,0.000000,0.000000,-0.381973
0.000000,-0.500000,1.000000,0.000000,-0.500000,1.000000,0.000000,0.000000,0.000000,-0.500000,-0.500000,0.400000,0.000000,0.000000,0.000000,-0.385398,0.000000,0.000000,-0.393034
0.000000,-0.500000,1.000000,0.000000,-0.500000,1.000000,0.000000,0.000000,0.000000,-0.500000,-0.500000,0.400000,0.000000,0.000000,0.000000,-0.385398,0.000000,0.000000,-0.403706
0.000000,-0.500000,1.000000,0.000000,-0.500000,1.000000,0.000000,0.000000,0.000000,-0.500000,-0.500000,0.400000,0.000000,0.000000,0.000000,-0.385398,0.000000,0.000000,-0.413981
0.000000,-0.500000,1.000000,0.000000,-0.500000,1.000000,0.000000,0.000000,0.000000,-0.500000,-0.500000,0.400000,0.000000,0.000000,0.000000,-0.385398,0.000000,0.000000,-0.423847
0.000000,-0.500000,1.000000,0.000000,-0.500000,1.000000,0.000000,0.000000,0.000000,-0.500000,-0.500000,0.400000,0.000000,0.000000,0.000000,-0.385398,0.000000,0.000000,-0.433294
0.000000,-0.500000,1.000000,0.000000,-0.500000,1.000000,0.000000,0.000000,0.000000,-0.500000,-0.500000,0.400000,0.000000,0.000000,0.000000,-0.385398,0.000000,0.000000,-0.442314
0.000000,-0.500000,1.000000,0.000000,-0.500000,1.000000,0.000000,0.000000,0.000000,-0.500000,-0.500000,0.400000,0.000000,0.000000,0.000000,-0.385398,0.000000,0.000000,-0.450897
0.000000,-0.500000,1.000000,0.000000,-0.500000,1.000000,0.000000,0.000000,0.000000,-0.500000,-0.500000,0.400000,0.000000,0.000000,0.000000,-0.385398,0.000000,0.000000,-0.459036
0.000000,-0.500000,1.000000,0.000000,-0.500000,1.000000,0.000000,0.000000,0.000000,-0.500000,-0.500000,0.400000,0.000000,0.000000,0.000000,-0.385398,0.000000,0.000000,-0.466721
0.000000,-0.500000,1.000000,0.000000,-0.500000,1.000000,0.000000,0.000000,0.000000,-0.500000,-0.500000,0.400000,0.000000,0.000000,0.000000,-0.385398,0.000000,0.000000,-0.473946
0.000000,-0.500000,1.000000,0.000000,-0.500000,1.000000,0.000000,0.000000,0.000000,-0.500000,-0.500000,0.400000,0.000000,0.000000,0.000000,-0.385398,0.000000,0.000000,-0.480703
0.000000,-0.500000,1.000000,0.000000,-0.500000,1.000000,0.000000,0.000000,0.000000,-0.500000,-0.500000,0.400000,0.000000,0.000000,0.000000,-0.385398,0.000000,0.000000,-0.486985
0.000000,-0.500000,1.000000,0.000000,-0.500000,1.000000,0.000000,0.000000,0.000000,-0.500000,-0.500000,0.400000,0.000000,0.000000,0.000000,-0.385398,0.000000,0.000000,-0.492787
0.000000,-0.500000,1.000000,0.000000,-0.500000,1.000000,0.000000,0.000000,0.000000,-0.500000,-0.500000,0.400000,0.000000,0.000000,0.000000,-0.385398,0.000000,0.000000,-0.498103
0.000000,-0.500000,1.000000,0.000000,-0.500000,1.000000,0.000000,0.000000,0.000000,-0.500000,-0.500000,0.400000,0.000000,0.000000,0.000000,-0.385398,0.000000,0.000000,-0.502927
0.000000,-0.500000,1.000000,0.000000,-0.500000,1.000000,0.000000,0.000000,0.000000,-0.500000,-0.500000,0.400000,0.000000,0.000000,0.000000,-0.385398,0.000000,0.000000,-0.507254
0.000000,-0.500000,1.000000,0.000000,-0.500000,1.000000,0.000000,0.000000,0.000000,-0.500000,-0.500000,0.400000,0.000000,0.000000,0.000000,-0.385398,0.000000,0.000000,-0.511081
0.000000,-0.500000,1.000000,0.000000,-0.500000,1.000000,0.000000,0.000000,0.000000,-0.500000,-0.500000,0.400000,0.000000,0.000000,0.000000,-0.385398,0.000000,0.000000,-0.514404
0.000000,-0.500000,1.000000,0.000000,-0.500000,1.000000,0.000000,0.000000,0.000000,-0.500000,-0.500000,0.400000,0.000000,0.000000,0.000000,-0.385398,0.000000,0.000000,-0.517219
0.000000,-0.500000,1.000000,0.000000,-0.500000,1.000000,0.000000,0.000000,0.000000,-0.500000,-0.500000,0.400000,0.000000,0.000000,0.000000,-0.385398,0.000000,0.000000,-0.519523
0.000000,-0.500000,1.000000,0.000000,-0.500000,1.000000,0.000000,0.000000,0.000000,-0.500000,-0.500000,0.400000,0.000000,0.000000,0.000000,-0.385398,0.000000,0.000000,-0.521315
0.000000,-0.500000,1.000000,0.000000,-0.500000,1.000000,0.000000,0.000000,0.000000,-0.500000,-0.500000,0.400000,0.000000,0.000000,0.000000,-0.385398,0.000000,0.000000,-0.522592
0.000000,-0.500000,1.000000,0.000000,-0.500000,1.000000,0.000000,0.000000,0.000000,-0.500000,-0.500000,0.400000,0.000000,0.000000,0.000000,-0.385398,0.000000,0.000000,-0.523354
0.000000,-0.500000,1.000000,0.000000,-0.500000,1.000000,0.000000,0.000000,0.000000,-0.500000,-0.500000,0.400000,0.000000,0.000000,0.000000,-0.385398,0.000000,0.000000,-0.523599
0.000000,-0.500000,1.000000,0.000000,-0.500000,1.000000,0.000000,0.000000,0.000000,-0.500000,-0.500000,0.400000,0.000000,0.000000,0.000000,-0.385398,0.000000,0.000000,-0.523327
0.000000,-0.500000,1.000000,0.000000,-0.500000,1.000000,0.000000,0.000000,0.000000,-0.500000,-0.500000,0.400000,0.000000,0.000000,0.000000,-0.385398,0.000000,0.000000,-0.522539
0.000000,-0.500000,1.000000,0.000000,-0.500000,1.000000,0.000000,0.000000,0.000000,-0.500000,-0.500000,0.400000,0.000000,0.000000,0.000000,-0.385398,0.000000,0.000000,-0.521235
0.000000,-0.500000,1.000000,0.000000,-0.500000,1.000000,0.000000,0.000000,0.000000,-0.500000,-0.500000,0.400000,0.000000,0.000000,0.000000,-0.385398,0.000000,0.000000,-0.519416
0.000000,-0.500000,1.000000,0.000000,-0.500000,1.000000,0.000000,0.000000,0.000000,-0.500000,-0.500000,0.400000,0.000000,0.000000,0.000000,-0.385398,0.000000,0.000000,-0.517085
0.000000,-0.500000,1.000000,0.000000,-0.500000,1.000000,0.000000,0.000000,0.000000,-0.500000,-0.500000,0.400000,0.000000,0.000000,0.000000,-0.385398,0.000000,0.000000,-0.514244
0.000000,-0.500000,1.000000,0.000000,-0.500000,1.000000,0.000000,0.000000,0.000000,-0.500000,-0.500000,0.400000,0.000000,0.000000,0.000000,-0.385398,0.000000,0.000000,-0.510895
0.000000,-0.500000,1.000000,0.000000,-0.500000,1.000000,0.000000,0.000000,0.000000,-0.500000,-0.500000,0.400000,0.000000,0.000000,0.000000,-0.385398,0.000000,0.000000,-0.507042
0.000000,-0.500000,1.000000,0.000000,-0.500000,1.000000,0.000000,0.000000,0.000000,-0.500000,-0.500000,0.400000,0.000000,0.000000,0.000000,-0.385398,0.000000,0.000000,-0.502688
0.000000,-0.500000,1.000000,0.000000,-0.500000,1.000000,0.000000,0.000000,0.000000,-0.500000,-0.500000,0.400000,0.000000,0.000000,0.000000,-0.385398,0.000000,0.000000,-0.497839
0.000000,-0.500000,1.000000,0.000000,-0.500000,1.000000,0.000000,0.000000,0.000000,-0.500000,-0.500000,0.400000,0.000000,0.000000,0.000000,-0.385398,0.000000,0.000000,-0.492498
0.000000,-0.500000,1.000000,0.000000,-0.500000,1.000000,0.000000,0.000000,0.000000,-0.500000,-0.500000,0.400000,0.000000,0.000000,0.000000,-0.385398,0.000000,0.000000,-0.486671
0.000000,-0.500000,1.000000,0.000000,-0.500000,1.000000,0.000000,0.000000,0.000000,-0.500000,-0.500000,0.400000,0.000000,0.000000,0.000000,-0.385398,0.000000,0.000000,-0.480364
0.000000,-0.500000,1.000000,0.000000,-0.500000,1.000000,0.000000,0.000000,0.000000,-0.500000,-0.500000,0.400000,0.000000,0.000000,0.000000,-0.385398,0.000000,0.000000,-0.473582
0.000000,-0.500000,1.000000,0.000000,-0.500000,1.000000,0.000000,0.000000,0.000000,-0.500000,-0.500000,0.400000,0.000000,0.000000,0.000000,-0.385398,0.000000,0.000000,-0.466334
0.000000,-0.500000,1.000000,0.000000,-0.500000,1.000000,0.000000,0.000000,0.000000,-0.500000,-0.500000,0.400000,0.000000,0.000000,0.000000,-0.385398,0.000000,0.000000,-0.458624
0.000000,-0.500000,1.000000,0.000000,-0.500000,1.000000,0.000000,0.000000,0.000000,-0.500000,-0.500000,0.400000,0.000000,0.000000,0.000000,-0.385398,0.000000,0.000000,-0.450463
0.000000,-0.500000,1.000000,0.000000,-0.500000,1.000000,0.000000,0.000000,0.000000,-0.500000,-0.500000,0.400000,0.000000,0.000000,0.000000,-0.385398,0.000000,0.000000,-0.441857
0.000000,-0.500000,1.000000,0.000000,-0.500000,1.000000,0.000000,0.000000,0.000000,-0.500000,-0.500000,0.400000,0.000000,0.000000,0.000000,-0.385398,0.000000,0.000000,-0.432814
0.000000,-0.500000,1.000000,0.000000,-0.500000,1.000000,0.000000,0.000000,0.000000,-0.500000,-0.500000,0.400000,0.000000,0.000000,0.000000,-0.385398,0.000000,0.000000,-0.423345
0.000000,-0.500000,1.000000,0.000000,-0.500000,1.000000,0.000000,0.000000,0.000000,-0.500000,-0.500000,0.400000,0.000000,0.000000,0.000000,-0.385398,0.000000,0.000000,-0.413458
0.000000,-0.500000,1.000000,0.000000,-0.500000,1.000000,0.000000,0.000000,0.000000,-0.500000,-0.500000,0.400000,0.000000,0.000000,0.000000,-0.385398,0.000000,0.000000,-0.403162
0.000000,-0.500000,1.000000,0.000000,-0.500000,1.000000,0.000000,0.000000,0.000000,-0.500000,-0.500000,0.400000,0.000000,0.000000,0.000000,-0.385398,0.000000,0.000000,-0.392469
0.000000,-0.500000,1.000000,0.000000,-0.500000,1.000000,0.000000,0.000000,0.000000,-0.500000,-0.500000,0.400000,0.000000,0.000000,0.000000,-0.385398,0.000000,0.000000,-0.381389
0.000000,-0.500000,1.000000,0.000000,-0.500000,1.000000,0.000000,0.000000,0.000000,-0.500000,-0.500000,0.400000,0.000000,0.000000,0.000000,-0.385398,0.000000,0.000000,-0.369932
0.000000,-0.500000,1.000000,0.000000,-0.500000,1.000000,0.000000,0.000000,0.000000,-0.500000,-0.500000,0.400000,0.000000,0.000000,0.000000,-0.385398,0.000000,0.000000,-0.358110
0.000000,-0.500000,1.000000,0.000000,-0.500000,1.000000,0.000000,0.000000,0.000000,-0.500000,-0.500000,0.400000,0.000000,0.000000,0.000000,-0.385398,0.000000,0.000000,-0.345934
0.000000,-0.500000,1.000000,0.000000,-0.500000,1.000000,0.000000,0.000000,0.000000,-0.500000,-0.500000,0.400000,0.000000,0.000000,0.000000,-0.385398,0.000000,0.000000,-0.333417
0.000000,-0.500000,1.000000,0.000000,-0.500000,1.000000,0.000000,0.000000,0.000000,-0.500000,-0.500000,0.400000,0.000000,0.000000,0.000000,-0.385398,0.000000,0.000000,-0.320572
0.000000,-0.500000,1.000000,0.000000,-0.500000,1.000000,0.000000,0.000000,0.000000,-0.500000,-0.500000,0.400000,0.000000,0.000000,0.000000,-0.385398,0.000000,0.000000,-0.307409
0.000000,-0.500000,1.000000,0.000000,-0.500000,1.000000,0.000000,0.000000,0.000000,-0.500000,-0.500000,0.400000,0.000000,0.000000,0.000000,-0.385398,0.000000,0.000000,-0.293943
0.000000,-0.500000,1.000000,0.000000,-0.500000,1.000000,0.000000,0.000000,0.000000,-0.500000,-0.500000,0.400000,0.000000,0.000000,0.000000,-0.385398,0.000000,0.000000,-0.280188
0.000000,-0.500000,1.000000,0.000000,-0.500000,1.000000,0.000000,0.000000,0.000000,-0.500000,-0.500000,0.400000,0.000000,0.000000,0.000000,-0.385398,0.000000,0.000000,-0.266155
0.000000,-0.500000,1.000000,0.000000,-0.500000,1.000000,0.000000,0.000000,0.000000,-0.500000,-0.500000,0.400000,0.000000,0.000000,0.000000,-0.385398,0.000000,0.000000,-0.251860
0.000000,-0.500000,1.000000,0.000000,-0.500000,1.000000,0.000000,0.000000,0.000000,-0.500000,-0.500000,0.400000,0.000000,0.000000,0.000000,-0.385398,0.000000,0.000000,-0.237317
0.000000,-0.500000,1.000000,0.000000,-0.500000,1.000000,0.000000,0.000000,0.000000,-0.500000,-0.500000,0.400000,0.000000,0.000000,0.000000,-0.385398,0.000000,0.000000,-0.222539
0.000000,-0.500000,1.000000,0.000000,-0.500000,1.000000,0.000000,0.000000,0.000000,-0.500000,-0.500000,0.400000,0.000000,0.000000,0.000000,-0.385398,0.000000,0.000000,-0.207542
0.000000,-0.500000,1.000000,0.000000,-0.500000,1.000000,0.000000,0.000000,0.000000,-0.500000,-0.500000,0.400000,0.000000,0.000000,0.000000,-0.385398,0.000000,0.000000,-0.192339
0.000000,-0.500000,1.000000,0.000000,-0.500000,1.000000,0.000000,0.000000,0.000000,-0.500000,-0.500000,0.400000,0.000000,0.000000,0.000000,-0.385398,0.000000,0.000000,-0.176947
0.000000,-0.500000,1.000000,0.000000,-0.500000,1.000000,0.000000,0.000000,0.000000,-0.500000,-0.500000,0.400000,0.000000,0.000000,0.000000,-0.385398,0.000000,0.000000,-0.161381
0.000000,-0.500000,1.000000,0.000000,-0.500000,1.000000,0.000000,0.000000,0.000000,-0.500000,-0.500000,0.400000,0.000000,0.000000,0.000000,-0.385398,0.000000,0.000000,-0.145655
0.000000,-0.500000,1.000000,0.000000,-0.500000,1.000000,0.000000,0.000000,0.000000,-0.500000,-0.500000,0.400000,0.000000,0.000000,0.000000,-0.385398,0.000000,0.000000,-0.129785
0.000000,-0.500000,1.000000,0.000000,-0.500000,1.000000,0.000000,0.000000,0.000000,-0.500000,-0.500000,0.400000,0.000000,0.000000,0.000000,-0.385398,0.000000,0.000000,-0.113787
0.000000,-0.500000,1.000000,0.000000,-0.500000,1.000000,0.000000,0.000000,0.000000,-0.500000,-0.500000,0.400000,0.000000,0.000000,0.000000,-0.385398,0.000000,0.000000,-0.097677
0.000000,-0.500000,1.000000,0.000000,-0.500000,1.000000,0.000000,0.000000,0.000000,-0.500000,-0.500000,0.400000,0.000000,0.000000,0.000000,-0.385398,0.000000,0.000000,-0.081471
0.000000,-0.500000,1.000000,0.000000,-0.500000,1.000000,0.000000,0.000000,0.000000,-0.500000,-0.500000,0.400000,0.000000,0.000000,0.000000,-0.385398,0.000000,0.000000,-0.065184
0.000000,-0.500000,1.000000,0.000000,-0.500000,1.000000,0.000000,0.000000,0.000000,-0.500000,-0.500000,0.400000,0.000000,0.000000,0.000000,-0.385398,0.000000,0.000000,-0.048833
0.000000,-0.500000,1.000000,0.000000,-0.500000,1.000000,0.000000,0.000000,0.000000,-0.500000,-0.500000,0.400000,0.000000,0.000000,0.000000,-0.385398,0.000000,0.000000,-0.032433
0.000000,-0.500000,1.000000,0.000000,-0.500000,1.000000,0.000000,0.000000,0.000000,-0.500000,-0.500000,0.400000,0.000000,0.000000,0.000000,-0.385398,0.000000,0.000000,-0.016002
0.000000,-0.500000,1.000000,0.000000,-0.500000,1.000000,0.000000,0.000000,0.000000,-0.500000,-0.500000,0.400000,0.000000,0.000000,0.000000,-0.385398,0.000000,0.000000,0.000446
0.000000,-0.500000,1.000000,0.000000,-0.500000,1.000000,0.000000,0.000000,0.000000,-0.500000,-0.500000,0.400000,0.000000,0.000000,0.000000,-0.385398,0.000000,0.000000,0.016892
0.000000,-0.500000,1.000000,0.000000,-0.500000,1.000000,0.000000,0.000000,0.000000,-0.500000,-0.500000,0.400000,0.000000,0.000000,0.000000,-0.385398,0.000000,0.000000,0.033322
0.000000,-0.500000,1.000000,0.000000,-0.500000,1.000000,0.000000,0.000000,0.000000,-0.500000,-0.500000,0.400000,0.000000,0.000000,0.000000,-0.385398,0.000000,0.000000,0.049720
0.000000,-0.500000,1.000000,0.000000,-0.500000,1.000000,0.000000,0.000000,0.000000,-0.500000,-0.500000,0.400000,0.000000,0.000000,0.000000,-0.385398,0.000000,0.000000,0.066068
0.000000,-0.500000,1.000000,0.000000,-0.500000,1.000000,0.000000,0.000000,0.000000,-0.500000,-0.500000,0.400000,0.000000,0.000000,0.000000,-0.385398,0.000000,0.000000,0.082351
0.000000,-0.500000,1.000000,0.000000,-0.500000,1.000000,0.000000,0.000000,0.000000,-0.500000,-0.500000,0.400000,0.000000,0.000000,0.000000,-0.385398,0.000000,0.000000,0.098552
0.000000,-0.500000,1.000000,0.000000,-0.500000,1.000000,0.000000,0.000000,0.000000,-0.500000,-0.500000,0.400000,0.000000,0.000000,0.000000,-0.385398,0.000000,0.000000,0.114657
0.000000,-0.500000,1.000000,0.000000,-0.500000,1.000000,0.000000,0.000000,0.000000,-0.500000,-0.500000,0.400000,0.000000,0.000000,0.000000,-0.385398,0.000000,0.000000,0.130648
0.000000,-0.500000,1.000000,0.000000,-0.500000,1.000000,0.000000,0.000000,0.000000,-0.500000,-0.500000,0.400000,0.000000,0.000000,0.000000,-0.385398,0.000000,0.000000,0.146510
0.000000,-0.500000,1.000000,0.000000,-0.500000,1.000000,0.000000,0.000000,0.000000,-0.500000,-0.500000,0.400000,0.000000,0.000000,0.000000,-0.385398,0.000000,0.000000,0.162228
0.000000,-0.500000,1.000000,0.000000,-0.500000,1.000000,0.000000,0.000000,0.000000,-0.500000,-0.500000,0.400000,0.000000,0.000000,0.000000,-0.385398,0.000000,0.000000,0.177786
0.000000,-0.500000,1.000000,0.000000,-0.500000,1.000000,0.000000,0.000000,0.000000,-0.500000,-0.500000,0.400000,0.000000,0.000000,0.000000,-0.385398,0.000000,0.000000,0.193168
0.000000,-0.500000,1.000000,0.000000,-0.500000,1.000000,0.000000,0.000000,0.000000,-0.500000,-0.500000,0.400000,0.000000,0.000000,0.000000,-0.385398,0.000000,0.000000,0.208359
0.000000,-0.500000,1.000000,0.000000,-0.500000,1.000000,0.000000,0.000000,0.000000,-0.500000,-0.500000,0.400000,0.000000,0.000000,0.000000,-0.385398,0.000000,0.000000,0.223345
0.000000,-0.500000,1.000000,0.000000,-0.500000,1.000000,0.000000,0.000000,0.000000,-0.500000,-0.500000,0.400000,0.000000,0.000000,0.000000,-0.385398,0.000000,0.000000,0.238111
0.000000,-0.500000,1.000000,0.000000,-0.500000,1.000000,0.000000,0.000000,0.000000,-0.500000,-0.500000,0.400000,0.000000,0.000000,0.000000,-0.385398,0.000000,0.000000,0.252641
0.000000,-0.500000,1.000000,0.000000,-0.500000,1.000000,0.000000,0.000000,0.000000,-0.500000,-0.500000,0.400000,0.000000,0.000000,0.000000,-0.385398,0.000000,0.000000,0.266922
0.000000,-0.500000,1.000000,0.000000,-0.500000,1.000000,0.000000,0.000000,0.000000,-0.500000,-0.500000,0.400000,0.000000,0.000000,0.000000,-0.385398,0.000000,0.000000,0.280940
0.000000,-0.500000,1.000000,0.000000,-0.500000,1.000000,0.000000,0.000000,0.000000,-0.500000,-0.500000,0.400000,0.000000,0.000000,0.000000,-0.385398,0.000000,0.000000,0.294680
0.000000,-0.500000,1.000000,0.000000,-0.500000,1.000000,0.000000,0.000000,0.000000,-0.500000,-0.500000,0.400000,0.000000,0.000000,0.000000,-0.385398,0.000000,0.000000,0.308130
0.000000,-0.500000,1.000000,0.000000,-0.500000,1.000000,0.000000,0.000000,0.000000,-0.500000,-0.500000,0.400000,0.000000,0.000000,0.000000,-0.385398,0.000000,0.000000,0.321276
0.000000,-0.500000,1.000000,0.000000,-0.500000,1.000000,0.000000,0.000000,0.000000,-0.500000,-0.500000,0.400000,0.000000,0.000000,0.000000,-0.385398,0.000000,0.000000,0.334104
0.000000,-0.500000,1.000000,0.000000,-0.500000,1.000000,0.000000,0.000000,0.000000,-0.500000,-0.500000,0.400000,0.000000,0.000000,0.000000,-0.385398,0.000000,0.000000,0.346603
0.000000,-0.500000,1.000000,0.000000,-0.500000,1.000000,0.000000,0.000000,0.000000,-0.500000,-0.500000,0.400000,0.000000,0.000000,0.000000,-0.385398,0.000000,0.000000,0.358759
0.000000,-0.500000,1.000000,0.000000,-0.500000,1.000000,0.000000,0.000000,0.000000,-0.500000,-0.500000,0.400000,0.000000,0.000000,0.000000,-0.385398,0.000000,0.000000,0.370562
0.000000,-0.500000,1.000000,0.000000,-0.500000,1.000000,0.000000,0.000000,0.000000,-0.500000,-0.500000,0.400000,0.000000,0.000000,0.000000,-0.385398,0.000000,0.000000,0.381999
0.000000,-0.500000,1.000000,0.000000,-0.500000,1.000000,0.000000,0.000000,0.000000,-0.500000,-0.500000,0.400000,0.000000,0.000000,0.000000,-0.385398,0.000000,0.000000,0.393058
0.000000,-0.500000,1.000000,0.000000,-0.500000,1.000000,0.000000,0.000000,0.000000,-0.500000,-0.500000,0.400000,0.000000,0.000000,0.000000,-0.385398,0.000000,0.000000,0.403730
0.000000,-0.500000,1.000000,0.000000,-0.500000,1.000000,0.000000,0.000000,0.000000,-0.500000,-0.500000,0.400000,0.000000,0.000000,0.000000,-0.385398,0.000000,0.000000,0.414004
0.000000,-0.500000,1.000000,0.000000,-0.500000,1.000000,0.000000,0.000000,0.000000,-0.500000,-0.500000,0.400000,0.000000,0.000000,0.000000,-0.385398,0.000000,0.000000,0.423869
0.000000,-0.500000,1.000000,0.000000,-0.500000,1.000000,0.000000,0.000000,0.000000,-0.500000,-0.500000,0.400000,0.000000,0.000000,0.000000,-0.385398,0.000000,0.000000,0.433315
0.000000,-0.500000,1.000000,0.000000,-0.500000,1.000000,0.000000,0.000000,0.000000,-0.500000,-0.500000,0.400000,0.000000,0.000000,0.000000,-0.385398,0.000000,0.000000,0.442334
0.000000,-0.500000,1.000000,0.000000,-0.500000,1.000000,0.000000,0.000000,0.000000,-0.500000,-0.500000,0.400000,0.000000,0.000000,0.000000,-0.385398,0.000000,0.000000,0.450916
0.000000,-0.500000,1.000000,0.000000,-0.500000,1.000000,0.000000,0.000000,0.000000,-0.500000,-0.500000,0.400000,0.000000,0.000000,0.000000,-0.385398,0.000000,0.000000,0.459054
0.000000,-0.500000,1.000000,0.000000,-0.500000,1.000000,0.000000,0.000000,0.000000,-0.500000,-0.500000,0.400000,0.000000,0.000000,0.000000,-0.385398,0.000000,0.000000,0.466738
0.000000,-0.500000,1.000000,0.000000,-0.500000,1.000000,0.000000,0.000000,0.000000,-0.500000,-0.500000,0.400000,0.000000,0.000000,0.000000,-0.385398,0.000000,0.000000,0.473962
0.000000,-0.500000,1.000000,0.000000,-0.500000,1.000000,0.000000,0.000000,0.000000,-0.500000,-0.500000,0.400000,0.000000,0.000000,0.000000,-0.385398,0.000000,0.000000,0.480718
0.000000,-0.500000,1.000000,0.000000,-0.500000,1.000000,0.000000,0.000000,0.000000,-0.500000,-0.500000,0.400000,0.000000,0.000000,0.000000,-0.385398,0.000000,0.000000,0.486999
0.000000,-0.500000,1.000000,0.000000,-0.500000,1.000000,0.000000,0.000000,0.000000,-0.500000,-0.500000,0.400000,0.000000,0.000000,0.000000,-0.385398,0.000000,0.000000,0.492800
0.000000,-0.500000,1.000000,0.000000,-0.500000,1.000000,0.000000,0.000000,0.000000,-0.500000,-0.500000,0.400000,0.000000,0.000000,0.000000,-0.385398,0.000000,0.000000,0.498114
0.000000,-0.500000,1.000000,0.000000,-0.500000,1.000000,0.000000,0.000000,0.000000,-0.500000,-0.500000,0.400000,0.000000,0.000000,0.000000,-0.385398,0.000000,0.000000,0.502937
0.000000,-0.500000,1.000000,0.000000,-0.500000,1.000000,0.000000,0.000000,0.000000,-0.500000,-0.500000,0.400000,0.000000,0.000000,0.000000,-0.385398,0.000000,0.000000,0.507263
0.000000,-0.500000,1.000000,0.000000,-0.500000,1.000000,0.000000,0.000000,0.000000,-0.500000,-0.500000,0.400000,0.000000,0.000000,0.000000,-0.385398,0.000000,0.000000,0.511089
0.000000,-0.500000,1.000000,0.000000,-0.500000,1.000000,0.000000,0.000000,0.000000,-0.500000,-0.500000,0.400000,0.000000,0.000000,0.000000,-0.385398,0.000000,0.000000,0.514411
0.000000,-0.500000,1.000000,0.000000,-0.500000,1.000000,0.000000,0.000000,0.000000,-0.500000,-0.500000,0.400000,0.000000,0.000000,0.000000,-0.385398,0.000000,0.000000,0.517225
0.000000,-0.500000,1.000000,0.000000,-0.500000,1.000000,0.000000,0.000000,0.000000,-0.500000,-0.500000,0.400000,0.000000,0.000000,0.000000,-0.385398,0.000000,0.000000,0.519528
0.000000,-0.500000,1.000000,0.000000,-0.500000,1.000000,0.000000,0.000000,0.000000,-0.500000,-0.500000,0.400000,0.000000,0.000000,0.000000,-0.385398,0.000000,0.000000,0.521318
0.000000,-0.500000,1.000000,0.000000,-0.500000,1.000000,0.000000,0.000000,0.000000,-0.500000,-0.500000,0.400000,0.000000,0.000000,0.000000,-0.385398,0.000000,0.000000,0.522595
0.000000,-0.500000,1.000000,0.000000,-0.500000,1.000000,0.000000,0.000000,0.000000,-0.500000,-0.500000,0.400000,0.000000,0.000000,0.000000,-0.385398,0.000000,0.000000,0.523355
0.000000,-0.500000,1.000000,0.000000,-0.500000,1.000000,0.000000,0.000000,0.000000,-0.500000,-0.500000,0.400000,0.000000,0.000000,0.000000,-0.385398,0.000000,0.000000,0.523599
0.000000,-0.500000,1.000000,0.000000,-0.500000,1.000000,0.000000,0.000000,0.000000,-0.500000,-0.500000,0.400000,0.000000,0.000000,0.000000,-0.385398,0.000000,0.000000,0.523326
0.000000,-0.500000,1.000000,0.000000,-0.500000,1.000000,0.000000,0.000000,0.000000,-0.500000,-0.500000,0.400000,0.000000,0.000000,0.000000,-0.385398,0.000000,0.000000,0.522536
0.000000,-0.500000,1.000000,0.000000,-0.500000,1.000000,0.000000,0.000000,0.000000,-0.500000,-0.500000,0.400000,0.000000,0.000000,0.000000,-0.385398,0.000000,0.000000,0.521231
0.000000,-0.500000,1.000000,0.000000,-0.500000,1.000000,0.000000,0.000000,0.000000,-0.500000,-0.500000,0.400000,0.000000,0.000000,0.000000,-0.385398,0.000000,0.000000,0.519411
0.000000,-0.500000,1.000000,0.000000,-0.500000,1.000000,0.000000,0.000000,0.000000,-0.500000,-0.500000,0.400000,0.000000,0.000000,0.000000,-0.385398,0.000000,0.000000,0.517079
0.000000,-0.500000,1.000000,0.000000,-0.500000,1.000000,0.000000,0.000000,0.000000,-0.500000,-0.500000,0.400000,0.000000,0.000000,0.000000,-0.385398,0.000000,0.000000,0.514237
0.000000,-0.500000,1.000000,0.000000,-0.500000,1.000000,0.000000,0.000000,0.000000,-0.500000,-0.500000,0.400000,0.000000,0.000000,0.000000,-0.385398,0.000000,0.000000,0.510887
0.000000,-0.500000,1.000000,0.000000,-0.500000,1.000000,0.000000,0.000000,0.000000,-0.500000,-0.500000,0.400000,0.000000,0.000000,0.000000,-0.385398,0.000000,0.000000,0.507033
0.000000,-0.500000,1.000000,0.000000,-0.500000,1.000000,0.000000,0.000000,0.000000,-0.500000,-0.500000,0.400000,0.000000,0.000000,0.000000,-0.385398,0.000000,0.000000,0.502678
0.000000,-0.500000,1.000000,0.000000,-0.500000,1.000000,0.000000,0.000000,0.000000,-0.500000,-0.500000,0.400000,0.000000,0.000000,0.000000,-0.385398,0.000000,0.000000,0.497827
0.000000,-0.500000,1.000000,0.000000,-0.500000,1.000000,0.000000,0.000000,0.000000,-0.500000,-0.500000,0.400000,0.000000,0.000000,0.000000,-0.385398,0.000000,0.000000,0.492485
0.000000,-0.500000,1.000000,0.000000,-0.500000,1.000000,0.000000,0.000000,0.000000,-0.500000,-0.500000,0.400000,0.000000,0.000000,0.000000,-0.385398,0.000000,0.000000,0.486657
0.000000,-0.500000,1.000000,0.000000,-0.500000,1.000000,0.000000,0.000000,0.000000,-0.500000,-0.500000,0.400000,0.000000,0.000000,0.000000,-0.385398,0.000000,0.000000,0.480349
0.000000,-0.500000,1.000000,0.000000,-0.500000,1.000000,0.000000,0.000000,0.000000,-0.500000,-0.500000,0.400000,0.000000,0.000000,0.000000,-0.385398,0.000000,0.000000,0.473566
0.000000,-0.500000,1.000000,0.000000,-0.500000,1.000000,0.000000,0.000000,0.000000,-0.500000,-0.500000,0.400000,0.000000,0.000000,0.000000,-0.385398,0.000000,0.000000,0.466316
0.000000,-0.500000,1.000000,0.000000,-0.500000,1.000000,0.000000,0.000000,0.000000,-0.500000,-0.500000,0.400000,0.000000,0.000000,0.000000,-0.385398,0.000000,0.000000,0.458606
0.000000,-0.500000,1.000000,0.000000,-0.500000,1.000000,0.000000,0.000000,0.000000,-0.500000,-0.500000,0.400000,0.000000,0.000000,0.000000,-0.385398,0.000000,0.000000,0.450444
0.000000,-0.500000,1.000000,0.000000,-0.500000,1.000000,0.000000,0.000000,0.000000,-0.500000,-0.500000,0.400000,0.000000,0.000000,0.000000,-0.385398,0.000000,0.000000,0.441836
0.000000,-0.500000,1.000000,0.000000,-0.500000,1.000000,0.000000,0.000000,0.000000,-0.500000,-0.500000,0.400000,0.000000,0.000000,0.000000,-0.385398,0.000000,0.000000,0.432793
0.000000,-0.500000,1.000000,0.000000,-0.500000,1.000000,0.000000,0.000000,0.000000,-0.500000,-0.500000,0.400000,0.000000,0.000000,0.000000,-0.385398,0.000000,0.000000,0.423323
0.000000,-0.500000,1.000000,0.000000,-0.500000,1.000000,0.000000,0.000000,0.000000,-0.500000,-0.500000,0.400000,0.000000,0.000000,0.000000,-0.385398,0.000000,0.000000,0.413435
0.000000,-0.500000,1.000000,0.000000,-0.500000,1.000000,0.000000,0.000000,0.000000,-0.500000,-0.500000,0.400000,0.000000,0.000000,0.000000,-0.385398,0.000000,0.000000,0.403138
0.000000,-0.500000,1.000000,0.000000,-0.500000,1.000000,0.000000,0.000000,0.000000,-0.500000,-0.500000,0.400000,0.000000,0.000000,0.000000,-0.385398,0.000000,0.000000,0.392444
0.000000,-0.500000,1.000000,0.000000,-0.500000,1.000000,0.000000,0.000000,0.000000,-0.500000,-0.500000,0.400000,0.000000,0.000000,0.000000,-0.385398,0.000000,0.000000,0.381363
0.000000,-0.500000,1.000000,0.000000,-0.500000,1.000000,0.000000,0.000000,0.000000,-0.500000,-0.500000,0.400000,0.000000,0.000000,0.000000,-0.385398,0.000000,0.000000,0.369905
0.000000,-0.500000,1.000000,0.000000,-0.500000,1.000000,0.000000,0.000000,0.000000,-0.500000,-0.500000,0.400000,0.000000,0.000000,0.000000,-0.385398,0.000000,0.000000,0.358082
0.000000,-0.500000,1.000000,0.000000,-0.500000,1.000000,0.000000,0.000000,0.000000,-0.500000,-0.500000,0.400000,0.000000,0.000000,0.000000,-0.385398,0.000000,0.000000,0.345906
0.000000,-0.500000,1.000000,0.000000,-0.500000,1.000000,0.000000,0.000000,0.000000,-0.500000,-0.500000,0.400000,0.000000,0.000000,0.000000,-0.385398,0.000000,0.000000,0.333388
0.000000,-0.500000,1.000000,0.000000,-0.500000,1.000000,0.000000,0.000000,0.000000,-0.500000,-0.500000,0.400000,0.000000,0.000000,0.000000,-0.385398,0.000000,0.000000,0.320542
0.000000,-0.500000,1.000000,0.000000,-0.500000,1.000000,0.000000,0.000000,0.000000,-0.500000,-0.500000,0.400000,0.000000,0.000000,0.000000,-0.385398,0.000000,0.000000,0.307379
0.000000,-0.500000,1.000000,0.000000,-0.500000,1.000000,0.000000,0.000000,0.000000,-0.500000,-0.500000,0.400000,0.000000,0.000000,0.000000,-0.385398,0.000000,0.000000,0.293912
0.000000,-0.500000,1.000000,0.000000,-0.500000,1.000000,0.000000,0.000000,0.000000,-0.500000,-0.500000,0.400000,0.000000,0.000000,0.000000,-0.385398,0.000000,0.000000,0.280156
0.000000,-0.500000,1.000000,0.000000,-0.500000,1.000000,0.000000,0.000000,0.000000,-0.500000,-0.500000,0.400000,0.000000,0.000000,0.000000,-0.385398,0.000000,0.000000,0.266123
0.000000,-0.500000,1.000000,0.000000,-0.500000,1.000000,0.000000,0.000000,0.000000,-0.500000,-0.500000,0.400000,0.000000,0.000000,0.000000,-0.385398,0.000000,0.000000,0.251827
0.000000,-0.500000,1.000000,0.000000,-0.500000,1.000000,0.000000,0.000000,0.000000,-0.500000,-0.500000,0.400000,0.000000,0.000000,0.000000,-0.385398,0.000000,0.000000,0.237283
0.000000,-0.500000,1.000000,0.000000,-0.500000,1.000000,0.000000,0.000000,0.000000,-0.500000,-0.500000,0.400000,0.000000,0.000000,0.000000,-0.385398,0.000000,0.000000,0.222505
0.000000,-0.500000,1.000000,0.000000,-0.500000,1.000000,0.000000,0.000000,0.000000,-0.500000,-0.500000,0.400000,0.000000,0.000000,0.000000,-0.385398,0.000000,0.000000,0.207507
0.000000,-0.500000,1.000000,0.000000,-0.500000,1.000000,0.000000,0.000000,0.000000,-0.500000,-0.500000,0.400000,0.000000,0.000000,0.000000,-0.385398,0.000000,0.000000,0.192304
0.000000,-0.500000,1.000000,0.000000,-0.500000,1.000000,0.000000,0.000000,0.000000,-0.500000,-0.500000,0.400000,0.000000,0.000000,0.000000,-0.385398,0.000000,0.000000,0.176912
0.000000,-0.500000,1.000000,0.000000,-0.500000,1.000000,0.000000,0.000000,0.000000,-0.500000,-0.500000,0.400000,0.000000,0.000000,0.000000,-0.385398,0.000000,0.000000,0.161345
0.000000,-0.500000,1.000000,0.000000,-0.500000,1.000000,0.000000,0.000000,0.000000,-0.500000,-0.500000,0.400000,0.000000,0.000000,0.000000,-0.385398,0.000000,0.000000,0.145619
0.000000,-0.500000,1.000000,0.000000,-0.500000,1.000000,0.000000,0.000000,0.000000,-0.500000,-0.500000,0.400000,0.000000,0.000000,0.000000,-0.385398,0.000000,0.000000,0.129749
0.000000,-0.500000,1.000000,0.000000,-0.500000,1.000000,0.000000,0.000000,0.000000,-0.500000,-0.500000,0.400000,0.000000,0.000000,0.000000,-0.385398,0.000000,0.000000,0.113751
0.000000,-0.500000,1.000000,0.000000,-0.500000,1.000000,0.000000,0.000000,0.000000,-0.500000,-0.500000,0.400000,0.000000,0.000000,0.000000,-0.385398,0.000000,0.000000,0.097640
0.000000,-0.500000,1.000000,0.000000,-0.500000,1.000000,0.000000,0.000000,0.000000,-0.500000,-0.500000,0.400000,0.000000,0.000000,0.000000,-0.385398,0.000000,0.000000,0.081433
0.000000,-0.500000,1.000000,0.000000,-0.500000,1.000000,0.000000,0.000000,0.000000,-0.500000,-0.500000,0.400000,0.000000,0.000000,0.000000,-0.385398,0.000000,0.000000,0.065146
0.000000,-0.500000,1.000000,0.000000,-0.500000,1.000000,0.000000,0.000000,0.000000,-0.500000,-0.500000,0.400000,0.000000,0.000000,0.000000,-0.385398,0.000000,0.000000,0.048795
0.000000,-0.500000,1.000000,0.000000,-0.500000,1.000000,0.000000,0.000000,0.000000,-0.500000,-0.500000,0.400000,0.000000,0.000000,0.000000,-0.385398,0.000000,0.000000,0.032396
0.000000,-0.500000,1.000000,0.000000,-0.500000,1.000000,0.000000,0.000000,0.000000,-0.500000,-0.500000,0.400000,0.000000,0.000000,0.000000,-0.385398,0.000000,0.000000,0.015964
0.000000,-0.500000,1.000000,0.000000,-0.500000,1.000000,0.000000,0.000000,0.000000,-0.500000,-0.500000,0.400000,0.000000,0.000000,0.000000,-0.385283,0.000000,0.000000,0.000000
0.000000,-0.500000,1.000000,0.000000,-0.500000,1.000000,0.000000,0.000000,0.000000,-0.500000,-0.500000,0.400000,0.000000,0.000000,0.000000,-0.381356,0.000000,0.000000,0.000000
0.000000,-0.500000,1.000000,0.000000,-0.500000,1.000000,0.000000,0.000000,0.000000,-0.500000,-0.500000,0.400000,0.000000,0.000000,0.000000,-0.377429,0.000000,0.000000,0.000000
0.000000,-0.500000,1.000000,0.000000,-0.500000,1.000000,0.000000,0.000000,0.000000,-0.500000,-0.500000,0.400000,0.000000,0.000000,0.000000,-0.373502,0.000000,0.000000,0.000000
0.000000,-0.500000,1.000000,0.000000,-0.500000,1.000000,0.000000,0.000000,0.000000,-0.500000,-0.500000,0.400000,0.000000,0.000000,0.000000,-0.369575,0.000000,0.000000,0.000000
0.000000,-0.500000,1.000000,0.000000,-0.500000,1.000000,0.000000,0.000000,0.000000,-0.500000,-0.500000,0.400000,0.000000,0.000000,0.000000,-0.365647,0.000000,0.000000,0.000000
0.000000,-0.500000,1.000000,0.000000,-0.500000,1.000000,0.000000,0.000000,0.000000,-0.500000,-0.500000,0.400000,0.000000,0.000000,0.000000,-0.361720,0.000000,0.000000,0.000000
0.000000,-0.500000,1.000000,0.000000,-0.500000,1.000000,0.000000,0.000000,0.000000,-0.500000,-0.500000,0.400000,0.000000,0.000000,0.000000,-0.357793,0.000000,0.000000,0.000000
0.000000,-0.500000,1.000000,0.000000,-0.500000,1.000000,0.000000,0.000000,0.000000,-0.500000,-0.500000,0.400000,0.000000,0.000000,0.000000,-0.353866,0.000000,0.000000,0.000000
0.000000,-0.500000,1.000000,0.000000,-0.500000,1.000000,0.000000,0.000000,0.000000,-0.500000,-0.500000,0.400000,0.000000,0.000000,0.000000,-0.349939,0.000000,0.000000,0.000000
0.000000,-0.500000,1.000000,0.000000,-0.500000,1.000000,0.000000,0.000000,0.000000,-0.500000,-0.500000,0.400000,0.000000,0.000000,0.000000,-0.346012,0.000000,0.000000,0.000000
0.000000,-0.500000,1.000000,0.000000,-0.500000,1.000000,0.000000,0.000000,0.000000,-0.500000,-0.500000,0.400000,0.000000,0.000000,0.000000,-0.342085,0.000000,0.000000,0.000000
0.000000,-0.500000,1.000000,0.000000,-0.500000,1.000000,0.000000,0.000000,0.000000,-0.500000,-0.500000,0.400000,0.000000,0.000000,0.000000,-0.338158,0.000000,0.000000,0.000000
0.000000,-0.500000,1.000000,0.000000,-0.500000,1.000000,0.000000,0.000000,0.000000,-0.500000,-0.500000,0.400000,0.000000,0.000000,0.000000,-0.334231,0.000000,0.000000,0.000000
0.000000,-0.500000,1.000000,0.000000,-0.500000,1.000000,0.000000,0.000000,0.000000,-0.500000,-0.500000,0.400000,0.000000,0.000000,0.000000,-0.330304,0.000000,0.000000,0.000000
0.000000,-0.500000,1.000000,0.000000,-0.500000,1.000000,0.000000,0.000000,0.000000,-0.500000,-0.500000,0.400000,0.000000,0.000000,0.000000,-0.326377,0.000000,0.000000,0.000000
0.000000,-0.500000,1.000000,0.000000,-0.500000,1.000000,0.000000,0.000000,0.000000,-0.500000,-0.500000,0.400000,0.000000,0.000000,0.000000,-0.322450,0.000000,0.000000,0.000000
0.000000,-0.500000,1.000000,0.000000,-0.500000,1.000000,0.000000,0.000000,0.000000,-0.500000,-0.500000,0.400000,0.000000,0.000000,0.000000,-0.318522,0.000000,0.000000,0.000000
0.000000,-0.500000,1.000000,0.000000,-0.500000,1.000000,0.000000,0.000000,0.000000,-0.500000,-0.500000,0.400000,0.000000,0.000000,0.000000,-0.314595,0.000000,0.000000,0.000000
0.000000,-0.500000,1.000000,0.000000,-0.500000,1.000000,0.000000,0.000000,0.000000,-0.500000,-0.500000,0.400000,0.000000,0.000000,0.000000,-0.310668,0.000000,0.000000,0.000000
0.000000,-0.500000,1.000000,0.000000,-0.500000,1.000000,0.000000,0.000000,0.000000,-0.500000,-0.500000,0.400000,0.000000,0.000000,0.000000,-0.306741,0.000000,0.000000,0.000000
0.000000,-0.500000,1.000000,0.000000,-0.500000,1.000000,0.000000,0.000000,0.000000,-0.500000,-0.500000,0.400000,0.000000,0.000000,0.000000,-0.302814,0.000000,0.000000,0.000000
0.000000,-0.500000,1.000000,0.000000,-0.500000,1.000000,0.000000,0.000000,0.000000,-0.500000,-0.500000,0.400000,0.000000,0.000000,0.000000,-0.298887,0.000000,0.000000,0.000000
0.000000,-0.500000,1.000000,0.000000,-0.500000,1.000000,0.000000,0.000000,0.000000,-0.500000,-0.500000,0.400000,0.000000,0.000000,0.000000,-0.294960,0.000000,0.000000,0.000000
0.000000,-0.500000,1.000000,0.000000,-0.500000,1.000000,0.000000,0.000000,0.000000,-0.500000,-0.500000,0.400000,0.000000,0.000000,0.000000,-0.291033,0.000000,0.000000,0.000000
0.000000,-0.500000,1.000000,0.000000,-0.500000,1.000000,0.000000,0.000000,0.000000,-0.500000,-0.500000,0.400000,0.000000,0.000000,0.000000,-0.287106,0.000000,0.000000,0.000000
0.000000,-0.500000,1.000000,0.000000,-0.500000,1.000000,0.000000,0.000000,0.000000,-0.500000,-0.500000,0.400000,0.000000,0.000000,0.000000,-0.283179,0.000000,0.000000,0.000000
0.000000,-0.500000,1.000000,0.000000,-0.500000,1.000000,0.000000,0.000000,0.000000,-0.500000,-0.500000,0.400000,0.000000,0.000000,0.000000,-0.279252,0.000000,0.000000,0.000000
0.000000,-0.500000,1.000000,0.000000,-0.500000,1.000000,0.000000,0.000000,0.000000,-0.500000,-0.500000,0.400000,0.000000,0.000000,0.000000,-0.275325,0.000000,0.000000,0.000000
0.000000,-0.500000,1.000000,0.000000,-0.500000,1.000000,0.000000,0.000000,0.000000,-0.500000,-0.500000,0.400000,0.000000,0.000000,0.000000,-0.271397,0.000000,0.000000,0.000000
0.000000,-0.500000,1.000000,0.000000,-0.500000,1.000000,0.000000,0.000000,0.000000,-0.500000,-0.500000,0.400000,0.000000,0.000000,0.000000,-0.267470,0.000000,0.000000,0.000000
0.000000,-0.500000,1.000000,0.000000,-0.500000,1.000000,0.000000,0.000000,0.000000,-0.500000,-0.500000,0.400000,0.000000,0.000000,0.000000,-0.263543,0.000000,0.000000,0.000000
0.000000,-0.500000,1.000000,0.000000,-0.500000,1.000000,0.000000,0.000000,0.000000,-0.500000,-0.500000,0.400000,0.000000,0.000000,0.000000,-0.259616,0.000000,0.000000,0.000000
0.000000,-0.500000,1.000000,0.000000,-0.500000,1.000000,0.000000,0.000000,0.000000,-0.500000,-0.500000,0.400000,0.000000,0.000000,0.000000,-0.255689,0.000000,0.000000,0.000000
0.000000,-0.500000,1.000000,0.000000,-0.500000,1.000000,0.000000,0.000000,0.000000,-0.500000,-0.500000,0.400000,0.000000,0.000000,0.000000,-0.251762,0.000000,0.000000,0.000000
0.000000,-0.500000,1.000000,0.000000,-0.500000,1.000000,0.000000,0.000000,0.000000,-0.500000,-0.500000,0.400000,0.000000,0.000000,0.000000,-0.247835,0.000000,0.000000,0.000000
0.000000,-0.500000,1.000000,0.000000,-0.500000,1.000000,0.000000,0.000000,0.000000,-0.500000,-0.500000,0.400000,0.000000,0.000000,0.000000,-0.243908,0.000000,0.000000,0.000000
0.000000,-0.500000,1.000000,0.000000,-0.500000,1.000000,0.000000,0.000000,0.000000,-0.500000,-0.500000,0.400000,0.000000,0.000000,0.000000,-0.239981,0.000000,0.000000,0.000000
0.000000,-0.500000,1.000000,0.000000,-0.500000,1.000000,0.000000,0.000000,0.000000,-0.500000,-0.500000,0.400000,0.000000,0.000000,0.000000,-0.236054,0.000000,0.000000,0.000000
0.000000,-0.500000,1.000000,0.000000,-0.500000,1.000000,0.000000,0.000000,0.000000,-0.500000,-0.500000,0.400000,0.000000,0.000000,0.000000,-0.232127,0.000000,0.000000,0.000000
0.000000,-0.500000,1.000000,0.000000,-0.500000,1.000000,0.000000,0.000000,0.000000,-0.500000,-0.500000,0.400000,0.000000,0.000000,0.000000,-0.228200,0.000000,0.000000,0.000000
0.000000,-0.500000,1.000000,0.000000,-0.500000,1.000000,0.000000,0.000000,0.000000,-0.500000,-0.500000,0.400000,0.000000,0.000000,0.000000,-0.224273,0.000000,0.000000,0.000000
0.000000,-0.500000,1.000000,0.000000,-0.500000,1.000000,0.000000,0.000000,0.000000,-0.500000,-0.500000,0.400000,0.000000,0.000000,0.000000,-0.220345,0.000000,0.000000,0.000000
0.000000,-0.500000,1.000000,0.000000,-0.500000,1.000000,0.000000,0.000000,0.000000,-0.500000,-0.500000,0.400000,0.000000,0.000000,0.000000,-0.216418,0.000000,0.000000,0.000000
0.000000,-0.500000,1.000000,0.000000,-0.500000,1.000000,0.000000,0.000000,0.000000,-0.500000,-0.500000,0.400000,0.000000,0.000000,0.000000,-0.212491,0.000000,0.000000,0.000000
0.000000,-0.500000,1.000000,0.000000,-0.500000,1.000000,0.000000,0.000000,0.000000,-0.500000,-0.500000,0.400000,0.000000,0.000000,0.000000,-0.208564,0.000000,0.000000,0.000000
0.000000,-0.500000,1.000000,0.000000,-0.500000,1.000000,0.000000,0.000000,0.000000,-0.500000,-0.500000,0.400000,0.000000,0.000000,0.000000,-0.204637,0.000000,0.000000,0.000000
0.000000,-0.500000,1.000000,0.000000,-0.500000,1.000000,0.000000,0.000000,0.000000,-0.500000,-0.500000,0.400000,0.000000,0.000000,0.000000,-0.200710,0.000000,0.000000,0.000000
0.000000,-0.500000,1.000000,0.000000,-0.500000,1.000000,0.000000,0.000000,0.000000,-0.500000,-0.500000,0.400000,0.000000,0.000000,0.000000,-0.196783,0.000000,0.000000,0.000000
0.000000,-0.500000,1.000000,0.000000,-0.500000,1.000000,0.000000,0.000000,0.000000,-0.500000,-0.500000,0.400000,0.000000,0.000000,0.000000,-0.192856,0.000000,0.000000,0.000000
0.000000,-0.500000,1.000000,0.000000,-0.500000,1.000000,0.000000,0.000000,0.000000,-0.500000,-0.500000,0.400000,0.000000,0.000000,0.000000,-0.188929,0.000000,0.000000,0.000000
0.000000,-0.500000,1.000000,0.000000,-0.500000,1.000000,0.000000,0.000000,0.000000,-0.500000,-0.500000,0.400000,0.000000,0.000000,0.000000,-0.185002,0.000000,0.000000,0.000000
0.000000,-0.500000,1.000000,0.000000,-0.500000,1.000000,0.000000,0.000000,0.000000,-0.500000,-0.500000,0.400000,0.000000,0.000000,0.000000,-0.181075,0.000000,0.000000,0.000000
0.000000,-0.500000,1.000000,0.000000,-0.500000,1.000000,0.000000,0.000000,0.000000,-0.500000,-0.500000,0.400000,0.000000,0.000000,0.000000,-0.177148,0.000000,0.000000,0.000000
0.000000,-0.500000,1.000000,0.000000,-0.500000,1.000000,0.000000,0.000000,0.000000,-0.500000,-0.500000,0.400000,0.000000,0.000000,0.000000,-0.173220,0.000000,0.000000,0.000000
0.000000,-0.500000,1.000000,0.000000,-0.500000,1.000000,0.000000,0.000000,0.000000,-0.500000,-0.500000,0.400000,0.000000,0.000000,0.000000,-0.169293,0.000000,0.000000,0.000000
0.000000,-0.500000,1.000000,0.000000,-0.500000,1.000000,0.000000,0.000000,0.000000,-0.500000,-0.500000,0.400000,0.000000,0.000000,0.000000,-0.165366,0.000000,0.000000,0.000000
0.000000,-0.500000,1.000000,0.000000,-0.500000,1.000000,0.000000,0.000000,0.000000,-0.500000,-0.500000,0.400000,0.000000,0.000000,0.000000,-0.161439,0.000000,0.000000,0.000000
0.000000,-0.500000,1.000000,0.000000,-0.500000,1.000000,0.000000,0.000000,0.000000,-0.500000,-0.500000,0.400000,0.000000,0.000000,0.000000,-0.157512,0.000000,0.000000,0.000000
0.000000,-0.500000,1.000000,0.000000,-0.500000,1.000000,0.000000,0.000000,0.000000,-0.500000,-0.500000,0.400000,0.000000,0.000000,0.000000,-0.153585,0.000000,0.000000,0.000000
0.000000,-0.500000,1.000000,0.000000,-0.500000,1.000000,0.000000,0.000000,0.000000,-0.500000,-0.500000,0.400000,0.000000,0.000000,0.000000,-0.149658,0.000000,0.000000,0.000000
0.000000,-0.500000,1.000000,0.000000,-0.500000,1.000000,0.000000,0.000000,0.000000,-0.500000,-0.500000,0.400000,0.000000,0.000000,0.000000,-0.145731,0.000000,0.000000,0.000000
0.000000,-0.500000,1.000000,0.000000,-0.500000,1.000000,0.000000,0.000000,0.000000,-0.500000,-0.500000,0.400000,0.000000,0.000000,0.000000,-0.141804,0.000000,0.000000,0.000000
0.000000,-0.500000,1.000000,0.000000,-0.500000,1.000000,0.000000,0.000000,0.000000,-0.500000,-0.500000,0.400000,0.000000,0.000000,0.000000,-0.137877,0.000000,0.000000,0.000000
0.000000,-0.500000,1.000000,0.000000,-0.500000,1.000000,0.000000,0.000000,0.000000,-0.500000,-0.500000,0.400000,0.000000,0.000000,0.000000,-0.133950,0.000000,0.000000,0.000000
0.000000,-0.500000,1.000000,0.000000,-0.500000,1.000000,0.000000,0.000000,0.000000,-0.500000,-0.500000,0.400000,0.000000,0.000000,0.000000,-0.130023,0.000000,0.000000,0.000000
0.000000,-0.500000,1.000000,0.000000,-0.500000,1.000000,0.000000,0.000000,0.000000,-0.500000,-0.500000,0.400000,0.000000,0.000000,0.000000,-0.126096,0.000000,0.000000,0.000000
0.000000,-0.500000,1.000000,0.000000,-0.500000,1.000000,0.000000,0.000000,0.000000,-0.500000,-0.500000,0.400000,0.000000,0.000000,0.000000,-0.122168,0.000000,0.000000,0.000000
0.000000,-0.500000,1.000000,0.000000,-0.500000,1.000000,0.000000,0.000000,0.000000,-0.500000,-0.500000,0.400000,0.000000,0.000000,0.000000,-0.118241,0.000000,0.000000,0.000000
0.000000,-0.500000,1.000000,0.000000,-0.500000,1.000000,0.000000,0.000000,0.000000,-0.500000,-0.500000,0.400000,0.000000,0.000000,0.000000,-0.114314,0.000000,0.000000,0.000000
0.000000,-0.500000,1.000000,0.000000,-0.500000,1.000000,0.000000,0.000000,0.000000,-0.500000,-0.500000,0.400000,0.000000,0.000000,0.000000,-0.110387,0.000000,0.000000,0.000000
0.000000,-0.500000,1.000000,0.000000,-0.500000,1.000000,0.000000,0.000000,0.000000,-0.500000,-0.500000,0.400000,0.000000,0.000000,0.000000,-0.106460,0.000000,0.000000,0.000000
0.000000,-0.500000,1.000000,0.000000,-0.500000,1.000000,0.000000,0.000000,0.000000,-0.500000,-0.500000,0.400000,0.000000,0.000000,0.000000,-0.102533,0.000000,0.000000,0.000000
0.000000,-0.500000,1.000000,0.000000,-0.500000,1.000000,0.000000,0.000000,0.000000,-0.500000,-0.500000,0.400000,0.000000,0.000000,0.000000,-0.098606,0.000000,0.000000,0.000000
0.000000,-0.500000,1.000000,0.000000,-0.500000,1.000000,0.000000,0.000000,0.000000,-0.500000,-0.500000,0.400000,0.000000,0.000000,0.000000,-0.094679,0.000000,0.000000,0.000000
0.000000,-0.500000,1.000000,0.000000,-0.500000,1.000000,0.000000,0.000000,0.000000,-0.500000,-0.500000,0.400000,0.000000,0.000000,0.000000,-0.090752,0.000000,0.000000,0.000000
0.000000,-0.500000,1.000000,0.000000,-0.500000,1.000000,0.000000,0.000000,0.000000,-0.500000,-0.500000,0.400000,0.000000,0.000000,0.000000,-0.086825,0.000000,0.000000,0.000000
0.000000,-0.500000,1.000000,0.000000,-0.500000,1.000000,0.000000,0.000000,0.000000,-0.500000,-0.500000,0.400000,0.000000,0.000000,0.000000,-0.082898,0.000000,0.000000,0.000000
0.000000,-0.500000,1.000000,0.000000,-0.500000,1.000000,0.000000,0.000000,0.000000,-0.500000,-0.500000,0.400000,0.000000,0.000000,0.000000,-0.078971,0.000000,0.000000,0.000000
0.000000,-0.500000,1.000000,0.000000,-0.500000,1.000000,0.000000,0.000000,0.000000,-0.500000,-0.500000,0.400000,0.000000,0.000000,0.000000,-0.075043,0.000000,0.000000,0.000000
0.000000,-0.500000,1.000000,0.000000,-0.500000,1.000000,0.000000,0.000000,0.000000,-0.500000,-0.500000,0.400000,0.000000,0.000000,0.000000,-0.071116,0.000000,0.000000,0.000000
0.000000,-0.500000,1.000000,0.000000,-0.500000,1.000000,0.000000,0.000000,0.000000,-0.500000,-0.500000,0.400000,0.000000,0.000000,0.000000,-0.067189,0.000000,0.000000,0.000000
0.000000,-0.500000,1.000000,0.000000,-0.500000,1.000000,0.000000,0.000000,0.000000,-0.500000,-0.500000,0.400000,0.000000,0.000000,0.000000,-0.063262,0.000000,0.000000,0.000000
0.000000,-0.500000,1.000000,0.000000,-0.500000,1.000000,0.000000,0.000000,0.000000,-0.500000,-0.500000,0.400000,0.000000,0.000000,0.000000,-0.059335,0.000000,0.000000,0.000000
0.000000,-0.500000,1.000000,0.000000,-0.500000,1.000000,0.000000,0.000000,0.000000,-0.500000,-0.500000,0.400000,0.000000,0.000000,0.000000,-0.055408,0.000000,0.000000,0.000000
0.000000,-0.500000,1.000000,0.000000,-0.500000,1.000000,0.000000,0.000000,0.000000,-0.500000,-0.500000,0.400000,0.000000,0.000000,0.000000,-0.051481,0.000000,0.000000,0.000000
0.000000,-0.500000,1.000000,0.000000,-0.500000,1.000000,0.000000,0.000000,0.000000,-0.500000,-0.500000,0.400000,0.000000,0.000000,0.000000,-0.047554,0.000000,0.000000,0.000000
0.000000,-0.500000,1.000000,0.000000,-0.500000,1.000000,0.000000,0.000000,0.000000,-0.500000,-0.500000,0.400000,0.000000,0.000000,0.000000,-0.043627,0.000000,0.000000,0.000000
0.000000,-0.500000,1.000000,0.000000,-0.500000,1.000000,0.000000,0.000000,0.000000,-0.500000,-0.500000,0.400000,0.000000,0.000000,0.000000,-0.039700,0.000000,0.000000,0.000000
0.000000,-0.500000,1.000000,0.000000,-0.500000,1.000000,0.000000,0.000000,0.000000,-0.500000,-0.500000,0.400000,0.000000,0.000000,0.000000,-0.035773,0.000000,0.000000,0.000000
0.000000,-0.500000,1.000000,0.000000,-0.500000,1.000000,0.000000,0.000000,0.000000,-0.500000,-0.500000,0.400000,0.000000,0.000000,0.000000,-0.031846,0.000000,0.000000,0.000000
0.000000,-0.500000,1.000000,0.000000,-0.500000,1.000000,0.000000,0.000000,0.000000,-0.500000,-0.500000,0.400000,0.000000,0.000000,0.000000,-0.027918,0.000000,0.000000,0.000000
0.000000,-0.500000,1.000000,0.000000,-0.500000,1.000000,0.000000,0.000000,0.000000,-0.500000,-0.500000,0.400000,0.000000,0.000000,0.000000,-0.023991,0.000000,0.000000,0.000000
0.000000,-0.500000,1.000000,0.000000,-0.500000,1.000000,0.000000,0.000000,0.000000,-0.500000,-0.500000,0.400000,0.000000,0.000000,0.000000,-0.020064,0.000000,0.000000,0.000000
0.000000,-0.500000,1.000000,0.000000,-0.500000,1.000000,0.000000,0.000000,0.000000,-0.500000,-0.500000,0.400000,0.000000,0.000000,0.000000,-0.016137,0.000000,0.000000,0.000000
0.000000,-0.500000,1.000000,0.000000,-0.500000,1.000000,0.000000,0.000000,0.000000,-0.500000,-0.500000,0.400000,0.000000,0.000000,0.000000,-0.012210,0.000000,0.000000,0.000000
0.000000,-0.500000,1.000000,0.000000,-0.500000,1.000000,0.000000,0.000000,0.000000,-0.500000,-0.500000,0.400000,0.000000,0.000000,0.000000,-0.008283,0.000000,0.000000,0.000000
0.000000,-0.500000,1.000000,0.000000,-0.500000,1.000000,0.000000,0.000000,0.000000,-0.500000,-0.500000,0.400000,0.000000,0.000000,0.000000,-0.004356,0.000000,0.000000,0.000000
0.000000,-0.500000,1.000000,0.000000,-0.500000,1.000000,0.000000,0.000000,0.000000,-0.500000,-0.500000,0.400000,0.000000,0.000000,0.000000,-0.000429,0.000000,0.000000,0.000000
0.000000,-0.500000,1.000000,0.000000,-0.500000,1.000000,0.000000,0.000000,0.000000,-0.500000,-0.500000,0.400000,0.000000,0.000000,0.000000,0.003498,0.000000,0.000000,0.000000
0.000000,-0.500000,1.000000,0.000000,-0.500000,1.000000,0.000000,0.000000,0.000000,-0.500000,-0.500000,0.400000,0.000000,0.000000,0.000000,0.007425,0.000000,0.000000,0.000000
0.000000,-0.500000,1.000000,0.000000,-0.500000,1.000000,0.000000,0.000000,0.000000,-0.500000,-0.500000,0.400000,0.000000,0.000000,0.000000,0.011352,0.000000,0.000000,0.000000
0.000000,-0.500000,1.000000,0.000000,-0.500000,1.000000,0.000000,0.000000,0.000000,-0.500000,-0.500000,0.400000,0.000000,0.000000,0.000000,0.015279,0.000000,0.000000,0.000000
0.000000,-0.500000,1.000000,0.000000,-0.500000,1.000000,0.000000,0.000000,0.000000,-0.500000,-0.500000,0.400000,0.000000,0.000000,0.000000,0.019206,0.000000,0.000000,0.000000
0.000000,-0.500000,1.000000,0.000000,-0.500000,1.000000,0.000000,0.000000,0.000000,-0.500000,-0.500000,0.400000,0.000000,0.000000,0.000000,0.023134,0.000000,0.000000,0.000000
0.000000,-0.500000,1.000000,0.000000,-0.500000,1.000000,0.000000,0.000000,0.000000,-0.500000,-0.500000,0.400000,0.000000,0.000000,0.000000,0.027061,0.000000,0.000000,0.000000
0.000000,-0.500000,1.000000,0.000000,-0.500000,1.000000,0.000000,0.000000,0.000000,-0.500000,-0.500000,0.400000,0.000000,0.000000,0.000000,0.030988,0.000000,0.000000,0.000000
0.000000,-0.500000,1.000000,0.000000,-0.500000,1.000000,0.000000,0.000000,0.000000,-0.500000,-0.500000,0.400000,0.000000,0.000000,0.000000,0.034915,0.000000,0.000000,0.000000
0.000000,-0.500000,1.000000,0.000000,-0.500000,1.000000,0.000000,0.000000,0.000000,-0.500000,-0.500000,0.400000,0.000000,0.000000,0.000000,0.038842,0.000000,0.000000,0.000000
0.000000,-0.500000,1.000000,0.000000,-0.500000,1.000000,0.000000,0.000000,0.000000,-0.500000,-0.500000,0.400000,0.000000,0.000000,0.000000,0.042769,0.000000,0.000000,0.000000
0.000000,-0.500000,1.000000,0.000000,-0.500000,1.000000,0.000000,0.000000,0.000000,-0.500000,-0.500000,0.400000,0.000000,0.000000,0.000000,0.046696,0.000000,0.000000,0.000000
0.000000,-0.500000,1.000000,0.000000,-0.500000,1.000000,0.000000,0.000000,0.000000,-0.500000,-0.500000,0.400000,0.000000,0.000000,0.000000,0.050623,0.000000,0.000000,0.000000
0.000000,-0.500000,1.000000,0.000000,-0.500000,1.000000,0.000000,0.000000,0.000000,-0.500000,-0.500000,0.400000,0.000000,0.000000,0.000000,0.054550,0.000000,0.000000,0.000000
0.000000,-0.500000,1.000000,0.000000,-0.500000,1.000000,0.000000,0.000000,0.000000,-0.500000,-0.500000,0.400000,0.000000,0.000000,0.000000,0.058477,0.000000,0.000000,0.000000
0.000000,-0.500000,1.000000,0.000000,-0.500000,1.000000,0.000000,0.000000,0.000000,-0.500000,-0.500000,0.400000,0.000000,0.000000,0.000000,0.062404,0.000000,0.000000,0.000000
0.000000,-0.500000,1.000000,0.000000,-0.500000,1.000000,0.000000,0.000000,0.000000,-0.500000,-0.500000,0.400000,0.000000,0.000000,0.000000,0.066331,0.000000,0.000000,0.000000
0.000000,-0.500000,1.000000,0.000000,-0.500000,1.000000,0.000000,0.000000,0.000000,-0.500000,-0.500000,0.400000,0.000000,0.000000,0.000000,0.070259,0.000000,0.000000,0.000000
0.000000,-0.500000,1.000000,0.000000,-0.500000,1.000000,0.000000,0.000000,0.000000,-0.500000,-0.500000,0.400000,0.000000,0.000000,0.000000,0.074186,0.000000,0.000000,0.000000
0.000000,-0.500000,1.000000,0.000000,-0.500000,1.000000,0.000000,0.000000,0.000000,-0.500000,-0.500000,0.400000,0.000000,0.000000,0.000000,0.078113,0.000000,0.000000,0.000000
0.000000,-0.500000,1.000000,0.000000,-0.500000,1.000000,0.000000,0.000000,0.000000,-0.500000,-0.500000,0.400000,0.000000,0.000000,0.000000,0.082040,0.000000,0.000000,0.000000
0.000000,-0.500000,1.000000,0.000000,-0.500000,1.000000,0.000000,0.000000,0.000000,-0.500000,-0.500000,0.400000,0.000000,0.000000,0.000000,0.085967,0.000000,0.000000,0.000000
0.000000,-0.500000,1.000000,0.000000,-0.500000,1.000000,0.000000,0.000000,0.000000,-0.500000,-0.500000,0.400000,0.000000,0.000000,0.000000,0.089894,0.000000,0.000000,0.000000
0.000000,-0.500000,1.000000,0.000000,-0.500000,1.000000,0.000000,0.000000,0.000000,-0.500000,-0.500000,0.400000,0.000000,0.000000,0.000000,0.093821,0.000000,0.000000,0.000000
0.000000,-0.500000,1.000000,0.000000,-0.500000,1.000000,0.000000,0.000000,0.000000,-0.500000,-0.500000,0.400000,0.000000,0.000000,0.000000,0.097748,0.000000,0.000000,0.000000
0.000000,-0.500000,1.000000,0.000000,-0.500000,1.000000,0.000000,0.000000,0.000000,-0.500000,-0.500000,0.400000,0.000000,0.000000,0.000000,0.101675,0.000000,0.000000,0.000000
0.000000,-0.500000,1.000000,0.000000,-0.500000,1.000000,0.000000,0.000000,0.000000,-0.500000,-0.500000,0.400000,0.000000,0.000000,0.000000,0.105602,0.000000,0.000000,0.000000
0.000000,-0.500000,1.000000,0.000000,-0.500000,1.000000,0.000000,0.000000,0.000000,-0.500000,-0.500000,0.400000,0.000000,0.000000,0.000000,0.109529,0.000000,0.000000,0.000000
0.000000,-0.500000,1.000000,0.000000,-0.500000,1.000000,0.000000,0.000000,0.000000,-0.500000,-0.500000,0.400000,0.000000,0.000000,0.000000,0.113456,0.000000,0.000000,0.000000
0.000000,-0.500000,1.000000,0.000000,-0.500000,1.000000,0.000000,0.000000,0.000000,-0.500000,-0.500000,0.400000,0.000000,0.000000,0.000000,0.117384,0.000000,0.000000,0.000000
0.000000,-0.500000,1.000000,0.000000,-0.500000,1.000000,0.000000,0.000000,0.000000,-0.500000,-0.500000,0.400000,0.000000,0.000000,0.000000,0.121311,0.000000,0.000000,0.000000
0.000000,-0.500000,1.000000,0.000000,-0.500000,1.000000,0.000000,0.000000,0.000000,-0.500000,-0.500000,0.400000,0.000000,0.000000,0.000000,0.125238,0.000000,0.000000,0.000000
0.000000,-0.500000,1.000000,0.000000,-0.500000,1.000000,0.000000,0.000000,0.000000,-0.500000,-0.500000,0.400000,0.000000,0.000000,0.000000,0.129165,0.000000,0.000000,0.000000
0.000000,-0.500000,1.000000,0.000000,-0.500000,1.000000,0.000000,0.000000,0.000000,-0.500000,-0.500000,0.400000,0.000000,0.000000,0.000000,0.133092,0.000000,0.000000,0.000000
0.000000,-0.500000,1.000000,0.000000,-0.500000,1.000000,0.000000,0.000000,0.000000,-0.500000,-0.500000,0.400000,0.000000,0.000000,0.000000,0.137019,0.000000,0.000000,0.000000
0.000000,-0.500000,1.000000,0.000000,-0.500000,1.000000,0.000000,0.000000,0.000000,-0.500000,-0.500000,0.400000,0.000000,0.000000,0.000000,0.140946,0.000000,0.000000,0.000000
0.000000,-0.500000,1.000000,0.000000,-0.500000,1.000000,0.000000,0.000000,0.000000,-0.500000,-0.500000,0.400000,0.000000,0.000000,0.000000,0.144873,0.000000,0.000000,0.000000
0.000000,-0.500000,1.000000,0.000000,-0.500000,1.000000,0.000000,0.000000,0.000000,-0.500000,-0.500000,0.400000,0.000000,0.000000,0.000000,0.148800,0.000000,0.000000,0.000000
0.000000,-0.500000,1.000000,0.000000,-0.500000,1.000000,0.000000,0.000000,0.000000,-0.500000,-0.500000,0.400000,0.000000,0.000000,0.000000,0.152727,0.000000,0.000000,0.000000
0.000000,-0.500000,1.000000,0.000000,-0.500000,1.000000,0.000000,0.000000,0.000000,-0.500000,-0.500000,0.400000,0.000000,0.000000,0.000000,0.156654,0.000000,0.000000,0.000000
0.000000,-0.500000,1.000000,0.000000,-0.500000,1.000000,0.000000,0.000000,0.000000,-0.500000,-0.500000,0.400000,0.000000,0.000000,0.000000,0.160581,0.000000,0.000000,0.000000
0.000000,-0.500000,1.000000,0.000000,-0.500000,1.000000,0.000000,0.000000,0.000000,-0.500000,-0.500000,0.400000,0.000000,0.000000,0.000000,0.164508,0.000000,0.000000,0.000000
0.000000,-0.500000,1.000000,0.000000,-0.500000,1.000000,0.000000,0.000000,0.000000,-0.500000,-0.500000,0.400000,0.000000,0.000000,0.000000,0.168436,0.000000,0.000000,0.000000
0.000000,-0.500000,1.000000,0.000000,-0.500000,1.000000,0.000000,0.000000,0.000000,-0.500000,-0.500000,0.400000,0.000000,0.000000,0.000000,0.172363,0.000000,0.000000,0.000000
0.000000,-0.500000,1.000000,0.000000,-0.500000,1.000000,0.000000,0.000000,0.000000,-0.500000,-0.500000,0.400000,0.000000,0.000000,0.000000,0.176290,0.000000,0.000000,0.000000
0.000000,-0.500000,1.000000,0.000000,-0.500000,1.000000,0.000000,0.000000,0.000000,-0.500000,-0.500000,0.400000,0.000000,0.000000,0.000000,0.180217,0.000000,0.000000,0.000000
0.000000,-0.500000,1.000000,0.000000,-0.500000,1.000000,0.000000,0.000000,0.000000,-0.500000,-0.500000,0.400000,0.000000,0.000000,0.000000,0.184144,0.000000,0.000000,0.000000
0.000000,-0.500000,1.000000,0.000000,-0.500000,1.000000,0.000000,0.000000,0.000000,-0.500000,-0.500000,0.400000,0.000000,0.000000,0.000000,0.188071,0.000000,0.000000,0.000000
0.000000,-0.500000,1.000000,0.000000,-0.500000,1.000000,0.000000,0.000000,0.000000,-0.500000,-0.500000,0.400000,0.000000,0.000000,0.000000,0.191998,0.000000,0.000000,0.000000
0.000000,-0.500000,1.000000,0.000000,-0.500000,1.000000,0.000000,0.000000,0.000000,-0.500000,-0.500000,0.400000,0.000000,0.000000,0.000000,0.195925,0.000000,0.000000,0.000000
0.000000,-0.500000,1.000000,0.000000,-0.500000,1.000000,0.000000,0.000000,0.000000,-0.500000,-0.500000,0.400000,0.000000,0.000000,0.000000,0.199852,0.000000,0.000000,0.000000
0.000000,-0.500000,1.000000,0.000000,-0.500000,1.000000,0.000000,0.000000,0.000000,-0.500000,-0.500000,0.400000,0.000000,0.000000,0.000000,0.203779,0.000000,0.000000,0.000000
0.000000,-0.500000,1.000000,0.000000,-0.500000,1.000000,0.000000,0.000000,0.000000,-0.500000,-0.500000,0.400000,0.000000,0.000000,0.000000,0.207706,0.000000,0.000000,0.000000
0.000000,-0.500000,1.000000,0.000000,-0.500000,1.000000,0.000000,0.000000,0.000000,-0.500000,-0.500000,0.400000,0.000000,0.000000,0.000000,0.211633,0.000000,0.000000,0.000000
0.000000,-0.500000,1.000000,0.000000,-0.500000,1.000000,0.000000,0.000000,0.000000,-0.500000,-0.500000,0.400000,0.000000,0.000000,0.000000,0.215561,0.000000,0.000000,0.000000
0.000000,-0.500000,1.000000,0.000000,-0.500000,1.000000,0.000000,0.000000,0.000000,-0.500000,-0.500000,0.400000,0.000000,0.000000,0.000000,0.219488,0.000000,0.000000,0.000000
0.000000,-0.500000,1.000000,0.000000,-0.500000,1.000000,0.000000,0.000000,0.000000,-0.500000,-0.500000,0.400000,0.000000,0.000000,0.000000,0.223415,0.000000,0.000000,0.000000
0.000000,-0.500000,1.000000,0.000000,-0.500000,1.000000,0.000000,0.000000,0.000000,-0.500000,-0.500000,0.400000,0.000000,0.000000,0.000000,0.227342,0.000000,0.000000,0.000000
0.000000,-0.500000,1.000000,0.000000,-0.500000,1.000000,0.000000,0.000000,0.000000,-0.500000,-0.500000,0.400000,0.000000,0.000000,0.000000,0.231269,0.000000,0.000000,0.000000
0.000000,-0.500000,1.000000,0.000000,-0.500000,1.000000,0.000000,0.000000,0.000000,-0.500000,-0.500000,0.400000,0.000000,0.000000,0.000000,0.235196,0.000000,0.000000,0.000000
0.000000,-0.500000,1.000000,0.000000,-0.500000,1.000000,0.000000,0.000000,0.000000,-0.500000,-0.500000,0.400000,0.000000,0.000000,0.000000,0.239123,0.000000,0.000000,0.000000
0.000000,-0.500000,1.000000,0.000000,-0.500000,1.000000,0.000000,0.000000,0.000000,-0.500000,-0.500000,0.400000,0.000000,0.000000,0.000000,0.243050,0.000000,0.000000,0.000000
0.000000,-0.500000,1.000000,0.000000,-0.500000,1.000000,0.000000,0.000000,0.000000,-0.500000,-0.500000,0.400000,0.000000,0.000000,0.000000,0.246977,0.000000,0.000000,0.000000
0.000000,-0.500000,1.000000,0.000000,-0.500000,1.000000,0.000000,0.000000,0.000000,-0.500000,-0.500000,0.400000,0.000000,0.000000,0.000000,0.250904,0.000000,0.000000,0.000000
0.000000,-0.500000,1.000000,0.000000,-0.500000,1.000000,0.000000,0.000000,0.000000,-0.500000,-0.500000,0.400000,0.000000,0.000000,0.000000,0.254831,0.000000,0.000000,0.000000
0.000000,-0.500000,1.000000,0.000000,-0.500000,1.000000,0.000000,0.000000,0.000000,-0.500000,-0.500000,0.400000,0.000000,0.000000,0.000000,0.258758,0.000000,0.000000,0.000000
0.000000,-0.500000,1.000000,0.000000,-0.500000,1.000000,0.000000,0.000000,0.000000,-0.500000,-0.500000,0.400000,0.000000,0.000000,0.000000,0.262686,0.000000,0.000000,0.000000
0.000000,-0.500000,1.000000,0.000000,-0.500000,1.000000,0.000000,0.000000,0.000000,-0.500000,-0.500000,0.400000,0.000000,0.000000,0.000000,0.266613,0.000000,0.000000,0.000000
0.000000,-0.500000,1.000000,0.000000,-0.500000,1.000000,0.000000,0.000000,0.000000,-0.500000,-0.500000,0.400000,0.000000,0.000000,0.000000,0.270540,0.000000,0.000000,0.000000
0.000000,-0.500000,1.000000,0.000000,-0.500000,1.000000,0.000000,0.000000,0.000000,-0.500000,-0.500000,0.400000,0.000000,0.000000,0.000000,0.274467,0.000000,0.000000,0.000000
0.000000,-0.500000,1.000000,0.000000,-0.500000,1.000000,0.000000,0.000000,0.000000,-0.500000,-0.500000,0.400000,0.000000,0.000000,0.000000,0.278394,0.000000,0.000000,0.000000
0.000000,-0.500000,1.000000,0.000000,-0.500000,1.000000,0.000000,0.000000,0.000000,-0.500000,-0.500000,0.400000,0.000000,0.000000,0.000000,0.282321,0.000000,0.000000,0.000000
0.000000,-0.500000,1.000000,0.000000,-0.500000,1.000000,0.000000,0.000000,0.000000,-0.500000,-0.500000,0.400000,0.000000,0.000000,0.000000,0.286248,0.000000,0.000000,0.000000
0.000000,-0.500000,1.000000,0.000000,-0.500000,1.000000,0.000000,0.000000,0.000000,-0.500000,-0.500000,0.400000,0.000000,0.000000,0.000000,0.290175,0.000000,0.000000,0.000000
0.000000,-0.500000,1.000000,0.000000,-0.500000,1.000000,0.000000,0.000000,0.000000,-0.500000,-0.500000,0.400000,0.000000,0.000000,0.000000,0.294102,0.000000,0.000000,0.000000
0.000000,-0.500000,1.000000,0.000000,-0.500000,1.000000,0.000000,0.000000,0.000000,-0.500000,-0.500000,0.400000,0.000000,0.000000,0.000000,0.298029,0.000000,0.000000,0.000000
0.000000,-0.500000,1.000000,0.000000,-0.500000,1.000000,0.000000,0.000000,0.000000,-0.500000,-0.500000,0.400000,0.000000,0.000000,0.000000,0.301956,0.000000,0.000000,0.000000
0.000000,-0.500000,1.000000,0.000000,-0.500000,1.000000,0.000000,0.000000,0.000000,-0.500000,-0.500000,0.400000,0.000000,0.000000,0.000000,0.305883,0.000000,0.000000,0.000000
0.000000,-0.500000,1.000000,0.000000,-0.500000,1.000000,0.000000,0.000000,0.000000,-0.500000,-0.500000,0.400000,0.000000,0.000000,0.000000,0.309810,0.000000,0.000000,0.000000
0.000000,-0.500000,1.000000,0.000000,-0.500000,1.000000,0.000000,0.000000,0.000000,-0.500000,-0.500000,0.400000,0.000000,0.000000,0.000000,0.313738,0.000000,0.000000,0.000000
0.000000,-0.500000,1.000000,0.000000,-0.500000,1.000000,0.000000,0.000000,0.000000,-0.500000,-0.500000,0.400000,0.000000,0.000000,0.000000,0.317665,0.000000,0.000000,0.000000
0.000000,-0.500000,1.000000,0.000000,-0.500000,1.000000,0.000000,0.000000,0.000000,-0.500000,-0.500000,0.400000,0.000000,0.000000,0.000000,0.321592,0.000000,0.000000,0.000000
0.000000,-0.500000,1.000000,0.000000,-0.500000,1.000000,0.000000,0.000000,0.000000,-0.500000,-0.500000,0.400000,0.000000,0.000000,0.000000,0.325519,0.000000,0.000000,0.000000
0.000000,-0.500000,1.000000,0.000000,-0.500000,1.000000,0.000000,0.000000,0.000000,-0.500000,-0.500000,0.400000,0.000000,0.000000,0.000000,0.329446,0.000000,0.000000,0.000000
0.000000,-0.500000,1.000000,0.000000,-0.500000,1.000000,0.000000,0.000000,0.000000,-0.500000,-0.500000,0.400000,0.000000,0.000000,0.000000,0.333373,0.000000,0.000000,0.000000
0.000000,-0.500000,1.000000,0.000000,-0.500000,1.000000,0.000000,0.000000,0.000000,-0.500000,-0.500000,0.400000,0.000000,0.000000,0.000000,0.337300,0.000000,0.000000,0.000000
0.000000,-0.500000,1.000000,0.000000,-0.500000,1.000000,0.000000,0.000000,0.000000,-0.500000,-0.500000,0.400000,0.000000,0.000000,0.000000,0.341227,0.000000,0.000000,0.000000
0.000000,-0.500000,1.000000,0.000000,-0.500000,1.000000,0.000000,0.000000,0.000000,-0.500000,-0.500000,0.400000,0.000000,0.000000,0.000000,0.345154,0.000000,0.000000,0.000000
0.000000,-0.500000,1.000000,0.000000,-0.500000,1.000000,0.000000,0.000000,0.000000,-0.500000,-0.500000,0.400000,0.000000,0.000000,0.000000,0.349081,0.000000,0.000000,0.000000
0.000000,-0.500000,1.000000,0.000000,-0.500000,1.000000,0.000000,0.000000,0.000000,-0.500000,-0.500000,0.400000,0.000000,0.000000,0.000000,0.353008,0.000000,0.000000,0.000000
0.000000,-0.500000,1.000000,0.000000,-0.500000,1.000000,0.000000,0.000000,0.000000,-0.500000,-0.500000,0.400000,0.000000,0.000000,0.000000,0.356935,0.000000,0.000000,0.000000
0.000000,-0.500000,1.000000,0.000000,-0.500000,1.000000,0.000000,0.000000,0.000000,-0.500000,-0.500000,0.400000,0.000000,0.000000,0.000000,0.360863,0.000000,0.000000,0.000000
0.000000,-0.500000,1.000000,0.000000,-0.500000,1.000000,0.000000,0.000000,0.000000,-0.500000,-0.500000,0.400000,0.000000,0.000000,0.000000,0.364790,0.000000,0.000000,0.000000
0.000000,-0.500000,1.000000,0.000000,-0.500000,1.000000,0.000000,0.000000,0.000000,-0.500000,-0.500000,0.400000,0.000000,0.000000,0.000000,0.368717,0.000000,0.000000,0.000000
0.000000,-0.500000,1.000000,0.000000,-0.500000,1.000000,0.000000,0.000000,0.000000,-0.500000,-0.500000,0.400000,0.000000,0.000000,0.000000,0.372644,0.000000,0.000000,0.000000
0.000000,-0.500000,1.000000,0.000000,-0.500000,1.000000,0.000000,0.000000,0.000000,-0.500000,-0.500000,0.400000,0.000000,0.000000,0.000000,0.376571,0.000000,0.000000,0.000000
0.000000,-0.500000,1.000000,0.000000,-0.500000,1.000000,0.000000,0.000000,0.000000,-0.500000,-0.500000,0.400000,0.000000,0.000000,0.000000,0.380498,0.000000,0.000000,0.000000
0.000000,-0.500000,1.000000,0.000000,-0.500000,1.000000,0.000000,0.000000,0.000000,-0.500000,-0.500000,0.400000,0.000000,0.000000,0.000000,0.384425,0.000000,0.000000,0.000000
0.000000,-0.500000,1.000000,0.000000,-0.500000,1.000000,0.000000,0.000000,0.000000,-0.500000,-0.500000,0.400000,0.000000,0.000000,0.000000,0.388352,0.000000,0.000000,0.000000
0.000000,-0.500000,1.000000,0.000000,-0.500000,1.000000,0.000000,0.000000,0.000000,-0.500000,-0.500000,0.400000,0.000000,0.000000,0.000000,0.392279,0.000000,0.000000,0.000000
0.000000,-0.500000,1.000000,0.000000,-0.500000,1.000000,0.000000,0.000000,0.000000,-0.500000,-0.500000,0.400000,0.000000,0.000000,0.000000,0.396206,0.000000,0.000000,0.000000
0.000000,-0.500000,1.000000,0.000000,-0.500000,1.000000,0.000000,0.000000,0.000000,-0.500000,-0.500000,0.400000,0.000000,0.000000,0.000000,0.400000,0.000000,0.000000,0.000000
0.000000,-0.500000,1.000000,0.000000,-0.500000,1.000000,0.000000,0.000000,0.000000,-0.500000,-0.500000,0.400000,0.000000,0.000000,0.000000,0.400000,0.000000,0.000000,0.000000
0.000000,-0.500000,1.000000,0.000000,-0.500000,1.000000,0.000000,0.000000,0.000000,-0.500000,-0.500000,0.400000,0.000000,0.000000,0.000000,0.400000,0.000000,0.000000,0.000000
0.000000,-0.500000,1.000000,0.000000,-0.500000,1.000000,0.000000,0.000000,0.000000,-0.500000,-0.500000,0.400000,0.000000,0.000000,0.000000,0.400000,0.000000,0.000000,0.000000
0.000000,-0.500000,1.000000,0.000000,-0.500000,1.000000,0.000000,0.000000,0.000000,-0.500000,-0.500000,0.400000,0.000000,0.000000,0.000000,0.400000,0.000000,0.000000,0.000000
0.000000,-0.500000,1.000000,0.000000,-0.500000,1.000000,0.000000,0.000000,0.000000,-0.500000,-0.500000,0.400000,0.000000,0.000000,0.000000,0.400000,0.000000,0.000000,0.000000
0.000000,-0.500000,1.000000,0.000000,-0.500000,1.000000,0.000000,0.000000,0.000000,-0.500000,-0.500000,0.400000,0.000000,0.000000,0.000000,0.400000,0.000000,0.000000,0.000000
0.000000,-0.500000,1.000000,0.000000,-0.500000,1.000000,0.000000,0.000000,0.000000,-0.500000,-0.500000,0.400000,0.000000,0.000000,0.000000,0.400000,0.000000,0.000000,0.000000
0.000000,-0.500000,1.000000,0.000000,-0.500000,1.000000,0.000000,0.000000,0.000000,-0.500000,-0.500000,0.400000,0.000000,0.000000,0.000000,0.400000,0.000000,0.000000,0.000000
0.000000,-0.500000,1.000000,0.000000,-0.500000,1.000000,0.000000,0.000000,0.000000,-0.500000,-0.500000,0.400000,0.000000,0.000000,0.000000,0.400000,0.000000,0.000000,0.000000
0.000000,-0.500000,1.000000,0.000000,-0.500000,1.000000,0.000000,0.000000,0.000000,-0.500000,-0.500000,0.400000,0.000000,0.000000,0.000000,0.400000,0.000000,0.000000,0.000000
0.000000,-0.500000,1.000000,0.000000,-0.500000,1.000000,0.000000,0.000000,0.000000,-0.500000,-0.500000,0.400000,0.000000,0.000000,0.000000,0.400000,0.000000,0.000000,0.000000
0.000000,-0.500000,1.000000,0.000000,-0.500000,1.000000,0.000000,0.000000,0.000000,-0.500000,-0.500000,0.400000,0.000000,0.000000,0.000000,0.400000,0.000000,0.000000,0.000000
0.000000,-0.500000,1.000000,0.000000,-0.500000,1.000000,0.000000,0.000000,0.000000,-0.500000,-0.500000,0.400000,0.000000,0.000000,0.000000,0.400000,0.000000,0.000000,0.000000
0.000000,-0.500000,1.000000,0.000000,-0.500000,1.000000,0.000000,0.000000,0.000000,-0.500000,-0.500000,0.400000,0.000000,0.000000,0.000000,0.400000,0.000000,0.000000,0.000000
0.000000,-0.500000,1.000000,0.000000,-0.500000,1.000000,0.000000,0.000000,0.000000,-0.500000,-0.500000,0.400000,0.000000,0.000000,0.000000,0.400000,0.000000,0.000000,0.000000
0.000000,-0.500000,1.000000,0.000000,-0.500000,1.000000,0.000000,0.000000,0.000000,-0.500000,-0.500000,0.400000,0.000000,0.000000,0.000000,0.400000,0.000000,0.000000,0.000000
0.000000,-0.500000,1.000000,0.000000,-0.500000,1.000000,0.000000,0.000000,0.000000,-0.500000,-0.500000,0.400000,0.000000,0.000000,0.000000,0.400000,0.000000,0.000000,0.000000
0.000000,-0.500000,1.000000,0.000000,-0.500000,1.000000,0.000000,0.000000,0.000000,-0.500000,-0.500000,0.400000,0.000000,0.000000,0.000000,0.400000,0.000000,0.000000,0.000000
0.000000,-0.500000,1.000000,0.000000,-0.500000,1.000000,0.000000,0.000000,0.000000,-0.500000,-0.500000,0.400000,0.000000,0.000000,0.000000,0.400000,0.000000,0.000000,0.000000
0.000000,-0.500000,1.000000,0.000000,-0.500000,1.000000,0.000000,0.000000,0.000000,-0.500000,-0.500000,0.400000,0.000000,0.000000,0.000000,0.400000,0.000000,0.000000,0.000000
0.000000,-0.500000,1.000000,0.000000,-0.500000,1.000000,0.000000,0.000000,0.000000,-0.500000,-0.500000,0.400000,0.000000,0.000000,0.000000,0.400000,0.000000,0.000000,0.000000
0.000000,-0.500000,1.000000,0.000000,-0.500000,1.000000,0.000000,0.000000,0.000000,-0.500000,-0.500000,0.400000,0.000000,0.000000,0.000000,0.400000,0.000000,0.000000,0.000000
0.000000,-0.500000,1.000000,0.000000,-0.500000,1.000000,0.000000,0.000000,0.000000,-0.500000,-0.500000,0.400000,0.000000,0.000000,0.000000,0.400000,0.000000,0.000000,0.000000
0.000000,-0.500000,1.000000,0.000000,-0.500000,1.000000,0.000000,0.000000,0.000000,-0.500000,-0.500000,0.400000,0.000000,0.000000,0.000000,0.400000,0.000000,0.000000,0.000000
0.000000,-0.500000,1.000000,0.000000,-0.500000,1.000000,0.000000,0.000000,0.000000,-0.500000,-0.500000,0.400000,0.000000,0.000000,0.000000,0.400000,0.000000,0.000000,0.000000
0.000000,-0.500000,1.000000,0.000000,-0.500000,1.000000,0.000000,0.000000,0.000000,-0.500000,-0.500000,0.400000,0.000000,0.000000,0.000000,0.400000,0.000000,0.000000,0.000000
0.000000,-0.500000,1.000000,0.000000,-0.500000,1.000000,0.000000,0.000000,0.000000,-0.500000,-0.500000,0.400000,0.000000,0.000000,0.000000,0.400000,0.000000,0.000000,0.000000
0.000000,-0.500000,1.000000,0.000000,-0.500000,1.000000,0.000000,0.000000,0.000000,-0.500000,-0.500000,0.400000,0.000000,0.000000,0.000000,0.400000,0.000000,0.000000,0.000000
0.000000,-0.500000,1.000000,0.000000,-0.500000,1.000000,0.000000,0.000000,0.000000,-0.500000,-0.500000,0.400000,0.000000,0.000000,0.000000,0.400000,0.000000,0.000000,0.000000
0.000000,-0.500000,1.000000,0.000000,-0.500000,1.000000,0.000000,0.000000,0.000000,-0.500000,-0.500000,0.400000,0.000000,0.000000,0.000000,0.400000,0.000000,0.000000,0.000000
0.000000,-0.500000,1.000000,0.000000,-0.500000,1.000000,0.000000,0.000000,0.000000,-0.500000,-0.500000,0.400000,0.000000,0.000000,0.000000,0.400000,0.000000,0.000000,0.000000
0.000000,-0.500000,1.000000,0.000000,-0.500000,1.000000,0.000000,0.000000,0.000000,-0.500000,-0.500000,0.400000,0.000000,0.000000,0.000000,0.400000,0.000000,0.000000,0.000000
0.000000,-0.500000,1.000000,0.000000,-0.500000,1.000000,0.000000,0.000000,0.000000,-0.500000,-0.500000,0.400000,0.000000,0.000000,0.000000,0.400000,0.000000,0.000000,0.000000
0.000000,-0.500000,1.000000,0.000000,-0.500000,1.000000,0.000000,0.000000,0.000000,-0.500000,-0.500000,0.400000,0.000000,0.000000,0.000000,0.400000,0.000000,0.000000,0.000000
0.000000,-0.500000,1.000000,0.000000,-0.500000,1.000000,0.000000,0.000000,0.000000,-0.500000,-0.500000,0.400000,0.000000,0.000000,0.000000,0.400000,0.000000,0.000000,0.000000
0.000000,-0.500000,1.000000,0.000000,-0.500000,1.000000,0.000000,0.000000,0.000000,-0.500000,-0.500000,0.400000,0.000000,0.000000,0.000000,0.400000,0.000000,0.000000,0.000000
0.000000,-0.500000,1.000000,0.000000,-0.500000,1.000000,0.000000,0.000000,0.000000,-0.500000,-0.500000,0.400000,0.000000,0.000000,0.000000,0.400000,0.000000,0.000000,0.000000
0.000000,-0.500000,1.000000,0.000000,-0.500000,1.000000,0.000000,0.000000,0.000000,-0.500000,-0.500000,0.400000,0.000000,0.000000,0.000000,0.400000,0.000000,0.000000,0.000000
0.000000,-0.500000,1.000000,0.000000,-0.500000,1.000000,0.000000,0.000000,0.000000,-0.500000,-0.500000,0.400000,0.000000,0.000000,0.000000,0.400000,0.000000,0.000000,0.000000
0.000000,-0.500000,1.000000,0.000000,-0.500000,1.000000,0.000000,0.000000,0.000000,-0.500000,-0.500000,0.400000,0.000000,0.000000,0.000000,0.400000,0.000000,0.000000,0.000000
0.000000,-0.500000,1.000000,0.000000,-0.500000,1.000000,0.000000,0.000000,0.000000,-0.500000,-0.500000,0.400000,0.000000,0.000000,0.000000,0.400000,0.000000,0.000000,0.000000
0.000000,-0.500000,1.000000,0.000000,-0.500000,1.000000,0.000000,0.000000,0.000000,-0.500000,-0.500000,0.400000,0.000000,0.000000,0.000000,0.400000,0.000000,0.000000,0.000000
0.000000,-0.500000,1.000000,0.000000,-0.500000,1.000000,0.000000,0.000000,0.000000,-0.500000,-0.500000,0.400000,0.000000,0.000000,0.000000,0.400000,0.000000,0.000000,0.000000
0.000000,-0.500000,1.000000,0.000000,-0.500000,1.000000,0.000000,0.000000,0.000000,-0.500000,-0.500000,0.400000,0.000000,0.000000,0.000000,0.400000,0.000000,0.000000,0.000000
0.000000,-0.500000,1.000000,0.000000,-0.500000,1.000000,0.000000,0.000000,0.000000,-0.500000,-0.500000,0.400000,0.000000,0.000000,0.000000,0.400000,0.000000,0.000000,0.000000
0.000000,-0.500000,1.000000,0.000000,-0.500000,1.000000,0.000000,0.000000,0.000000,-0.500000,-0.500000,0.400000,0.000000,0.000000,0.000000,0.400000,0.000000,0.000000,0.000000
0.000000,-0.500000,1.000000,0.000000,-0.500000,1.000000,0.000000,0.000000,0.000000,-0.500000,-0.500000,0.400000,0.000000,0.000000,0.000000,0.400000,0.000000,0.000000,0.000000
0.000000,-0.500000,1.000000,0.000000,-0.500000,1.000000,0.000000,0.000000,0.000000,-0.500000,-0.500000,0.400000,0.000000,0.000000,0.000000,0.400000,0.000000,0.000000,0.000000
0.000000,-0.500000,1.000000,0.000000,-0.500000,1.000000,0.000000,0.000000,0.000000,-0.500000,-0.500000,0.400000,0.000000,0.000000,0.000000,0.400000,0.000000,0.000000,0.000000
0.000000,-0.500000,1.000000,0.000000,-0.500000,1.000000,0.000000,0.000000,0.000000,-0.500000,-0.500000,0.400000,0.000000,0.000000,0.000000,0.400000,0.000000,0.000000,0.000000
0.000000,-0.500000,1.000000,0.000000,-0.500000,1.000000,0.000000,0.000000,0.000000,-0.500000,-0.500000,0.400000,0.000000,0.000000,0.000000,0.400000,0.000000,0.000000,0.000000
0.000000,-0.500000,1.000000,0.000000,-0.500000,1.000000,0.000000,0.000000,0.000000,-0.500000,-0.500000,0.400000,0.000000,0.000000,0.000000,0.400000,0.000000,0.000000,0.000000
0.000000,-0.500000,1.000000,0.000000,-0.500000,1.000000,0.000000,0.000000,0.000000,-0.500000,-0.500000,0.400000,0.000000,0.000000,0.000000,0.400000,0.000000,0.000000,0.000000
0.000000,-0.500000,1.000000,0.000000,-0.500000,1.000000,0.000000,0.000000,0.000000,-0.500000,-0.500000,0.400000,0.000000,0.000000,0.000000,0.400000,0.000000,0.000000,0.000000
0.000000,-0.500000,1.000000,0.000000,-0.500000,1.000000,0.000000,0.000000,0.000000,-0.500000,-0.500000,0.400000,0.000000,0.000000,0.000000,0.400000,0.000000,0.000000,0.000000
0.000000,-0.500000,1.000000,0.000000,-0.500000,1.000000,0.000000,0.000000,0.000000,-0.500000,-0.500000,0.400000,0.000000,0.000000,0.000000,0.400000,0.000000,0.000000,0.000000
0.000000,-0.500000,1.000000,0.000000,-0.500000,1.000000,0.000000,0.000000,0.000000,-0.500000,-0.500000,0.400000,0.000000,0.000000,0.000000,0.400000,0.000000,0.000000,0.000000
0.000000,-0.500000,1.000000,0.000000,-0.500000,1.000000,0.000000,0.000000,0.000000,-0.500000,-0.500000,0.400000,0.000000,0.000000,0.000000,0.400000,0.000000,0.000000,0.000000
0.000000,-0.500000,1.000000,0.000000,-0.500000,1.000000,0.000000,0.000000,0.000000,-0.500000,-0.500000,0.400000,0.000000,0.000000,0.000000,0.400000,0.000000,0.000000,0.000000
0.000000,-0.500000,1.000000,0.000000,-0.500000,1.000000,0.000000,0.000000,0.000000,-0.500000,-0.500000,0.400000,0.000000,0.000000,0.000000,0.400000,0.000000,0.000000,0.000000
0.000000,-0.500000,1.000000,0.000000,-0.500000,1.000000,0.000000,0.000000,0.000000,-0.500000,-0.500000,0.400000,0.000000,0.000000,0.000000,0.400000,0.000000,0.000000,0.000000
0.000000,-0.500000,1.000000,0.000000,-0.500000,1.000000,0.000000,0.000000,0.000000,-0.500000,-0.500000,0.400000,0.000000,0.000000,0.000000,0.400000,0.000000,0.000000,0.000000
0.000000,-0.500000,1.000000,0.000000,-0.500000,1.000000,0.000000,0.000000,0.000000,-0.500000,-0.500000,0.400000,0.000000,0.000000,0.000000,0.400000,0.000000,0.000000,0.000000
0.000000,-0.500000,1.000000,0.000000,-0.500000,1.000000,0.000000,0.000000,0.000000,-0.500000,-0.500000,0.400000,0.000000,0.000000,0.000000,0.400000,0.000000,0.000000,0.000000
0.000000,-0.500000,1.000000,0.000000,-0.500000,1.000000,0.000000,0.000000,0.000000,-0.500000,-0.500000,0.400000,0.000000,0.000000,0.000000,0.400000,0.000000,0.000000,0.000000
0.000000,-0.500000,1.000000,0.000000,-0.500000,1.000000,0.000000,0.000000,0.000000,-0.500000,-0.500000,0.400000,0.000000,0.000000,0.000000,0.400000,0.000000,0.000000,0.000000
0.000000,-0.500000,1.000000,0.000000,-0.500000,1.000000,0.000000,0.000000,0.000000,-0.500000,-0.500000,0.400000,0.000000,0.000000,0.000000,0.400000,0.000000,0.000000,0.000000
0.000000,-0.500000,1.000000,0.000000,-0.500000,1.000000,0.000000,0.000000,0.000000,-0.500000,-0.500000,0.400000,0.000000,0.000000,0.000000,0.400000,0.000000,0.000000,0.000000
0.000000,-0.500000,1.000000,0.000000,-0.500000,1.000000,0.000000,0.000000,0.000000,-0.500000,-0.500000,0.400000,0.000000,0.000000,0.000000,0.400000,0.000000,0.000000,0.000000
0.000000,-0.500000,1.000000,0.000000,-0.500000,1.000000,0.000000,0.000000,0.000000,-0.500000,-0.500000,0.400000,0.000000,0.000000,0.000000,0.400000,0.000000,0.000000,0.000000
0.000000,-0.500000,1.000000,0.000000,-0.500000,1.000000,0.000000,0.000000,0.000000,-0.500000,-0.500000,0.400000,0.000000,0.000000,0.000000,0.400000,0.000000,0.000000,0.000000
0.000000,-0.500000,1.000000,0.000000,-0.500000,1.000000,0.000000,0.000000,0.000000,-0.500000,-0.500000,0.400000,0.000000,0.000000,0.000000,0.400000,0.000000,0.000000,0.000000
0.000000,-0.500000,1.000000,0.000000,-0.500000,1.000000,0.000000,0.000000,0.000000,-0.500000,-0.500000,0.400000,0.000000,0.000000,0.000000,0.400000,0.000000,0.000000,0.000000
0.000000,-0.500000,1.000000,0.000000,-0.500000,1.000000,0.000000,0.000000,0.000000,-0.500000,-0.500000,0.400000,0.000000,0.000000,0.000000,0.400000,0.000000,0.000000,0.000000
0.000000,-0.500000,1.000000,0.000000,-0.500000,1.000000,0.000000,0.000000,0.000000,-0.500000,-0.500000,0.400000,0.000000,0.000000,0.000000,0.400000,0.000000,0.000000,0.000000
0.000000,-0.500000,1.000000,0.000000,-0.500000,1.000000,0.000000,0.000000,0.000000,-0.500000,-0.500000,0.400000,0.000000,0.000000,0.000000,0.400000,0.000000,0.000000,0.000000
0.000000,-0.500000,1.000000,0.000000,-0.500000,1.000000,0.000000,0.000000,0.000000,-0.500000,-0.500000,0.400000,0.000000,0.000000,0.000000,0.400000,0.000000,0.000000,0.000000
0.000000,-0.500000,1.000000,0.000000,-0.500000,1.000000,0.000000,0.000000,0.000000,-0.500000,-0.500000,0.400000,0.000000,0.000000,0.000000,0.400000,0.000000,0.000000,0.000000
0.000000,-0.500000,1.000000,0.000000,-0.500000,1.000000,0.000000,0.000000,0.000000,-0.500000,-0.500000,0.400000,0.000000,0.000000,0.000000,0.400000,0.000000,0.000000,0.000000
0.000000,-0.500000,1.000000,0.000000,-0.500000,1.000000,0.000000,0.000000,0.000000,-0.500000,-0.500000,0.400000,0.000000,0.000000,0.000000,0.400000,0.000000,0.000000,0.000000
0.000000,-0.500000,1.000000,0.000000,-0.500000,1.000000,0.000000,0.000000,0.000000,-0.500000,-0.500000,0.400000,0.000000,0.000000,0.000000,0.400000,0.000000,0.000000,0.000000
0.000000,-0.500000,1.000000,0.000000,-0.500000,1.000000,0.000000,0.000000,0.000000,-0.500000,-0.500000,0.400000,0.000000,0.000000,0.000000,0.400000,0.000000,0.000000,0.000000
0.000000,-0.500000,1.000000,0.000000,-0.500000,1.000000,0.000000,0.000000,0.000000,-0.500000,-0.500000,0.400000,0.000000,0.000000,0.000000,0.400000,0.000000,0.000000,0.000000
0.000000,-0.500000,1.000000,0.000000,-0.500000,1.000000,0.000000,0.000000,0.000000,-0.500000,-0.500000,0.400000,0.000000,0.000000,0.000000,0.400000,0.000000,0.000000,0.000000
0.000000,-0.500000,1.000000,0.000000,-0.500000,1.000000,0.000000,0.000000,0.000000,-0.500000,-0.500000,0.400000,0.000000,0.000000,0.000000,0.400000,0.000000,0.000000,0.000000
0.000000,-0.500000,1.000000,0.000000,-0.500000,1.000000,0.000000,0.000000,0.000000,-0.500000,-0.500000,0.400000,0.000000,0.000000,0.000000,0.400000,0.000000,0.000000,0.000000
0.000000,-0.500000,1.000000,0.000000,-0.500000,1.000000,0.000000,0.000000,0.000000,-0.500000,-0.500000,0.400000,0.000000,0.000000,0.000000,0.400000,0.000000,0.000000,0.000000
0.000000,-0.500000,1.000000,0.000000,-0.500000,1.000000,0.000000,0.000000,0.000000,-0.500000,-0.500000,0.400000,0.000000,0.000000,0.000000,0.400000,0.000000,0.000000,0.000000
0.000000,-0.500000,1.000000,0.000000,-0.500000,1.000000,0.000000,0.000000,0.000000,-0.500000,-0.500000,0.400000,0.000000,0.000000,0.000000,0.400000,0.000000,0.000000,0.000000
0.000000,-0.500000,1.000000,0.000000,-0.500000,1.000000,0.000000,0.000000,0.000000,-0.500000,-0.500000,0.400000,0.000000,0.000000,0.000000,0.400000,0.000000,0.000000,0.000000
0.000000,-0.500000,1.000000,0.000000,-0.500000,1.000000,0.000000,0.000000,0.000000,-0.500000,-0.500000,0.400000,0.000000,0.000000,0.000000,0.400000,0.000000,0.000000,0.000000
0.000000,-0.500000,1.000000,0.000000,-0.500000,1.000000,0.000000,0.000000,0.000000,-0.500000,-0.500000,0.400000,0.000000,0.000000,0.000000,0.400000,0.000000,0.000000,0.000000
0.000000,-0.500000,1.000000,0.000000,-0.500000,1.000000,0.000000,0.000000,0.000000,-0.500000,-0.500000,0.400000,0.000000,0.000000,0.000000,0.400000,0.000000,0.000000,0.000000
0.000000,-0.500000,1.000000,0.000000,-0.500000,1.000000,0.000000,0.000000,0.000000,-0.500000,-0.500000,0.400000,0.000000,0.000000,0.000000,0.400000,0.000000,0.000000,0.000000
0.000000,-0.500000,1.000000,0.000000,-0.500000,1.000000,0.000000,0.000000,0.000000,-0.500000,-0.500000,0.400000,0.000000,0.000000,0.000000,0.400000,0.000000,0.000000,0.000000
0.000000,-0.500000,1.000000,0.000000,-0.500000,1.000000,0.000000,0.000000,0.000000,-0.500000,-0.500000,0.400000,0.000000,0.000000,0.000000,0.400000,0.000000,0.000000,0.000000
0.000000,-0.500000,1.000000,0.000000,-0.500000,1.000000,0.000000,0.000000,0.000000,-0.500000,-0.500000,0.400000,0.000000,0.000000,0.000000,0.400000,0.000000,0.000000,0.000000
0.000000,-0.500000,1.000000,0.000000,-0.500000,1.000000,0.000000,0.000000,0.000000,-0.500000,-0.500000,0.400000,0.000000,0.000000,0.000000,0.400000,0.000000,0.000000,0.000000
0.000000,-0.500000,1.000000,0.000000,-0.500000,1.000000,0.000000,0.000000,0.000000,-0.500000,-0.500000,0.400000,0.000000,0.000000,0.000000,0.400000,0.000000,0.000000,0.000000
0.000000,-0.500000,1.000000,0.000000,-0.500000,1.000000,0.000000,0.000000,0.000000,-0.500000,-0.500000,0.400000,0.000000,0.000000,0.000000,0.400000,0.000000,0.000000,0.000000
0.000000,-0.500000,1.000000,0.000000,-0.500000,1.000000,0.000000,0.000000,0.000000,-0.500000,-0.500000,0.400000,0.000000,0.000000,0.000000,0.400000,0.000000,0.000000,0.000000
0.000000,-0.500000,1.000000,0.000000,-0.500000,1.000000,0.000000,0.000000,0.000000,-0.500000,-0.500000,0.400000,0.000000,0.000000,0.000000,0.400000,0.000000,0.000000,0.000000
0.000000,-0.500000,1.000000,0.000000,-0.500000,1.000000,0.000000,0.000000,0.000000,-0.500000,-0.500000,0.400000,0.000000,0.000000,0.000000,0.400000,0.000000,0.000000,0.000000
0.000000,-0.500000,1.000000,0.000000,-0.500000,1.000000,0.000000,0.000000,0.000000,-0.500000,-0.500000,0.400000,0.000000,0.000000,0.000000,0.400000,0.000000,0.000000,0.000000
0.000000,-0.500000,1.000000,0.000000,-0.500000,1.000000,0.000000,0.000000,0.000000,-0.500000,-0.500000,0.400000,0.000000,0.000000,0.000000,0.400000,0.000000,0.000000,0.000000
0.000000,-0.500000,1.000000,0.000000,-0.500000,1.000000,0.000000,0.000000,0.000000,-0.500000,-0.500000,0.400000,0.000000,0.000000,0.000000,0.400000,0.000000,0.000000,0.000000
0.000000,-0.500000,1.000000,0.000000,-0.500000,1.000000,0.000000,0.000000,0.000000,-0.500000,-0.500000,0.400000,0.000000,0.000000,0.000000,0.400000,0.000000,0.000000,0.000000
0.000000,-0.500000,1.000000,0.000000,-0.500000,1.000000,0.000000,0.000000,0.000000,-0.500000,-0.500000,0.400000,0.000000,0.000000,0.000000,0.400000,0.000000,0.000000,0.000000
0.000000,-0.500000,1.000000,0.000000,-0.500000,1.000000,0.000000,0.000000,0.000000,-0.500000,-0.500000,0.400000,0.000000,0.000000,0.000000,0.400000,0.000000,0.000000,0.000000
0.000000,-0.500000,1.000000,0.000000,-0.500000,1.000000,0.000000,0.000000,0.000000,-0.500000,-0.500000,0.400000,0.000000,0.000000,0.000000,0.400000,0.000000,0.000000,0.000000
0.000000,-0.500000,1.000000,0.000000,-0.500000,1.000000,0.000000,0.000000,0.000000,-0.500000,-0.500000,0.400000,0.000000,0.000000,0.000000,0.400000,0.000000,0.000000,0.000000
0.000000,-0.500000,1.000000,0.000000,-0.500000,1.000000,0.000000,0.000000,0.000000,-0.500000,-0.500000,0.400000,0.000000,0.000000,0.000000,0.400000,0.000000,0.000000,0.000000
0.000000,-0.500000,1.000000,0.000000,-0.500000,1.000000,0.000000,0.000000,0.000000,-0.500000,-0.500000,0.400000,0.000000,0.000000,0.000000,0.400000,0.000000,0.000000,0.000000
0.000000,-0.500000,1.000000,0.000000,-0.500000,1.000000,0.000000,0.000000,0.000000,-0.500000,-0.500000,0.400000,0.000000,0.000000,0.000000,0.400000,0.000000,0.000000,0.000000
0.000000,-0.500000,1.000000,0.000000,-0.500000,1.000000,0.000000,0.000000,0.000000,-0.500000,-0.500000,0.400000,0.000000,0.000000,0.000000,0.400000,0.000000,0.000000,0.000000
0.000000,-0.500000,1.000000,0.000000,-0.500000,1.000000,0.000000,0.000000,0.000000,-0.500000,-0.500000,0.400000,0.000000,0.000000,0.000000,0.400000,0.000000,0.000000,0.000000
0.000000,-0.500000,1.000000,0.000000,-0.500000,1.000000,0.000000,0.000000,0.000000,-0.500000,-0.500000,0.400000,0.000000,0.000000,0.000000,0.400000,0.000000,0.000000,0.000000
0.000000,-0.500000,1.000000,0.000000,-0.500000,1.000000,0.000000,0.000000,0.000000,-0.500000,-0.500000,0.400000,0.000000,0.000000,0.000000,0.400000,0.000000,0.000000,0.000000
0.000000,-0.500000,1.000000,0.000000,-0.500000,1.000000,0.000000,0.000000,0.000000,-0.500000,-0.500000,0.400000,0.000000,0.000000,0.000000,0.400000,0.000000,0.000000,0.000000
0.000000,-0.500000,1.000000,0.000000,-0.500000,1.000000,0.000000,0.000000,0.000000,-0.500000,-0.500000,0.400000,0.000000,0.000000,0.000000,0.400000,0.000000,0.000000,0.000000
0.000000,-0.500000,1.000000,0.000000,-0.500000,1.000000,0.000000,0.000000,0.000000,-0.500000,-0.500000,0.400000,0.000000,0.000000,0.000000,0.400000,0.000000,0.000000,0.000000
0.000000,-0.500000,1.000000,0.000000,-0.500000,1.000000,0.000000,0.000000,0.000000,-0.500000,-0.500000,0.400000,0.000000,0.000000,0.000000,0.400000,0.000000,0.000000,0.000000
0.000000,-0.500000,1.000000,0.000000,-0.500000,1.000000,0.000000,0.000000,0.000000,-0.500000,-0.500000,0.400000,0.000000,0.000000,0.000000,0.400000,0.000000,0.000000,0.000000
0.000000,-0.500000,1.000000,0.000000,-0.500000,1.000000,0.000000,0.000000,0.000000,-0.500000,-0.500000,0.400000,0.000000,0.000000,0.000000,0.400000,0.000000,0.000000,0.000000
0.000000,-0.500000,1.000000,0.000000,-0.500000,1.000000,0.000000,0.000000,0.000000,-0.500000,-0.500000,0.400000,0.000000,0.000000,0.000000,0.400000,0.000000,0.000000,0.000000
0.000000,-0.500000,1.000000,0.000000,-0.500000,1.000000,0.000000,0.000000,0.000000,-0.500000,-0.500000,0.400000,0.000000,0.000000,0.000000,0.400000,0.000000,0.000000,0.000000
0.000000,-0.500000,1.000000,0.000000,-0.500000,1.000000,0.000000,0.000000,0.000000,-0.500000,-0.500000,0.400000,0.000000,0.000000,0.000000,0.400000,0.000000,0.000000,0.000000
0.000000,-0.500000,1.000000,0.000000,-0.500000,1.000000,0.000000,0.000000,0.000000,-0.500000,-0.500000,0.400000,0.000000,0.000000,0.000000,0.400000,0.000000,0.000000,0.000000
0.000000,-0.500000,1.000000,0.000000,-0.500000,1.000000,0.000000,0.000000,0.000000,-0.500000,-0.500000,0.400000,0.000000,0.000000,0.000000,0.400000,0.000000,0.000000,0.000000
0.000000,-0.500000,1.000000,0.000000,-0.500000,1.000000,0.000000,0.000000,0.000000,-0.500000,-0.500000,0.400000,0.000000,0.000000,0.000000,0.400000,0.000000,0.000000,0.000000
0.000000,-0.500000,1.000000,0.000000,-0.500000,1.000000,0.000000,0.000000,0.000000,-0.500000,-0.500000,0.400000,0.000000,0.000000,0.000000,0.400000,0.000000,0.000000,0.000000
0.000000,-0.500000,1.000000,0.000000,-0.500000,1.000000,0.000000,0.000000,0.000000,-0.500000,-0.500000,0.400000,0.000000,0.000000,0.000000,0.400000,0.000000,0.000000,0.000000
0.000000,-0.500000,1.000000,0.000000,-0.500000,1.000000,0.000000,0.000000,0.000000,-0.500000,-0.500000,0.400000,0.000000,0.000000,0.000000,0.400000,0.000000,0.000000,0.000000
0.000000,-0.500000,1.000000,0.000000,-0.500000,1.000000,0.000000,0.000000,0.000000,-0.500000,-0.500000,0.400000,0.000000,0.000000,0.000000,0.400000,0.000000,0.000000,0.000000
0.000000,-0.500000,1.000000,0.000000,-0.500000,1.000000,0.000000,0.000000,0.000000,-0.500000,-0.500000,0.400000,0.000000,0.000000,0.000000,0.400000,0.000000,0.000000,0.000000
0.000000,-0.500000,1.000000,0.000000,-0.500000,1.000000,0.000000,0.000000,0.000000,-0.500000,-0.500000,0.400000,0.000000,0.000000,0.000000,0.400000,0.000000,0.000000,0.000000
0.000000,-0.500000,1.000000,0.000000,-0.500000,1.000000,0.000000,0.000000,0.000000,-0.500000,-0.500000,0.400000,0.000000,0.000000,0.000000,0.400000,0.000000,0.000000,0.000000
0.000000,-0.500000,1.000000,0.000000,-0.500000,1.000000,0.000000,0.000000,0.000000,-0.500000,-0.500000,0.400000,0.000000,0.000000,0.000000,0.400000,0.000000,0.000000,0.000000
0.000000,-0.500000,1.000000,0.000000,-0.500000,1.000000,0.000000,0.000000,0.000000,-0.500000,-0.500000,0.400000,0.000000,0.000000,0.000000,0.400000,0.000000,0.000000,0.000000
0.000000,-0.500000,1.000000,0.000000,-0.500000,1.000000,0.000000,0.000000,0.000000,-0.500000,-0.500000,0.400000,0.000000,0.000000,0.000000,0.400000,0.000000,0.000000,0.000000
0.000000,-0.500000,1.000000,0.000000,-0.500000,1.000000,0.000000,0.000000,0.000000,-0.500000,-0.500000,0.400000,0.000000,0.000000,0.000000,0.400000,0.000000,0.000000,0.000000
0.000000,-0.500000,1.000000,0.000000,-0.500000,1.000000,0.000000,0.000000,0.000000,-0.500000,-0.500000,0.400000,0.000000,0.000000,0.000000,0.400000,0.000000,0.000000,0.000000
0.000000,-0.500000,1.000000,0.000000,-0.500000,1.000000,0.000000,0.000000,0.000000,-0.500000,-0.500000,0.400000,0.000000,0.000000,0.000000,0.400000,0.000000,0.000000,0.000000
0.000000,-0.500000,1.000000,0.000000,-0.500000,1.000000,0.000000,0.000000,0.000000,-0.500000,-0.500000,0.400000,0.000000,0.000000,0.000000,0.400000,0.000000,0.000000,0.000000
0.000000,-0.500000,1.000000,0.000000,-0.500000,1.000000,0.000000,0.000000,0.000000,-0.500000,-0.500000,0.400000,0.000000,0.000000,0.000000,0.400000,0.000000,0.000000,0.000000
0.000000,-0.500000,1.000000,0.000000,-0.500000,1.000000,0.000000,0.000000,0.000000,-0.500000,-0.500000,0.400000,0.000000,0.000000,0.000000,0.400000,0.000000,0.000000,0.000000
0.000000,-0.500000,1.000000,0.000000,-0.500000,1.000000,0.000000,0.000000,0.000000,-0.500000,-0.500000,0.400000,0.000000,0.000000,0.000000,0.400000,0.000000,0.000000,0.000000
0.000000,-0.500000,1.000000,0.000000,-0.500000,1.000000,0.000000,0.000000,0.000000,-0.500000,-0.500000,0.400000,0.000000,0.000000,0.000000,0.400000,0.000000,0.000000,0.000000
0.000000,-0.500000,1.000000,0.000000,-0.500000,1.000000,0.000000,0.000000,0.000000,-0.500000,-0.500000,0.400000,0.000000,0.000000,0.000000,0.400000,0.000000,0.000000,0.000000
0.000000,-0.500000,1.000000,0.000000,-0.500000,1.000000,0.000000,0.000000,0.000000,-0.500000,-0.500000,0.400000,0.000000,0.000000,0.000000,0.400000,0.000000,0.000000,0.000000
0.000000,-0.500000,1.000000,0.000000,-0.500000,1.000000,0.000000,0.000000,0.000000,-0.500000,-0.500000,0.400000,0.000000,0.000000,0.000000,0.400000,0.000000,0.000000,0.000000
0.000000,-0.500000,1.000000,0.000000,-0.500000,1.000000,0.000000,0.000000,0.000000,-0.500000,-0.500000,0.400000,0.000000,0.000000,0.000000,0.400000,0.000000,0.000000,0.000000
0.000000,-0.500000,1.000000,0.000000,-0.500000,1.000000,0.000000,0.000000,0.000000,-0.500000,-0.500000,0.400000,0.000000,0.000000,0.000000,0.400000,0.000000,0.000000,0.000000
0.000000,-0.500000,1.000000,0.000000,-0.500000,1.000000,0.000000,0.000000,0.000000,-0.500000,-0.500000,0.400000,0.000000,0.000000,0.000000,0.400000,0.000000,0.000000,0.000000
0.000000,-0.500000,1.000000,0.000000,-0.500000,1.000000,0.000000,0.000000,0.000000,-0.500000,-0.500000,0.400000,0.000000,0.000000,0.000000,0.400000,0.000000,0.000000,0.000000
0.000000,-0.500000,1.000000,0.000000,-0.500000,1.000000,0.000000,0.000000,0.000000,-0.500000,-0.500000,0.400000,0.000000,0.000000,0.000000,0.400000,0.000000,0.000000,0.000000
0.000000,-0.500000,1.000000,0.000000,-0.500000,1.000000,0.000000,0.000000,0.000000,-0.500000,-0.500000,0.400000,0.000000,0.000000,0.000000,0.400000,0.000000,0.000000,0.000000
0.000000,-0.500000,1.000000,0.000000,-0.500000,1.000000,0.000000,0.000000,0.000000,-0.500000,-0.500000,0.400000,0.000000,0.000000,0.000000,0.400000,0.000000,0.000000,0.000000
0.000000,-0.500000,1.000000,0.000000,-0.500000,1.000000,0.000000,0.000000,0.000000,-0.500000,-0.500000,0.400000,0.000000,0.000000,0.000000,0.400000,0.000000,0.000000,0.000000
0.000000,-0.500000,1.000000,0.000000,-0.500000,1.000000,0.000000,0.000000,0.000000,-0.500000,-0.500000,0.400000,0.000000,0.000000,0.000000,0.400000,0.000000,0.000000,0.000000
0.000000,-0.500000,1.000000,0.000000,-0.500000,1.000000,0.000000,0.000000,0.000000,-0.500000,-0.500000,0.400000,0.000000,0.000000,0.000000,0.400000,0.000000,0.000000,0.000000
0.000000,-0.500000,1.000000,0.000000,-0.500000,1.000000,0.000000,0.000000,0.000000,-0.500000,-0.500000,0.400000,0.000000,0.000000,0.000000,0.400000,0.000000,0.000000,0.000000
0.000000,-0.500000,1.000000,0.000000,-0.500000,1.000000,0.000000,0.000000,0.000000,-0.500000,-0.500000,0.400000,0.000000,0.000000,0.000000,0.400000,0.000000,0.000000,0.000000
0.000000,-0.500000,1.000000,0.000000,-0.500000,1.000000,0.000000,0.000000,0.000000,-0.500000,-0.500000,0.400000,0.000000,0.000000,0.000000,0.400000,0.000000,0.000000,0.000000
0.000000,-0.500000,1.000000,0.000000,-0.500000,1.000000,0.000000,0.000000,0.000000,-0.500000,-0.500000,0.400000,0.000000,0.000000,0.000000,0.400000,0.000000,0.000000,0.000000
0.000000,-0.500000,1.000000,0.000000,-0.500000,1.000000,0.000000,0.000000,0.000000,-0.500000,-0.500000,0.400000,0.000000,0.000000,0.000000,0.400000,0.000000,0.000000,0.000000
0.000000,-0.500000,1.000000,0.000000,-0.500000,1.000000,0.000000,0.000000,0.000000,-0.500000,-0.500000,0.400000,0.000000,0.000000,0.000000,0.400000,0.000000,0.000000,0.000000
0.000000,-0.500000,1.000000,0.000000,-0.500000,1.000000,0.000000,0.000000,0.000000,-0.500000,-0.500000,0.400000,0.000000,0.000000,0.000000,0.400000,0.000000,0.000000,0.000000
0.000000,-0.500000,1.000000,0.000000,-0.500000,1.000000,0.000000,0.000000,0.000000,-0.500000,-0.500000,0.400000,0.000000,0.000000,0.000000,0.400000,0.000000,0.000000,0.000000
0.000000,-0.500000,1.000000,0.000000,-0.500000,1.000000,0.000000,0.000000,0.000000,-0.500000,-0.500000,0.400000,0.000000,0.000000,0.000000,0.400000,0.000000,0.000000,0.000000
0.000000,-0.500000,1.000000,0.000000,-0.500000,1.000000,0.000000,0.000000,0.000000,-0.500000,-0.500000,0.400000,0.000000,0.000000,0.000000,0.400000,0.000000,0.000000,0.000000
0.000000,-0.500000,1.000000,0.000000,-0.500000,1.000000,0.000000,0.000000,0.000000,-0.500000,-0.500000,0.400000,0.000000,0.000000,0.000000,0.400000,0.000000,0.000000,0.000000
0.000000,-0.500000,1.000000,0.000000,-0.500000,1.000000,0.000000,0.000000,0.000000,-0.500000,-0.500000,0.400000,0.000000,0.000000,0.000000,0.400000,0.000000,0.000000,0.000000
0.000000,-0.500000,1.000000,0.000000,-0.500000,1.000000,0.000000,0.000000,0.000000,-0.500000,-0.500000,0.400000,0.000000,0.000000,0.000000,0.400000,0.000000,0.000000,0.000000
0.000000,-0.500000,1.000000,0.000000,-0.500000,1.000000,0.000000,0.000000,0.000000,-0.500000,-0.500000,0.400000,0.000000,0.000000,0.000000,0.400000,0.000000,0.000000,0.000000
0.000000,-0.500000,1.000000,0.000000,-0.500000,1.000000,0.000000,0.000000,0.000000,-0.500000,-0.500000,0.400000,0.000000,0.000000,0.000000,0.400000,0.000000,0.000000,0.000000
0.000000,-0.500000,1.000000,0.000000,-0.500000,1.000000,0.000000,0.000000,0.000000,-0.500000,-0.500000,0.400000,0.000000,0.000000,0.000000,0.400000,0.000000,0.000000,0.000000
0.000000,-0.500000,1.000000,0.000000,-0.500000,1.000000,0.000000,0.000000,0.000000,-0.500000,-0.500000,0.400000,0.000000,0.000000,0.000000,0.400000,0.000000,0.000000,0.000000
0.000000,-0.500000,1.000000,0.000000,-0.500000,1.000000,0.000000,0.000000,0.000000,-0.500000,-0.500000,0.400000,0.000000,0.000000,0.000000,0.400000,0.000000,0.000000,0.000000
0.000000,-0.500000,1.000000,0.000000,-0.500000,1.000000,0.000000,0.000000,0.000000,-0.500000,-0.500000,0.400000,0.000000,0.000000,0.000000,0.400000,0.000000,0.000000,0.000000
0.000000,-0.500000,1.000000,0.000000,-0.500000,1.000000,0.000000,0.000000,0.000000,-0.500000,-0.500000,0.400000,0.000000,0.000000,0.000000,0.400000,0.000000,0.000000,0.000000
0.000000,-0.500000,1.000000,0.000000,-0.500000,1.000000,0.000000,0.000000,0.000000,-0.500000,-0.500000,0.400000,0.000000,0.000000,0.000000,0.400000,0.000000,0.000000,0.000000
0.000000,-0.500000,1.000000,0.000000,-0.500000,1.000000,0.000000,0.000000,0.000000,-0.500000,-0.500000,0.400000,0.000000,0.000000,0.000000,0.400000,0.000000,0.000000,0.000000
0.000000,-0.500000,1.000000,0.000000,-0.500000,1.000000,0.000000,0.000000,0.000000,-0.500000,-0.500000,0.400000,0.000000,0.000000,0.000000,0.400000,0.000000,0.000000,0.000000
0.000000,-0.500000,1.000000,0.000000,-0.500000,1.000000,0.000000,0.000000,0.000000,-0.500000,-0.500000,0.400000,0.000000,0.000000,0.000000,0.400000,0.000000,0.000000,0.000000
0.000000,-0.500000,1.000000,0.000000,-0.500000,1.000000,0.000000,0.000000,0.000000,-0.500000,-0.500000,0.400000,0.000000,0.000000,0.000000,0.400000,0.000000,0.000000,0.000000
0.000000,-0.500000,1.000000,0.000000,-0.500000,1.000000,0.000000,0.000000,0.000000,-0.500000,-0.500000,0.400000,0.000000,0.000000,0.000000,0.400000,0.000000,0.000000,0.000000
0.000000,-0.500000,1.000000,0.000000,-0.500000,1.000000,0.000000,0.000000,0.000000,-0.500000,-0.500000,0.400000,0.000000,0.000000,0.000000,0.400000,0.000000,0.000000,0.000000
0.000000,-0.500000,1.000000,0.000000,-0.500000,1.000000,0.000000,0.000000,0.000000,-0.500000,-0.500000,0.400000,0.000000,0.000000,0.000000,0.400000,0.000000,0.000000,0.000000
0.000000,-0.500000,1.000000,0.000000,-0.500000,1.000000,0.000000,0.000000,0.000000,-0.500000,-0.500000,0.400000,0.000000,0.000000,0.000000,0.400000,0.000000,0.000000,0.000000
0.000000,-0.500000,1.000000,0.000000,-0.500000,1.000000,0.000000,0.000000,0.000000,-0.500000,-0.500000,0.400000,0.000000,0.000000,0.000000,0.400000,0.000000,0.000000,0.000000
0.000000,-0.500000,1.000000,0.000000,-0.500000,1.000000,0.000000,0.000000,0.000000,-0.500000,-0.500000,0.400000,0.000000,0.000000,0.000000,0.400000,0.000000,0.000000,0.000000
0.000000,-0.500000,1.000000,0.000000,-0.500000,1.000000,0.000000,0.000000,0.000000,-0.500000,-0.500000,0.400000,0.000000,0.000000,0.000000,0.400000,0.000000,0.000000,0.000000
0.000000,-0.500000,1.000000,0.000000,-0.500000,1.000000,0.000000,0.000000,0.000000,-0.500000,-0.500000,0.400000,0.000000,0.000000,0.000000,0.400000,0.000000,0.000000,0.000000
0.000000,-0.500000,1.000000,0.000000,-0.500000,1.000000,0.000000,0.000000,0.000000,-0.500000,-0.500000,0.400000,0.000000,0.000000,0.000000,0.400000,0.000000,0.000000,0.000000
0.000000,-0.500000,1.000000,0.000000,-0.500000,1.000000,0.000000,0.000000,0.000000,-0.500000,-0.500000,0.400000,0.000000,0.000000,0.000000,0.400000,0.000000,0.000000,0.000000
0.000000,-0.500000,1.000000,0.000000,-0.500000,1.000000,0.000000,0.000000,0.000000,-0.500000,-0.500000,0.400000,0.000000,0.000000,0.000000,0.400000,0.000000,0.000000,0.000000
0.000000,-0.500000,1.000000,0.000000,-0.500000,1.000000,0.000000,0.000000,0.000000,-0.500000,-0.500000,0.400000,0.000000,0.000000,0.000000,0.400000,0.000000,0.000000,0.000000
0.000000,-0.500000,1.000000,0.000000,-0.500000,1.000000,0.000000,0.000000,0.000000,-0.500000,-0.500000,0.400000,0.000000,0.000000,0.000000,0.400000,0.000000,0.000000,0.000000
0.000000,-0.500000,1.000000,0.000000,-0.500000,1.000000,0.000000,0.000000,0.000000,-0.500000,-0.500000,0.400000,0.000000,0.000000,0.000000,0.400000,0.000000,0.000000,0.000000
0.000000,-0.500000,1.000000,0.000000,-0.500000,1.000000,0.000000,0.000000,0.000000,-0.500000,-0.500000,0.400000,0.000000,0.000000,0.000000,0.400000,0.000000,0.000000,0.000000
0.000000,-0.500000,1.000000,0.000000,-0.500000,1.000000,0.000000,0.000000,0.000000,-0.500000,-0.500000,0.400000,0.000000,0.000000,0.000000,0.400000,0.000000,0.000000,0.000000
0.000000,-0.500000,1.000000,0.000000,-0.500000,1.000000,0.000000,0.000000,0.000000,-0.500000,-0.500000,0.400000,0.000000,0.000000,0.000000,0.400000,0.000000,0.000000,0.000000
0.000000,-0.500000,1.000000,0.000000,-0.500000,1.000000,0.000000,0.000000,0.000000,-0.500000,-0.500000,0.400000,0.000000,0.000000,0.000000,0.400000,0.000000,0.000000,0.000000
0.000000,-0.500000,1.000000,0.000000,-0.500000,1.000000,0.000000,0.000000,0.000000,-0.500000,-0.500000,0.400000,0.000000,0.000000,0.000000,0.400000,0.000000,0.000000,0.000000
0.000000,-0.500000,1.000000,0.000000,-0.500000,1.000000,0.000000,0.000000,0.000000,-0.500000,-0.500000,0.400000,0.000000,0.000000,0.000000,0.400000,0.000000,0.000000,0.000000
0.000000,-0.500000,1.000000,0.000000,-0.500000,1.000000,0.000000,0.000000,0.000000,-0.500000,-0.500000,0.400000,0.000000,0.000000,0.000000,0.400000,0.000000,0.000000,0.000000
0.000000,-0.500000,1.000000,0.000000,-0.500000,1.000000,0.000000,0.000000,0.000000,-0.500000,-0.500000,0.400000,0.000000,0.000000,0.000000,0.400000,0.000000,0.000000,0.000000
0.000000,-0.500000,1.000000,0.000000,-0.500000,1.000000,0.000000,0.000000,0.000000,-0.500000,-0.500000,0.400000,0.000000,0.000000,0.000000,0.400000,0.000000,0.000000,0.000000
0.000000,-0.500000,1.000000,0.000000,-0.500000,1.000000,0.000000,0.000000,0.000000,-0.500000,-0.500000,0.400000,0.000000,0.000000,0.000000,0.400000,0.000000,0.000000,0.000000
0.000000,-0.500000,1.000000,0.000000,-0.500000,1.000000,0.000000,0.000000,0.000000,-0.500000,-0.500000,0.400000,0.000000,0.000000,0.000000,0.400000,0.000000,0.000000,0.000000
0.000000,-0.500000,1.000000,0.000000,-0.500000,1.000000,0.000000,0.000000,0.000000,-0.500000,-0.500000,0.400000,0.000000,0.000000,0.000000,0.400000,0.000000,0.000000,0.000000
0.000000,-0.500000,1.000000,0.000000,-0.500000,1.000000,0.000000,0.000000,0.000000,-0.500000,-0.500000,0.400000,0.000000,0.000000,0.000000,0.400000,0.000000,0.000000,0.000000
0.000000,-0.500000,1.000000,0.000000,-0.500000,1.000000,0.000000,0.000000,0.000000,-0.500000,-0.500000,0.400000,0.000000,0.000000,0.000000,0.400000,0.000000,0.000000,0.000000
0.000000,-0.500000,1.000000,0.000000,-0.500000,1.000000,0.000000,0.000000,0.000000,-0.500000,-0.500000,0.400000,0.000000,0.000000,0.000000,0.400000,0.000000,0.000000,0.000000
0.000000,-0.500000,1.000000,0.000000,-0.500000,1.000000,0.000000,0.000000,0.000000,-0.500000,-0.500000,0.400000,0.000000,0.000000,0.000000,0.400000,0.000000,0.000000,0.000000
0.000000,-0.500000,1.000000,0.000000,-0.500000,1.000000,0.000000,0.000000,0.000000,-0.500000,-0.500000,0.400000,0.000000,0.000000,0.000000,0.400000,0.000000,0.000000,0.000000
0.000000,-0.500000,1.000000,0.000000,-0.500000,1.000000,0.000000,0.000000,0.000000,-0.500000,-0.500000,0.400000,0.000000,0.000000,0.000000,0.400000,0.000000,0.000000,0.000000
0.000000,-0.500000,1.000000,0.000000,-0.500000,1.000000,0.000000,0.000000,0.000000,-0.500000,-0.500000,0.400000,0.000000,0.000000,0.000000,0.400000,0.000000,0.000000,0.000000
0.000000,-0.500000,1.000000,0.000000,-0.500000,1.000000,0.000000,0.000000,0.000000,-0.500000,-0.500000,0.400000,0.000000,0.000000,0.000000,0.400000,0.000000,0.000000,0.000000
0.000000,-0.500000,1.000000,0.000000,-0.500000,1.000000,0.000000,0.000000,0.000000,-0.500000,-0.500000,0.400000,0.000000,0.000000,0.000000,0.400000,0.000000,0.000000,0.000000
0.000000,-0.500000,1.000000,0.000000,-0.500000,1.000000,0.000000,0.000000,0.000000,-0.500000,-0.500000,0.400000,0.000000,0.000000,0.000000,0.400000,0.000000,0.000000,0.000000
0.000000,-0.500000,1.000000,0.000000,-0.500000,1.000000,0.000000,0.000000,0.000000,-0.500000,-0.500000,0.400000,0.000000,0.000000,0.000000,0.400000,0.000000,0.000000,0.000000
0.000000,-0.500000,1.000000,0.000000,-0.500000,1.000000,0.000000,0.000000,0.000000,-0.500000,-0.500000,0.400000,0.000000,0.000000,0.000000,0.400000,0.000000,0.000000,0.000000
0.000000,-0.500000,1.000000,0.000000,-0.500000,1.000000,0.000000,0.000000,0.000000,-0.500000,-0.500000,0.400000,0.000000,0.000000,0.000000,0.400000,0.000000,0.000000,0.000000
